alignment_gaps_94_2000_10000_0.001_0_0_divergent.bed	44802835	35639805	45641000
alignment_gaps_94_2000_10000_0.002_0_0_divergent.bed	43547238	35474223	45641000
alignment_gaps_94_2000_10000_0.003_0_0_divergent.bed	41996126	34625944	45641000
alignment_gaps_94_2000_10000_0.004_0_0_divergent.bed	41380710	34467908	45641000
alignment_gaps_94_2000_10000_0.005_0_0_divergent.bed	40272500	33721261	45641000
alignment_gaps_94_2000_15000_0.001_0_0_divergent.bed	41068692	33901377	45641000
alignment_gaps_94_2000_15000_0.002_0_0_divergent.bed	40002691	33744565	45641000
alignment_gaps_94_2000_15000_0.003_0_0_divergent.bed	38545675	32909836	45641000
alignment_gaps_94_2000_15000_0.004_0_0_divergent.bed	38064803	32765813	45641000
alignment_gaps_94_2000_15000_0.005_0_0_divergent.bed	37127370	32065944	45641000
alignment_gaps_94_2000_5000_0.001_0_0_divergent.bed	52488927	37088194	45641000
alignment_gaps_94_2000_5000_0.002_0_0_divergent.bed	50570277	36857806	45641000
alignment_gaps_94_2000_5000_0.003_0_0_divergent.bed	48393750	35975510	45641000
alignment_gaps_94_2000_5000_0.004_0_0_divergent.bed	47365801	35811218	45641000
alignment_gaps_94_2000_5000_0.005_0_0_divergent.bed	45840948	35064571	45641000
alignment_gaps_94_3000_10000_0.001_0_0_divergent.bed	51191277	37528069	45641000
alignment_gaps_94_3000_10000_0.002_0_0_divergent.bed	49584605	37276999	45641000
alignment_gaps_94_3000_10000_0.003_0_0_divergent.bed	47839268	36746569	45641000
alignment_gaps_94_3000_10000_0.004_0_0_divergent.bed	47118218	36567442	45641000
alignment_gaps_94_3000_10000_0.005_0_0_divergent.bed	45767449	35839100	45641000
alignment_gaps_94_3000_15000_0.001_0_0_divergent.bed	45254438	35952621	45641000
alignment_gaps_94_3000_15000_0.002_0_0_divergent.bed	44030941	35710551	45641000
alignment_gaps_94_3000_15000_0.003_0_0_divergent.bed	42684643	35193671	45641000
alignment_gaps_94_3000_15000_0.004_0_0_divergent.bed	42183904	35040557	45641000
alignment_gaps_94_3000_15000_0.005_0_0_divergent.bed	41176882	34350423	45641000
alignment_gaps_94_3000_5000_0.001_0_0_divergent.bed	63586620	38690909	45641000
alignment_gaps_94_3000_5000_0.002_0_0_divergent.bed	60810026	38375033	45641000
alignment_gaps_94_3000_5000_0.003_0_0_divergent.bed	57854263	37814472	45641000
alignment_gaps_94_3000_5000_0.004_0_0_divergent.bed	56243905	37621419	45641000
alignment_gaps_94_3000_5000_0.005_0_0_divergent.bed	54076233	36886407	45641000
alignment_gaps_94_4000_10000_0.001_0_0_divergent.bed	61840773	38530971	45641000
alignment_gaps_94_4000_10000_0.002_0_0_divergent.bed	59343282	38239686	45641000
alignment_gaps_94_4000_10000_0.003_0_0_divergent.bed	57042333	37863919	45641000
alignment_gaps_94_4000_10000_0.004_0_0_divergent.bed	55729057	37552833	45641000
alignment_gaps_94_4000_10000_0.005_0_0_divergent.bed	53761647	36958338	45641000
alignment_gaps_94_4000_15000_0.001_0_0_divergent.bed	51742779	37056536	45641000
alignment_gaps_94_4000_15000_0.002_0_0_divergent.bed	49953391	36774251	45641000
alignment_gaps_94_4000_15000_0.003_0_0_divergent.bed	48565040	36415466	45641000
alignment_gaps_94_4000_15000_0.004_0_0_divergent.bed	47869685	36130393	45641000
alignment_gaps_94_4000_15000_0.005_0_0_divergent.bed	46561439	35574106	45641000
alignment_gaps_94_4000_5000_0.001_0_0_divergent.bed	79200467	39533070	45641000
alignment_gaps_94_4000_5000_0.002_0_0_divergent.bed	75162347	39184625	45641000
alignment_gaps_94_4000_5000_0.003_0_0_divergent.bed	70998048	38775442	45641000
alignment_gaps_94_4000_5000_0.004_0_0_divergent.bed	68006049	38442031	45641000
alignment_gaps_94_4000_5000_0.005_0_0_divergent.bed	64459102	37847536	45641000
alignment_gaps_94_5000_10000_0.001_0_0_divergent.bed	76346206	39566351	45641000
alignment_gaps_94_5000_10000_0.002_0_0_divergent.bed	73809890	39463363	45641000
alignment_gaps_94_5000_10000_0.003_0_0_divergent.bed	70414593	39057445	45641000
alignment_gaps_94_5000_10000_0.004_0_0_divergent.bed	67534917	38635331	45641000
alignment_gaps_94_5000_10000_0.005_0_0_divergent.bed	64031950	38016836	45641000
alignment_gaps_94_5000_15000_0.001_0_0_divergent.bed	62533990	38256492	45641000
alignment_gaps_94_5000_15000_0.002_0_0_divergent.bed	60795812	38162504	45641000
alignment_gaps_94_5000_15000_0.003_0_0_divergent.bed	58680039	37777997	45641000
alignment_gaps_94_5000_15000_0.004_0_0_divergent.bed	57087034	37381896	45641000
alignment_gaps_94_5000_15000_0.005_0_0_divergent.bed	54711950	36801609	45641000
alignment_gaps_94_5000_5000_0.001_0_0_divergent.bed	98107920	40385675	45641000
alignment_gaps_94_5000_5000_0.002_0_0_divergent.bed	93286958	40232080	45641000
alignment_gaps_94_5000_5000_0.003_0_0_divergent.bed	87319494	39792746	45641000
alignment_gaps_94_5000_5000_0.004_0_0_divergent.bed	81866478	39343319	45641000
alignment_gaps_94_5000_5000_0.005_0_0_divergent.bed	76133968	38724824	45641000
alignment_gaps_94.5_2000_10000_0.001_0_0_divergent.bed	46491369	36566259	45641000
alignment_gaps_94.5_2000_10000_0.002_0_0_divergent.bed	45207267	36371017	45641000
alignment_gaps_94.5_2000_10000_0.003_0_0_divergent.bed	43704155	35545574	45641000
alignment_gaps_94.5_2000_10000_0.004_0_0_divergent.bed	43051755	35387538	45641000
alignment_gaps_94.5_2000_10000_0.005_0_0_divergent.bed	41968548	34656627	45641000
alignment_gaps_94.5_2000_15000_0.001_0_0_divergent.bed	42704619	34966884	45641000
alignment_gaps_94.5_2000_15000_0.002_0_0_divergent.bed	41610113	34780412	45641000
alignment_gaps_94.5_2000_15000_0.003_0_0_divergent.bed	40201097	33968519	45641000
alignment_gaps_94.5_2000_15000_0.004_0_0_divergent.bed	39673064	33824496	45641000
alignment_gaps_94.5_2000_15000_0.005_0_0_divergent.bed	38763032	33140363	45641000
alignment_gaps_94.5_2000_5000_0.001_0_0_divergent.bed	54703748	37906993	45641000
alignment_gaps_94.5_2000_5000_0.002_0_0_divergent.bed	52756271	37646945	45641000
alignment_gaps_94.5_2000_5000_0.003_0_0_divergent.bed	50636986	36787485	45641000
alignment_gaps_94.5_2000_5000_0.004_0_0_divergent.bed	49555455	36623193	45641000
alignment_gaps_94.5_2000_5000_0.005_0_0_divergent.bed	48024429	35892282	45641000
alignment_gaps_94.5_3000_10000_0.001_0_0_divergent.bed	52435396	37971795	45641000
alignment_gaps_94.5_3000_10000_0.002_0_0_divergent.bed	50875699	37750250	45641000
alignment_gaps_94.5_3000_10000_0.003_0_0_divergent.bed	49185646	37257656	45641000
alignment_gaps_94.5_3000_10000_0.004_0_0_divergent.bed	48423042	37078570	45641000
alignment_gaps_94.5_3000_10000_0.005_0_0_divergent.bed	46957887	36296703	45641000
alignment_gaps_94.5_3000_15000_0.001_0_0_divergent.bed	46513589	36479698	45641000
alignment_gaps_94.5_3000_15000_0.002_0_0_divergent.bed	45337067	36267153	45641000
alignment_gaps_94.5_3000_15000_0.003_0_0_divergent.bed	44046053	35788109	45641000
alignment_gaps_94.5_3000_15000_0.004_0_0_divergent.bed	43506107	35635036	45641000
alignment_gaps_94.5_3000_15000_0.005_0_0_divergent.bed	42372580	34891377	45641000
alignment_gaps_94.5_3000_5000_0.001_0_0_divergent.bed	65141604	39083282	45641000
alignment_gaps_94.5_3000_5000_0.002_0_0_divergent.bed	62424135	38796931	45641000
alignment_gaps_94.5_3000_5000_0.003_0_0_divergent.bed	59537554	38274206	45641000
alignment_gaps_94.5_3000_5000_0.004_0_0_divergent.bed	57915030	38081194	45641000
alignment_gaps_94.5_3000_5000_0.005_0_0_divergent.bed	55635019	37292657	45641000
alignment_gaps_94.5_4000_10000_0.001_0_0_divergent.bed	63072153	38900818	45641000
alignment_gaps_94.5_4000_10000_0.002_0_0_divergent.bed	60621637	38639058	45641000
alignment_gaps_94.5_4000_10000_0.003_0_0_divergent.bed	58352783	38286127	45641000
alignment_gaps_94.5_4000_10000_0.004_0_0_divergent.bed	57049684	37975041	45641000
alignment_gaps_94.5_4000_10000_0.005_0_0_divergent.bed	54967717	37327021	45641000
alignment_gaps_94.5_4000_15000_0.001_0_0_divergent.bed	52961891	37490374	45641000
alignment_gaps_94.5_4000_15000_0.002_0_0_divergent.bed	51219478	37237614	45641000
alignment_gaps_94.5_4000_15000_0.003_0_0_divergent.bed	49863222	36901665	45641000
alignment_gaps_94.5_4000_15000_0.004_0_0_divergent.bed	49167867	36616592	45641000
alignment_gaps_94.5_4000_15000_0.005_0_0_divergent.bed	47735466	36006780	45641000
alignment_gaps_94.5_4000_5000_0.001_0_0_divergent.bed	80429334	39839909	45641000
alignment_gaps_94.5_4000_5000_0.002_0_0_divergent.bed	76438189	39520989	45641000
alignment_gaps_94.5_4000_5000_0.003_0_0_divergent.bed	72320988	39141822	45641000
alignment_gaps_94.5_4000_5000_0.004_0_0_divergent.bed	69353412	38808411	45641000
alignment_gaps_94.5_4000_5000_0.005_0_0_divergent.bed	65709639	38160391	45641000
alignment_gaps_94.5_5000_10000_0.001_0_0_divergent.bed	77225685	39878117	45641000
alignment_gaps_94.5_5000_10000_0.002_0_0_divergent.bed	74706207	39775129	45641000
alignment_gaps_94.5_5000_10000_0.003_0_0_divergent.bed	71350227	39399211	45641000
alignment_gaps_94.5_5000_10000_0.004_0_0_divergent.bed	68470551	38977097	45641000
alignment_gaps_94.5_5000_10000_0.005_0_0_divergent.bed	64902132	38328602	45641000
alignment_gaps_94.5_5000_15000_0.001_0_0_divergent.bed	63526776	38627203	45641000
alignment_gaps_94.5_5000_15000_0.002_0_0_divergent.bed	61805436	38533215	45641000
alignment_gaps_94.5_5000_15000_0.003_0_0_divergent.bed	59741459	38178708	45641000
alignment_gaps_94.5_5000_15000_0.004_0_0_divergent.bed	58148454	37782607	45641000
alignment_gaps_94.5_5000_15000_0.005_0_0_divergent.bed	55707918	37172320	45641000
alignment_gaps_94.5_5000_5000_0.001_0_0_divergent.bed	98903744	40643127	45641000
alignment_gaps_94.5_5000_5000_0.002_0_0_divergent.bed	94099620	40489532	45641000
alignment_gaps_94.5_5000_5000_0.003_0_0_divergent.bed	88186476	40087378	45641000
alignment_gaps_94.5_5000_5000_0.004_0_0_divergent.bed	82749106	39637951	45641000
alignment_gaps_94.5_5000_5000_0.005_0_0_divergent.bed	76960566	38989456	45641000
alignment_gaps_94.5_6000_10000_0.001_0_0_divergent.bed	96057697	40724783	45641000
alignment_gaps_94.5_6000_10000_0.002_0_0_divergent.bed	92593894	40624795	45641000
alignment_gaps_94.5_6000_10000_0.003_0_0_divergent.bed	87866236	40317344	45641000
alignment_gaps_94.5_6000_10000_0.004_0_0_divergent.bed	82623294	39883185	45641000
alignment_gaps_94.5_6000_10000_0.005_0_0_divergent.bed	77554946	39205782	45641000
alignment_gaps_94.5_6000_15000_0.001_0_0_divergent.bed	78499781	39642243	45641000
alignment_gaps_94.5_6000_15000_0.002_0_0_divergent.bed	76407972	39551255	45641000
alignment_gaps_94.5_6000_15000_0.003_0_0_divergent.bed	73672003	39260786	45641000
alignment_gaps_94.5_6000_15000_0.004_0_0_divergent.bed	70486823	38840640	45641000
alignment_gaps_94.5_6000_15000_0.005_0_0_divergent.bed	67151847	38190216	45641000
alignment_gaps_94.5_6000_5000_0.001_0_0_divergent.bed	121552563	41363524	45641000
alignment_gaps_94.5_6000_5000_0.002_0_0_divergent.bed	114752549	41212929	45641000
alignment_gaps_94.5_6000_5000_0.003_0_0_divergent.bed	106320216	40892601	45641000
alignment_gaps_94.5_6000_5000_0.004_0_0_divergent.bed	97700889	40436819	45641000
alignment_gaps_94.5_6000_5000_0.005_0_0_divergent.bed	89740222	39759416	45641000
alignment_gaps_94_6000_10000_0.001_0_0_divergent.bed	95351770	40488036	45641000
alignment_gaps_94_6000_10000_0.002_0_0_divergent.bed	91871129	40388048	45641000
alignment_gaps_94_6000_10000_0.003_0_0_divergent.bed	87104154	40050597	45641000
alignment_gaps_94_6000_10000_0.004_0_0_divergent.bed	81861212	39616438	45641000
alignment_gaps_94_6000_10000_0.005_0_0_divergent.bed	76847324	38969035	45641000
alignment_gaps_94_6000_15000_0.001_0_0_divergent.bed	77620869	39346359	45641000
alignment_gaps_94_6000_15000_0.002_0_0_divergent.bed	75512222	39255371	45641000
alignment_gaps_94_6000_15000_0.003_0_0_divergent.bed	72724457	38934902	45641000
alignment_gaps_94_6000_15000_0.004_0_0_divergent.bed	69539277	38514756	45641000
alignment_gaps_94_6000_15000_0.005_0_0_divergent.bed	66269753	37894332	45641000
alignment_gaps_94_6000_5000_0.001_0_0_divergent.bed	120934281	41154593	45641000
alignment_gaps_94_6000_5000_0.002_0_0_divergent.bed	114117429	41003998	45641000
alignment_gaps_94_6000_5000_0.003_0_0_divergent.bed	105637956	40653670	45641000
alignment_gaps_94_6000_5000_0.004_0_0_divergent.bed	97002983	40197888	45641000
alignment_gaps_94_6000_5000_0.005_0_0_divergent.bed	89087354	39550485	45641000
alignment_gaps_95_2000_10000_0.001_0_0_divergent.bed	48252862	37323373	45641000
alignment_gaps_95_2000_10000_0.002_0_0_divergent.bed	46946763	37128131	45641000
alignment_gaps_95_2000_10000_0.003_0_0_divergent.bed	45411754	36302688	45641000
alignment_gaps_95_2000_10000_0.004_0_0_divergent.bed	44885420	36171954	45641000
alignment_gaps_95_2000_10000_0.005_0_0_divergent.bed	43809723	35439054	45641000
alignment_gaps_95_2000_15000_0.001_0_0_divergent.bed	43902789	35552681	45641000
alignment_gaps_95_2000_15000_0.002_0_0_divergent.bed	42808283	35366209	45641000
alignment_gaps_95_2000_15000_0.003_0_0_divergent.bed	41381286	34554316	45641000
alignment_gaps_95_2000_15000_0.004_0_0_divergent.bed	40979319	34437595	45641000
alignment_gaps_95_2000_15000_0.005_0_0_divergent.bed	40069287	33753462	45641000
alignment_gaps_95_2000_5000_0.001_0_0_divergent.bed	57358009	38687363	45641000
alignment_gaps_95_2000_5000_0.002_0_0_divergent.bed	55382293	38427315	45641000
alignment_gaps_95_2000_5000_0.003_0_0_divergent.bed	53220805	37569608	45641000
alignment_gaps_95_2000_5000_0.004_0_0_divergent.bed	52244764	37432618	45641000
alignment_gaps_95_2000_5000_0.005_0_0_divergent.bed	50748661	36699718	45641000
alignment_gaps_95_3000_10000_0.001_0_0_divergent.bed	54258108	38560238	45641000
alignment_gaps_95_3000_10000_0.002_0_0_divergent.bed	52686986	38338693	45641000
alignment_gaps_95_3000_10000_0.003_0_0_divergent.bed	50972628	37846099	45641000
alignment_gaps_95_3000_10000_0.004_0_0_divergent.bed	50280759	37667013	45641000
alignment_gaps_95_3000_10000_0.005_0_0_divergent.bed	48837469	36902146	45641000
alignment_gaps_95_3000_15000_0.001_0_0_divergent.bed	47731175	36922183	45641000
alignment_gaps_95_3000_15000_0.002_0_0_divergent.bed	46554653	36709638	45641000
alignment_gaps_95_3000_15000_0.003_0_0_divergent.bed	45239334	36230594	45641000
alignment_gaps_95_3000_15000_0.004_0_0_divergent.bed	44770123	36077521	45641000
alignment_gaps_95_3000_15000_0.005_0_0_divergent.bed	43649369	35350862	45641000
alignment_gaps_95_3000_5000_0.001_0_0_divergent.bed	67440568	39689956	45641000
alignment_gaps_95_3000_5000_0.002_0_0_divergent.bed	64746669	39403605	45641000
alignment_gaps_95_3000_5000_0.003_0_0_divergent.bed	61867983	38882633	45641000
alignment_gaps_95_3000_5000_0.004_0_0_divergent.bed	60322847	38689621	45641000
alignment_gaps_95_3000_5000_0.005_0_0_divergent.bed	58096264	37918084	45641000
alignment_gaps_95_4000_10000_0.001_0_0_divergent.bed	64556172	39384876	45641000
alignment_gaps_95_4000_10000_0.002_0_0_divergent.bed	62106887	39123116	45641000
alignment_gaps_95_4000_10000_0.003_0_0_divergent.bed	59826712	38770185	45641000
alignment_gaps_95_4000_10000_0.004_0_0_divergent.bed	58537931	38459099	45641000
alignment_gaps_95_4000_10000_0.005_0_0_divergent.bed	56470678	37828079	45641000
alignment_gaps_95_4000_15000_0.001_0_0_divergent.bed	54295898	38017592	45641000
alignment_gaps_95_4000_15000_0.002_0_0_divergent.bed	52553485	37764832	45641000
alignment_gaps_95_4000_15000_0.003_0_0_divergent.bed	51172324	37428883	45641000
alignment_gaps_95_4000_15000_0.004_0_0_divergent.bed	50502567	37143810	45641000
alignment_gaps_95_4000_15000_0.005_0_0_divergent.bed	49099119	36550998	45641000
alignment_gaps_95_4000_5000_0.001_0_0_divergent.bed	82142620	40283228	45641000
alignment_gaps_95_4000_5000_0.002_0_0_divergent.bed	78187689	39964308	45641000
alignment_gaps_95_4000_5000_0.003_0_0_divergent.bed	74071097	39592321	45641000
alignment_gaps_95_4000_5000_0.004_0_0_divergent.bed	71127965	39261578	45641000
alignment_gaps_95_4000_5000_0.005_0_0_divergent.bed	67508456	38630558	45641000
alignment_gaps_95_5000_10000_0.001_0_0_divergent.bed	78285374	40193613	45641000
alignment_gaps_95_5000_10000_0.002_0_0_divergent.bed	75778552	40090625	45641000
alignment_gaps_95_5000_10000_0.003_0_0_divergent.bed	72435721	39714707	45641000
alignment_gaps_95_5000_10000_0.004_0_0_divergent.bed	69505376	39292593	45641000
alignment_gaps_95_5000_10000_0.005_0_0_divergent.bed	66074983	38661098	45641000
alignment_gaps_95_5000_15000_0.001_0_0_divergent.bed	64708824	38935464	45641000
alignment_gaps_95_5000_15000_0.002_0_0_divergent.bed	62987484	38841476	45641000
alignment_gaps_95_5000_15000_0.003_0_0_divergent.bed	60922683	38486969	45641000
alignment_gaps_95_5000_15000_0.004_0_0_divergent.bed	59290289	38090868	45641000
alignment_gaps_95_5000_15000_0.005_0_0_divergent.bed	56959915	37497581	45641000
alignment_gaps_95_5000_5000_0.001_0_0_divergent.bed	99975803	40933463	45641000
alignment_gaps_95_5000_5000_0.002_0_0_divergent.bed	95181285	40779868	45641000
alignment_gaps_95_5000_5000_0.003_0_0_divergent.bed	89300013	40384894	45641000
alignment_gaps_95_5000_5000_0.004_0_0_divergent.bed	83839568	39938135	45641000
alignment_gaps_95_5000_5000_0.005_0_0_divergent.bed	78202585	39306640	45641000
alignment_gaps_95.5_2000_10000_0.001_0_0_divergent.bed	50850675	38144964	45641000
alignment_gaps_95.5_2000_10000_0.002_0_0_divergent.bed	49515842	37949722	45641000
alignment_gaps_95.5_2000_10000_0.003_0_0_divergent.bed	47825172	37023867	45641000
alignment_gaps_95.5_2000_10000_0.004_0_0_divergent.bed	47256040	36893133	45641000
alignment_gaps_95.5_2000_10000_0.005_0_0_divergent.bed	46201365	36172233	45641000
alignment_gaps_95.5_2000_15000_0.001_0_0_divergent.bed	46000610	36423859	45641000
alignment_gaps_95.5_2000_15000_0.002_0_0_divergent.bed	44877370	36237387	45641000
alignment_gaps_95.5_2000_15000_0.003_0_0_divergent.bed	43308628	35325082	45641000
alignment_gaps_95.5_2000_15000_0.004_0_0_divergent.bed	42885961	35208361	45641000
alignment_gaps_95.5_2000_15000_0.005_0_0_divergent.bed	42005902	34546228	45641000
alignment_gaps_95.5_2000_5000_0.001_0_0_divergent.bed	61107990	39474592	45641000
alignment_gaps_95.5_2000_5000_0.002_0_0_divergent.bed	59066691	39210637	45641000
alignment_gaps_95.5_2000_5000_0.003_0_0_divergent.bed	56749467	38274717	45641000
alignment_gaps_95.5_2000_5000_0.004_0_0_divergent.bed	55732863	38137727	45641000
alignment_gaps_95.5_2000_5000_0.005_0_0_divergent.bed	54186195	37416827	45641000
alignment_gaps_95.5_3000_10000_0.001_0_0_divergent.bed	56846817	39215495	45641000
alignment_gaps_95.5_3000_10000_0.002_0_0_divergent.bed	55311422	39014992	45641000
alignment_gaps_95.5_3000_10000_0.003_0_0_divergent.bed	53474338	38441986	45641000
alignment_gaps_95.5_3000_10000_0.004_0_0_divergent.bed	52687194	38257900	45641000
alignment_gaps_95.5_3000_10000_0.005_0_0_divergent.bed	51247151	37515033	45641000
alignment_gaps_95.5_3000_15000_0.001_0_0_divergent.bed	49914228	37527228	45641000
alignment_gaps_95.5_3000_15000_0.002_0_0_divergent.bed	48797064	37335725	45641000
alignment_gaps_95.5_3000_15000_0.003_0_0_divergent.bed	47357969	36776269	45641000
alignment_gaps_95.5_3000_15000_0.004_0_0_divergent.bed	46838702	36618196	45641000
alignment_gaps_95.5_3000_15000_0.005_0_0_divergent.bed	45718504	35913537	45641000
alignment_gaps_95.5_3000_5000_0.001_0_0_divergent.bed	70682806	40315832	45641000
alignment_gaps_95.5_3000_5000_0.002_0_0_divergent.bed	68034240	40046616	45641000
alignment_gaps_95.5_3000_5000_0.003_0_0_divergent.bed	65038229	39467431	45641000
alignment_gaps_95.5_3000_5000_0.004_0_0_divergent.bed	63398512	39269419	45641000
alignment_gaps_95.5_3000_5000_0.005_0_0_divergent.bed	61122137	38519882	45641000
alignment_gaps_95.5_4000_10000_0.001_0_0_divergent.bed	67004252	39940823	45641000
alignment_gaps_95.5_4000_10000_0.002_0_0_divergent.bed	64602486	39700105	45641000
alignment_gaps_95.5_4000_10000_0.003_0_0_divergent.bed	62199585	39266762	45641000
alignment_gaps_95.5_4000_10000_0.004_0_0_divergent.bed	60914519	38950676	45641000
alignment_gaps_95.5_4000_10000_0.005_0_0_divergent.bed	58858711	38341656	45641000
alignment_gaps_95.5_4000_15000_0.001_0_0_divergent.bed	56472443	38605051	45641000
alignment_gaps_95.5_4000_15000_0.002_0_0_divergent.bed	54789388	38373333	45641000
alignment_gaps_95.5_4000_15000_0.003_0_0_divergent.bed	53284451	37956972	45641000
alignment_gaps_95.5_4000_15000_0.004_0_0_divergent.bed	52608183	37666899	45641000
alignment_gaps_95.5_4000_15000_0.005_0_0_divergent.bed	51201941	37096087	45641000
alignment_gaps_95.5_4000_5000_0.001_0_0_divergent.bed	84859256	40839650	45641000
alignment_gaps_95.5_4000_5000_0.002_0_0_divergent.bed	80975730	40537865	45641000
alignment_gaps_95.5_4000_5000_0.003_0_0_divergent.bed	76732491	40098343	45641000
alignment_gaps_95.5_4000_5000_0.004_0_0_divergent.bed	73780989	39762600	45641000
alignment_gaps_95.5_4000_5000_0.005_0_0_divergent.bed	70127970	39153580	45641000
alignment_gaps_95.5_5000_10000_0.001_0_0_divergent.bed	80292027	40546943	45641000
alignment_gaps_95.5_5000_10000_0.002_0_0_divergent.bed	77785205	40443955	45641000
alignment_gaps_95.5_5000_10000_0.003_0_0_divergent.bed	74490787	40088037	45641000
alignment_gaps_95.5_5000_10000_0.004_0_0_divergent.bed	71603467	39691923	45641000
alignment_gaps_95.5_5000_10000_0.005_0_0_divergent.bed	68116333	39051428	45641000
alignment_gaps_95.5_5000_15000_0.001_0_0_divergent.bed	66576958	39306330	45641000
alignment_gaps_95.5_5000_15000_0.002_0_0_divergent.bed	64855618	39212342	45641000
alignment_gaps_95.5_5000_15000_0.003_0_0_divergent.bed	62826037	38877835	45641000
alignment_gaps_95.5_5000_15000_0.004_0_0_divergent.bed	61261549	38507734	45641000
alignment_gaps_95.5_5000_15000_0.005_0_0_divergent.bed	58874434	37905447	45641000
alignment_gaps_95.5_5000_5000_0.001_0_0_divergent.bed	101976025	41253010	45641000
alignment_gaps_95.5_5000_5000_0.002_0_0_divergent.bed	97204641	41101424	45641000
alignment_gaps_95.5_5000_5000_0.003_0_0_divergent.bed	91349495	40739327	45641000
alignment_gaps_95.5_5000_5000_0.004_0_0_divergent.bed	85919990	40318568	45641000
alignment_gaps_95.5_5000_5000_0.005_0_0_divergent.bed	80204492	39678073	45641000
alignment_gaps_95.5_6000_10000_0.001_0_0_divergent.bed	98435539	41278432	45641000
alignment_gaps_95.5_6000_10000_0.002_0_0_divergent.bed	94996176	41178444	45641000
alignment_gaps_95.5_6000_10000_0.003_0_0_divergent.bed	90275290	40890993	45641000
alignment_gaps_95.5_6000_10000_0.004_0_0_divergent.bed	85051448	40482834	45641000
alignment_gaps_95.5_6000_10000_0.005_0_0_divergent.bed	79952122	39813431	45641000
alignment_gaps_95.5_6000_15000_0.001_0_0_divergent.bed	81158324	40236007	45641000
alignment_gaps_95.5_6000_15000_0.002_0_0_divergent.bed	79066515	40145019	45641000
alignment_gaps_95.5_6000_15000_0.003_0_0_divergent.bed	76312000	39874550	45641000
alignment_gaps_95.5_6000_15000_0.004_0_0_divergent.bed	73155337	39480404	45641000
alignment_gaps_95.5_6000_15000_0.005_0_0_divergent.bed	69749206	38837980	45641000
alignment_gaps_95.5_6000_5000_0.001_0_0_divergent.bed	123670133	41870848	45641000
alignment_gaps_95.5_6000_5000_0.002_0_0_divergent.bed	116914663	41722262	45641000
alignment_gaps_95.5_6000_5000_0.003_0_0_divergent.bed	108510352	41434811	45641000
alignment_gaps_95.5_6000_5000_0.004_0_0_divergent.bed	99915418	41007697	45641000
alignment_gaps_95.5_6000_5000_0.005_0_0_divergent.bed	91946502	40338294	45641000
alignment_gaps_95_6000_10000_0.001_0_0_divergent.bed	96881092	40982758	45641000
alignment_gaps_95_6000_10000_0.002_0_0_divergent.bed	93429945	40882770	45641000
alignment_gaps_95_6000_10000_0.003_0_0_divergent.bed	88721353	40575319	45641000
alignment_gaps_95_6000_10000_0.004_0_0_divergent.bed	83439022	40141160	45641000
alignment_gaps_95_6000_10000_0.005_0_0_divergent.bed	78403281	39480757	45641000
alignment_gaps_95_6000_15000_0.001_0_0_divergent.bed	79468311	39904035	45641000
alignment_gaps_95_6000_15000_0.002_0_0_divergent.bed	77376502	39813047	45641000
alignment_gaps_95_6000_15000_0.003_0_0_divergent.bed	74634281	39522578	45641000
alignment_gaps_95_6000_15000_0.004_0_0_divergent.bed	71409712	39102432	45641000
alignment_gaps_95_6000_15000_0.005_0_0_divergent.bed	68079479	38469008	45641000
alignment_gaps_95_6000_5000_0.001_0_0_divergent.bed	122260882	41596251	45641000
alignment_gaps_95_6000_5000_0.002_0_0_divergent.bed	115464557	41445656	45641000
alignment_gaps_95_6000_5000_0.003_0_0_divergent.bed	107062958	41125328	45641000
alignment_gaps_95_6000_5000_0.004_0_0_divergent.bed	98409535	40672214	45641000
alignment_gaps_95_6000_5000_0.005_0_0_divergent.bed	90504062	40011811	45641000
alignment_gaps_96_2000_10000_0.001_0_0_divergent.bed	55201335	39193280	45641000
alignment_gaps_96_2000_10000_0.002_0_0_divergent.bed	53719804	38932625	45641000
alignment_gaps_96_2000_10000_0.003_0_0_divergent.bed	52350224	38327637	45641000
alignment_gaps_96_2000_10000_0.004_0_0_divergent.bed	51480903	37970041	45641000
alignment_gaps_96_2000_10000_0.005_0_0_divergent.bed	50276945	37222141	45641000
alignment_gaps_96_2000_15000_0.001_0_0_divergent.bed	49229500	37635959	45641000
alignment_gaps_96_2000_15000_0.002_0_0_divergent.bed	48025122	37384074	45641000
alignment_gaps_96_2000_15000_0.003_0_0_divergent.bed	46764315	36792636	45641000
alignment_gaps_96_2000_15000_0.004_0_0_divergent.bed	46082221	36461053	45641000
alignment_gaps_96_2000_15000_0.005_0_0_divergent.bed	45134306	35771920	45641000
alignment_gaps_96_2000_5000_0.001_0_0_divergent.bed	66362474	40461080	45641000
alignment_gaps_96_2000_5000_0.002_0_0_divergent.bed	64161325	40131712	45641000
alignment_gaps_96_2000_5000_0.003_0_0_divergent.bed	62163926	39516659	45641000
alignment_gaps_96_2000_5000_0.004_0_0_divergent.bed	60822418	39152807	45641000
alignment_gaps_96_2000_5000_0.005_0_0_divergent.bed	59049533	38404907	45641000
alignment_gaps_96_3000_10000_0.001_0_0_divergent.bed	60933843	40001267	45641000
alignment_gaps_96_3000_10000_0.002_0_0_divergent.bed	59331202	39800764	45641000
alignment_gaps_96_3000_10000_0.003_0_0_divergent.bed	57629760	39368650	45641000
alignment_gaps_96_3000_10000_0.004_0_0_divergent.bed	56787268	39184564	45641000
alignment_gaps_96_3000_10000_0.005_0_0_divergent.bed	55146342	38441697	45641000
alignment_gaps_96_3000_15000_0.001_0_0_divergent.bed	53059155	38352403	45641000
alignment_gaps_96_3000_15000_0.002_0_0_divergent.bed	51893716	38160900	45641000
alignment_gaps_96_3000_15000_0.003_0_0_divergent.bed	50587955	37742336	45641000
alignment_gaps_96_3000_15000_0.004_0_0_divergent.bed	50039159	37584263	45641000
alignment_gaps_96_3000_15000_0.005_0_0_divergent.bed	48833758	36879604	45641000
alignment_gaps_96_3000_5000_0.001_0_0_divergent.bed	75174914	40997846	45641000
alignment_gaps_96_3000_5000_0.002_0_0_divergent.bed	72445864	40728630	45641000
alignment_gaps_96_3000_5000_0.003_0_0_divergent.bed	69578879	40290337	45641000
alignment_gaps_96_3000_5000_0.004_0_0_divergent.bed	67810158	40092325	45641000
alignment_gaps_96_3000_5000_0.005_0_0_divergent.bed	65300080	39342788	45641000
alignment_gaps_96_4000_10000_0.001_0_0_divergent.bed	70607947	40622119	45641000
alignment_gaps_96_4000_10000_0.002_0_0_divergent.bed	68185414	40396401	45641000
alignment_gaps_96_4000_10000_0.003_0_0_divergent.bed	65926587	40103950	45641000
alignment_gaps_96_4000_10000_0.004_0_0_divergent.bed	64556414	39787864	45641000
alignment_gaps_96_4000_10000_0.005_0_0_divergent.bed	62339526	39182343	45641000
alignment_gaps_96_4000_15000_0.001_0_0_divergent.bed	59543739	39302287	45641000
alignment_gaps_96_4000_15000_0.002_0_0_divergent.bed	57869013	39085569	45641000
alignment_gaps_96_4000_15000_0.003_0_0_divergent.bed	56495093	38810100	45641000
alignment_gaps_96_4000_15000_0.004_0_0_divergent.bed	55772005	38520027	45641000
alignment_gaps_96_4000_15000_0.005_0_0_divergent.bed	54289440	37952714	45641000
alignment_gaps_96_4000_5000_0.001_0_0_divergent.bed	88561238	41437880	45641000
alignment_gaps_96_4000_5000_0.002_0_0_divergent.bed	84657144	41151095	45641000
alignment_gaps_96_4000_5000_0.003_0_0_divergent.bed	80548710	40852465	45641000
alignment_gaps_96_4000_5000_0.004_0_0_divergent.bed	77493062	40516722	45641000
alignment_gaps_96_4000_5000_0.005_0_0_divergent.bed	73681523	39911201	45641000
alignment_gaps_96_5000_10000_0.001_0_0_divergent.bed	83347536	41053441	45641000
alignment_gaps_96_5000_10000_0.002_0_0_divergent.bed	80824569	40965453	45641000
alignment_gaps_96_5000_10000_0.003_0_0_divergent.bed	77549280	40668573	45641000
alignment_gaps_96_5000_10000_0.004_0_0_divergent.bed	74695805	40296818	45641000
alignment_gaps_96_5000_10000_0.005_0_0_divergent.bed	70977385	39632822	45641000
alignment_gaps_96_5000_15000_0.001_0_0_divergent.bed	69458372	39821345	45641000
alignment_gaps_96_5000_15000_0.002_0_0_divergent.bed	67792855	39742357	45641000
alignment_gaps_96_5000_15000_0.003_0_0_divergent.bed	65758820	39466888	45641000
alignment_gaps_96_5000_15000_0.004_0_0_divergent.bed	64248680	39121146	45641000
alignment_gaps_96_5000_15000_0.005_0_0_divergent.bed	61761014	38495358	45641000
alignment_gaps_96_5000_5000_0.001_0_0_divergent.bed	104884749	41696435	45641000
alignment_gaps_96_5000_5000_0.002_0_0_divergent.bed	100111414	41559849	45641000
alignment_gaps_96_5000_5000_0.003_0_0_divergent.bed	94275367	41256790	45641000
alignment_gaps_96_5000_5000_0.004_0_0_divergent.bed	88904280	40860390	45641000
alignment_gaps_96_5000_5000_0.005_0_0_divergent.bed	82980946	40196394	45641000
alignment_gaps_96.5_2000_10000_0.001_0_0_divergent.bed	60906737	40103620	45641000
alignment_gaps_96.5_2000_10000_0.002_0_0_divergent.bed	59383561	39842759	45641000
alignment_gaps_96.5_2000_10000_0.003_0_0_divergent.bed	57595876	39182471	45641000
alignment_gaps_96.5_2000_10000_0.004_0_0_divergent.bed	56692014	38883311	45641000
alignment_gaps_96.5_2000_10000_0.005_0_0_divergent.bed	55218731	38051442	45641000
alignment_gaps_96.5_2000_15000_0.001_0_0_divergent.bed	53405911	38545108	45641000
alignment_gaps_96.5_2000_15000_0.002_0_0_divergent.bed	52211796	38293247	45641000
alignment_gaps_96.5_2000_15000_0.003_0_0_divergent.bed	50693799	37632959	45641000
alignment_gaps_96.5_2000_15000_0.004_0_0_divergent.bed	50026502	37359812	45641000
alignment_gaps_96.5_2000_15000_0.005_0_0_divergent.bed	48895980	36586710	45641000
alignment_gaps_96.5_2000_5000_0.001_0_0_divergent.bed	73185370	41146081	45641000
alignment_gaps_96.5_2000_5000_0.002_0_0_divergent.bed	70962212	40816507	45641000
alignment_gaps_96.5_2000_5000_0.003_0_0_divergent.bed	68502073	40150040	45641000
alignment_gaps_96.5_2000_5000_0.004_0_0_divergent.bed	67066351	39844624	45641000
alignment_gaps_96.5_2000_5000_0.005_0_0_divergent.bed	64932077	39012755	45641000
alignment_gaps_96.5_3000_10000_0.001_0_0_divergent.bed	66656264	40621018	45641000
alignment_gaps_96.5_3000_10000_0.002_0_0_divergent.bed	65035782	40420539	45641000
alignment_gaps_96.5_3000_10000_0.003_0_0_divergent.bed	63041053	40001975	45641000
alignment_gaps_96.5_3000_10000_0.004_0_0_divergent.bed	62139770	39817889	45641000
alignment_gaps_96.5_3000_10000_0.005_0_0_divergent.bed	60285559	39049171	45641000
alignment_gaps_96.5_3000_15000_0.001_0_0_divergent.bed	57471692	39101593	45641000
alignment_gaps_96.5_3000_15000_0.002_0_0_divergent.bed	56337039	38910114	45641000
alignment_gaps_96.5_3000_15000_0.003_0_0_divergent.bed	54835724	38491550	45641000
alignment_gaps_96.5_3000_15000_0.004_0_0_divergent.bed	54281277	38333477	45641000
alignment_gaps_96.5_3000_15000_0.005_0_0_divergent.bed	52928902	37591738	45641000
alignment_gaps_96.5_3000_5000_0.001_0_0_divergent.bed	81399899	41512006	45641000
alignment_gaps_96.5_3000_5000_0.002_0_0_divergent.bed	78646650	41242814	45641000
alignment_gaps_96.5_3000_5000_0.003_0_0_divergent.bed	75493528	40818071	45641000
alignment_gaps_96.5_3000_5000_0.004_0_0_divergent.bed	73688483	40620059	45641000
alignment_gaps_96.5_3000_5000_0.005_0_0_divergent.bed	70889411	39844671	45641000
alignment_gaps_96.5_4000_10000_0.001_0_0_divergent.bed	75856015	41107866	45641000
alignment_gaps_96.5_4000_10000_0.002_0_0_divergent.bed	73443213	40882172	45641000
alignment_gaps_96.5_4000_10000_0.003_0_0_divergent.bed	71012587	40603271	45641000
alignment_gaps_96.5_4000_10000_0.004_0_0_divergent.bed	69541188	40287185	45641000
alignment_gaps_96.5_4000_10000_0.005_0_0_divergent.bed	67049724	39655813	45641000
alignment_gaps_96.5_4000_15000_0.001_0_0_divergent.bed	64009597	39880668	45641000
alignment_gaps_96.5_4000_15000_0.002_0_0_divergent.bed	62383590	39663974	45641000
alignment_gaps_96.5_4000_15000_0.003_0_0_divergent.bed	60884295	39388505	45641000
alignment_gaps_96.5_4000_15000_0.004_0_0_divergent.bed	60114146	39098432	45641000
alignment_gaps_96.5_4000_15000_0.005_0_0_divergent.bed	58419038	38494039	45641000
alignment_gaps_96.5_4000_5000_0.001_0_0_divergent.bed	93779541	41872214	45641000
alignment_gaps_96.5_4000_5000_0.002_0_0_divergent.bed	89897133	41585453	45641000
alignment_gaps_96.5_4000_5000_0.003_0_0_divergent.bed	85616747	41300373	45641000
alignment_gaps_96.5_4000_5000_0.004_0_0_divergent.bed	82514921	40964630	45641000
alignment_gaps_96.5_4000_5000_0.005_0_0_divergent.bed	78450182	40333258	45641000
alignment_gaps_96.5_5000_10000_0.001_0_0_divergent.bed	87868716	41499364	45641000
alignment_gaps_96.5_5000_10000_0.002_0_0_divergent.bed	85366062	41411376	45641000
alignment_gaps_96.5_5000_10000_0.003_0_0_divergent.bed	82014707	41128046	45641000
alignment_gaps_96.5_5000_10000_0.004_0_0_divergent.bed	79135805	40756291	45641000
alignment_gaps_96.5_5000_10000_0.005_0_0_divergent.bed	75258006	40096444	45641000
alignment_gaps_96.5_5000_15000_0.001_0_0_divergent.bed	73732947	40329640	45641000
alignment_gaps_96.5_5000_15000_0.002_0_0_divergent.bed	72100561	40250652	45641000
alignment_gaps_96.5_5000_15000_0.003_0_0_divergent.bed	70034471	39975183	45641000
alignment_gaps_96.5_5000_15000_0.004_0_0_divergent.bed	68476915	39629441	45641000
alignment_gaps_96.5_5000_15000_0.005_0_0_divergent.bed	65859532	38996573	45641000
alignment_gaps_96.5_5000_5000_0.001_0_0_divergent.bed	108968433	42082832	45641000
alignment_gaps_96.5_5000_5000_0.002_0_0_divergent.bed	104240622	41946246	45641000
alignment_gaps_96.5_5000_5000_0.003_0_0_divergent.bed	98360000	41656737	45641000
alignment_gaps_96.5_5000_5000_0.004_0_0_divergent.bed	93006392	41260337	45641000
alignment_gaps_96.5_5000_5000_0.005_0_0_divergent.bed	87005512	40600490	45641000
alignment_gaps_96.5_6000_10000_0.001_0_0_divergent.bed	104669568	41914629	45641000
alignment_gaps_96.5_6000_10000_0.002_0_0_divergent.bed	101400427	41814641	45641000
alignment_gaps_96.5_6000_10000_0.003_0_0_divergent.bed	96631825	41540740	45641000
alignment_gaps_96.5_6000_10000_0.004_0_0_divergent.bed	91496389	41171940	45641000
alignment_gaps_96.5_6000_10000_0.005_0_0_divergent.bed	85830396	40452137	45641000
alignment_gaps_96.5_6000_15000_0.001_0_0_divergent.bed	87689232	40927134	45641000
alignment_gaps_96.5_6000_15000_0.002_0_0_divergent.bed	85798455	40836146	45641000
alignment_gaps_96.5_6000_15000_0.003_0_0_divergent.bed	82948393	40565677	45641000
alignment_gaps_96.5_6000_15000_0.004_0_0_divergent.bed	79869606	40210890	45641000
alignment_gaps_96.5_6000_15000_0.005_0_0_divergent.bed	75971731	39518066	45641000
alignment_gaps_96.5_6000_5000_0.001_0_0_divergent.bed	129081576	42413981	45641000
alignment_gaps_96.5_6000_5000_0.002_0_0_divergent.bed	122568263	42265395	45641000
alignment_gaps_96.5_6000_5000_0.003_0_0_divergent.bed	114173207	41991494	45641000
alignment_gaps_96.5_6000_5000_0.004_0_0_divergent.bed	105758167	41603739	45641000
alignment_gaps_96.5_6000_5000_0.005_0_0_divergent.bed	97338719	40883936	45641000
alignment_gaps_96_6000_10000_0.001_0_0_divergent.bed	100805366	41570947	45641000
alignment_gaps_96_6000_10000_0.002_0_0_divergent.bed	97505522	41470959	45641000
alignment_gaps_96_6000_10000_0.003_0_0_divergent.bed	92756045	41183508	45641000
alignment_gaps_96_6000_10000_0.004_0_0_divergent.bed	87649015	40814708	45641000
alignment_gaps_96_6000_10000_0.005_0_0_divergent.bed	82213839	40100349	45641000
alignment_gaps_96_6000_15000_0.001_0_0_divergent.bed	83713672	40543620	45641000
alignment_gaps_96_6000_15000_0.002_0_0_divergent.bed	81792192	40452632	45641000
alignment_gaps_96_6000_15000_0.003_0_0_divergent.bed	78974185	40182163	45641000
alignment_gaps_96_6000_15000_0.004_0_0_divergent.bed	75944366	39827376	45641000
alignment_gaps_96_6000_15000_0.005_0_0_divergent.bed	72213031	39139996	45641000
alignment_gaps_96_6000_5000_0.001_0_0_divergent.bed	125733912	42129825	45641000
alignment_gaps_96_6000_5000_0.002_0_0_divergent.bed	119165691	41981239	45641000
alignment_gaps_96_6000_5000_0.003_0_0_divergent.bed	110741579	41693788	45641000
alignment_gaps_96_6000_5000_0.004_0_0_divergent.bed	102287332	41306033	45641000
alignment_gaps_96_6000_5000_0.005_0_0_divergent.bed	94044928	40591674	45641000
alignment_gaps_97_2000_10000_0.001_0_0_divergent.bed	68829939	40767584	45641000
alignment_gaps_97_2000_10000_0.002_0_0_divergent.bed	67344085	40574579	45641000
alignment_gaps_97_2000_10000_0.003_0_0_divergent.bed	65525518	39973290	45641000
alignment_gaps_97_2000_10000_0.004_0_0_divergent.bed	64392221	39656130	45641000
alignment_gaps_97_2000_10000_0.005_0_0_divergent.bed	62403992	38871164	45641000
alignment_gaps_97_2000_15000_0.001_0_0_divergent.bed	59918321	39304378	45641000
alignment_gaps_97_2000_15000_0.002_0_0_divergent.bed	58781525	39120373	45641000
alignment_gaps_97_2000_15000_0.003_0_0_divergent.bed	57221608	38524935	45641000
alignment_gaps_97_2000_15000_0.004_0_0_divergent.bed	56466844	38233788	45641000
alignment_gaps_97_2000_15000_0.005_0_0_divergent.bed	54949851	37485801	45641000
alignment_gaps_97_2000_5000_0.001_0_0_divergent.bed	82422304	41703076	45641000
alignment_gaps_97_2000_5000_0.002_0_0_divergent.bed	80255312	41441358	45641000
alignment_gaps_97_2000_5000_0.003_0_0_divergent.bed	77714784	40833890	45641000
alignment_gaps_97_2000_5000_0.004_0_0_divergent.bed	75906907	40509994	45641000
alignment_gaps_97_2000_5000_0.005_0_0_divergent.bed	72977459	39718358	45641000
alignment_gaps_97_3000_10000_0.001_0_0_divergent.bed	74579059	41218963	45641000
alignment_gaps_97_3000_10000_0.002_0_0_divergent.bed	72966191	41086340	45641000
alignment_gaps_97_3000_10000_0.003_0_0_divergent.bed	71036287	40732626	45641000
alignment_gaps_97_3000_10000_0.004_0_0_divergent.bed	69873475	40543328	45641000
alignment_gaps_97_3000_10000_0.005_0_0_divergent.bed	67442885	39806246	45641000
alignment_gaps_97_3000_15000_0.001_0_0_divergent.bed	64123156	39774260	45641000
alignment_gaps_97_3000_15000_0.002_0_0_divergent.bed	63055420	39650637	45641000
alignment_gaps_97_3000_15000_0.003_0_0_divergent.bed	61609219	39296923	45641000
alignment_gaps_97_3000_15000_0.004_0_0_divergent.bed	60886414	39133638	45641000
alignment_gaps_97_3000_15000_0.005_0_0_divergent.bed	59182565	38423535	45641000
alignment_gaps_97_3000_5000_0.001_0_0_divergent.bed	90155587	42021875	45641000
alignment_gaps_97_3000_5000_0.002_0_0_divergent.bed	87425187	41820539	45641000
alignment_gaps_97_3000_5000_0.003_0_0_divergent.bed	84323425	41460646	45641000
alignment_gaps_97_3000_5000_0.004_0_0_divergent.bed	82178082	41257422	45641000
alignment_gaps_97_3000_5000_0.005_0_0_divergent.bed	78643878	40513670	45641000
alignment_gaps_97_4000_10000_0.001_0_0_divergent.bed	83416998	41620850	45641000
alignment_gaps_97_4000_10000_0.002_0_0_divergent.bed	81073545	41458768	45641000
alignment_gaps_97_4000_10000_0.003_0_0_divergent.bed	78726600	41244717	45641000
alignment_gaps_97_4000_10000_0.004_0_0_divergent.bed	77002267	40959419	45641000
alignment_gaps_97_4000_10000_0.005_0_0_divergent.bed	73859850	40299503	45641000
alignment_gaps_97_4000_15000_0.001_0_0_divergent.bed	70831751	40478365	45641000
alignment_gaps_97_4000_15000_0.002_0_0_divergent.bed	69276074	40325283	45641000
alignment_gaps_97_4000_15000_0.003_0_0_divergent.bed	67828001	40114664	45641000
alignment_gaps_97_4000_15000_0.004_0_0_divergent.bed	66848442	39855379	45641000
alignment_gaps_97_4000_15000_0.005_0_0_divergent.bed	64678837	39222442	45641000
alignment_gaps_97_4000_5000_0.001_0_0_divergent.bed	101574290	42312460	45641000
alignment_gaps_97_4000_5000_0.002_0_0_divergent.bed	97818998	42089311	45641000
alignment_gaps_97_4000_5000_0.003_0_0_divergent.bed	93643666	41869081	45641000
alignment_gaps_97_4000_5000_0.004_0_0_divergent.bed	90247076	41564126	45641000
alignment_gaps_97_4000_5000_0.005_0_0_divergent.bed	85441208	40904210	45641000
alignment_gaps_97_5000_10000_0.001_0_0_divergent.bed	94919019	41936263	45641000
alignment_gaps_97_5000_10000_0.002_0_0_divergent.bed	92385786	41848275	45641000
alignment_gaps_97_5000_10000_0.003_0_0_divergent.bed	89153464	41629795	45641000
alignment_gaps_97_5000_10000_0.004_0_0_divergent.bed	86145823	41300828	45641000
alignment_gaps_97_5000_10000_0.005_0_0_divergent.bed	81726849	40624617	45641000
alignment_gaps_97_5000_15000_0.001_0_0_divergent.bed	80469617	40871480	45641000
alignment_gaps_97_5000_15000_0.002_0_0_divergent.bed	78820849	40792492	45641000
alignment_gaps_97_5000_15000_0.003_0_0_divergent.bed	76808890	40581873	45641000
alignment_gaps_97_5000_15000_0.004_0_0_divergent.bed	75078623	40278919	45641000
alignment_gaps_97_5000_15000_0.005_0_0_divergent.bed	71975365	39629687	45641000
alignment_gaps_97_5000_5000_0.001_0_0_divergent.bed	115741786	42487597	45641000
alignment_gaps_97_5000_5000_0.002_0_0_divergent.bed	111020628	42351011	45641000
alignment_gaps_97_5000_5000_0.003_0_0_divergent.bed	105271628	42126352	45641000
alignment_gaps_97_5000_5000_0.004_0_0_divergent.bed	99841670	41772740	45641000
alignment_gaps_97_5000_5000_0.005_0_0_divergent.bed	93313178	41096529	45641000
alignment_gaps_97_6000_10000_0.001_0_0_divergent.bed	110832762	42261468	45641000
alignment_gaps_97_6000_10000_0.002_0_0_divergent.bed	107603611	42161480	45641000
alignment_gaps_97_6000_10000_0.003_0_0_divergent.bed	102910123	41952429	45641000
alignment_gaps_97_6000_10000_0.004_0_0_divergent.bed	97624698	41626417	45641000
alignment_gaps_97_6000_10000_0.005_0_0_divergent.bed	91661930	40932250	45641000
alignment_gaps_97_6000_15000_0.001_0_0_divergent.bed	93730345	41373685	45641000
alignment_gaps_97_6000_15000_0.002_0_0_divergent.bed	91870397	41282697	45641000
alignment_gaps_97_6000_15000_0.003_0_0_divergent.bed	89069752	41077078	45641000
alignment_gaps_97_6000_15000_0.004_0_0_divergent.bed	85853083	40765079	45641000
alignment_gaps_97_6000_15000_0.005_0_0_divergent.bed	81624478	40097891	45641000
alignment_gaps_97_6000_5000_0.001_0_0_divergent.bed	134708378	42736160	45641000
alignment_gaps_97_6000_5000_0.002_0_0_divergent.bed	128306922	42587574	45641000
alignment_gaps_97_6000_5000_0.003_0_0_divergent.bed	120046573	42378523	45641000
alignment_gaps_97_6000_5000_0.004_0_0_divergent.bed	111567800	42033556	45641000
alignment_gaps_97_6000_5000_0.005_0_0_divergent.bed	102887724	41339389	45641000
