Bm3864	 0.0303
Bm4884	 0.0234
Bm10926	 0.0361
Bm14024	 0.0314
Bm6204	 0.0277
Bm4476c	 0.0293
Bm5764	 0.0306
Bm11424	 0.0214
Bm6377a	 0.0269
Bm13717a	 0.0181
Bm5254	 0.0333
Bm5089a	 0.0805
Bm4587	 0.0036
Bm3658	 0.0384
Bm5141b	 0.0381
Bm6730	 0.0202
Bm3298a	 0.0335
Bm12018	 0.0250
Bm13725	 0.0487
Bm5845	 0.0259
Bm6147	 0.0268
Bm2556a	 0.0263
Bm6710	 0.0343
Bm5994	 0.0129
Bm5421	 0.0287
Bm4046e	 0.0237
Bm4674	 0.0625
Bm8891	 0.0527
Bm4696b	 0.0438
Bm6677a	 0.0330
Bm6449a	 0.0266
Bm7835	 0.0444
Bm4349	 0.0476
Bm2872	 0.0131
Bm2712c	 0.0183
Bm4816	 0.0891
Bm6018	 0.0200
Bm6325a	 0.0344
Bm12592	 0.0283
Bm13855	 0.0366
Bm3519b	 0.0264
Bm7287	 0.0471
Bm6514	 0.0238
Bm14052	 0.0297
Bm5333a	 0.0182
Bm8591	 0.0312
Bm4452a	 0.0295
Bm2938	 0.0192
Bm6415	 0.0621
Bm2636	 0.0120
Bm8308a	 0.0464
Bm7469	 0.0179
Bm6412a	 0.0339
Bm5588a	 0.0321
Bm5598	 0.0094
Bm6816b	 0.0248
Bm3177a	 0.0630
Bm3860	 0.2341
Bm8312	 0.0587
Bm11176a	 0.0307
Bm7576	 0.0254
Bm9503	 0.0132
Bm4338a	 0.0220
Bm6882a	 0.0040
Bm5395a	 0.0151
Bm5830	 0.1181
Bm5327a	 0.0387
Bm7441	 0.0303
Bm874	 0.0134
Bm2755a	 0.0191
Bm5083	 0.0225
Bm1809a	 0.0680
Bm6745a	 0.0160
Bm3384	 0.0335
Bm3752a	 0.0074
Bm4249a	 0.0599
Bm11123a	 0.0180
Bm6445	 0.0415
Bm7090	 0.0284
Bm7229	 0.0390
Bm2109b	 0.0107
Bm5914b	 0.0485
Bm2523b	 0.0262
Bm2495	 0.0641
Bm5439	 0.0253
Bm7386	 0.0235
Bm5536	 0.0244
Bm8028	 0.0196
Bm6144	 0.0230
Bm8766a	 0.0582
Bm3568	 0.0310
Bm4592a	 0.0227
Bm6052	 0.0295
Bm18201	 0.0255
Bm4753a	 0.0170
Bm4415	 0.0106
Bm18192	 0.0459
Bm7399	 0.0671
Bm4878a	 0.0254
Bm5540	 0.1024
Bm1800	 0.0217
Bm1744d	 0.0514
Bm13662a	 0.0234
Bm7400a	 0.0407
Bm3053a	 0.0180
Bm13925	 0.0129
Bm6842	 0.0232
Bm13997	 0.0195
Bm7611	 0.0384
Bm3450	 0.0288
Bm2526	 0.0311
Bm2518a	 0.0329
Bm4144a	 0.0571
Bm2749	 0.0681
Bm5367a	 0.0346
Bm5549b	 0.1055
Bm3846a	 0.0437
Bm2522	 0.0304
Bm6925	 0.0418
Bm14791	 0.0330
Bm1997a	 0.0119
Bm2301	 0.0496
Bm4110	 0.0298
Bm13797	 0.0235
Bm264	 0.0369
Bm6006	 0.0002
Bm4809	 0.0281
Bm3453a	 0.0205
Bm3354a	 0.0269
Bm2519b	 0.0259
Bm6585	 0.0615
Bm3884a	 0.0369
Bm3676b	 0.1001
Bm6324	 0.0248
Bm1817	 0.0275
Bm13957	 0.1009
Bm14087b	 0.0443
Bm3667	 0.0373
Bm13992	 0.0222
Bm4271a	 0.0169
Bm8839a	 0.0064
Bm2304	 0.0145
Bm5937	 0.0280
Bm4234	 0.0262
Bm3393a	 0.0317
Bm4288	 0.0198
Bm1803	 0.0285
Bm3461	 0.0191
Bm6132	 0.0251
Bm3019	 0.0197
Bm7203b	 0.0439
Bm5193a	 0.0197
Bm3628	 0.0132
Bm14033b	 0.0001
Bm2995	 0.0097
Bm5117	 0.0284
Bm3514a	 0.0404
Bm4765a	 0.0452
Bm6548	 0.0129
Bm6556	 0.0216
Bm8788	 0.2157
Bm12579	 0.0281
Bm5530	 0.0232
Bm7265	 0.0384
Bm6496a	 0.0927
Bm5029a	 0.0536
Bm9570	 0.0000
Bm13018	 0.0246
Bm3041a	 0.0110
Bm2208a	 0.0793
Bm3710	 0.0161
Bm3301	 0.0787
Bm17600	 0.0366
Bm5808	 0.0556
Bm6410	 0.0073
Bm7324	 0.0313
Bm4774	 0.0379
Bm1884	 0.0383
Bm3429a	 0.0360
Bm14041	 0.0048
Bm3655	 0.0180
Bm3822	 0.0813
Bm7290a	 0.0442
Bm2136	 0.0188
Bm3995a	 0.0373
Bm6896	 0.0210
Bm5255	 0.0453
Bm5892	 0.0426
Bm11055	 0.0581
Bm2544	 0.0263
Bm18134	 0.0507
Bm2139	 0.0422
Bm3608	 0.1655
Bm2914	 0.0249
Bm7506a	 0.0240
Bm13745	 0.0368
Bm13679	 0.0196
Bm4623	 0.0150
Bm1728	 0.0100
Bm8021	 0.0580
Bm6551	 0.0227
Bm14082	 0.0236
Bm4535	 0.0258
Bm2179	 0.0189
Bm12066	 0.0214
Bm5748	 0.0215
Bm5109	 0.0308
Bm4468a	 0.0162
Bm4645a	 0.0207
Bm5537	 0.0302
Bm2702	 0.0637
Bm7027	 0.0221
Bm7453	 0.0854
Bm2913a	 0.0207
Bm12361	 0.0208
Bm5097	 0.0185
Bm5856b	 0.0355
Bm956	 0.0315
Bm6650	 0.0309
Bm3324a	 0.0211
Bm7072	 0.0229
Bm7300b	 0.0268
Bm11981	 0.0176
Bm12287	 0.0183
Bm4952b	 0.0215
Bm2385	 0.0264
Bm13920	 0.0586
Bm17399	 0.0318
Bm6318a	 0.0154
Bm16923	 0.0237
Bm6948a	 0.0435
Bm2148a	 0.0565
Bm13657a	 0.0343
Bm13794	 0.0815
Bm13815	 0.0316
Bm2633	 0.0376
Bm4930	 0.0261
Bm9331	 0.0651
Bm4601	 0.0610
Bm3201c	 0.0330
Bm3915a	 0.0161
Bm2788	 0.0267
Bm5805	 0.0302
Bm6353	 0.0174
Bm4819	 0.0099
Bm2284	 0.0549
Bm3312	 0.0267
Bm5054a	 0.0216
Bm14038a	 0.0078
Bm14040	 0.0510
Bm3076	 0.0216
Bm6818	 0.0338
Bm6684	 0.0309
Bm10786	 0.0325
Bm11145	 0.0281
Bm13923a	 0.0281
Bm6201	 0.0329
Bm16891	 0.0422
Bm6181	 0.2519
Bm5893	 0.0172
Bm5948	 0.0186
Bm14081	 0.1806
Bm6289b	 0.0208
Bm3436a	 0.0226
Bm2779	 0.0333
Bm2762a	 0.0205
Bm3713	 0.0284
Bm1711a	 0.0306
Bm5749	 0.0427
Bm4847	 0.0763
Bm6153	 0.0170
Bm2388b	 0.0191
Bm4850	 0.0488
Bm8354	 0.0328
Bm2356a	 0.0294
Bm4806b	 0.0456
Bm12468	 0.0910
Bm6787b	 0.0097
Bm4310	 0.0347
Bm10448	 0.0133
Bm2829	 0.0000
Bm2435	 0.0099
Bm7593a	 0.0298
Bm9073	 0.0338
Bm7285	 0.0256
Bm2563	 0.0131
Bm4063	 0.0302
Bm7372a	 0.0224
Bm7342a	 0.0156
Bm12606a	 0.0546
Bm3625a	 0.0142
Bm2280	 0.0271
Bm7038	 0.0537
Bm2826b	 0.0489
Bm5951	 0.0600
Bm5006a	 0.0300
Bm2026	 0.0209
Bm3582a	 0.0219
Bm5199	 0.0219
Bm5350a	 0.2613
Bm1741a	 0.0232
Bm3282a	 0.0182
Bm7240	 0.0415
Bm5299	 0.0352
Bm2764	 0.0078
Bm12235	 0.0233
Bm1959b	 0.0697
Bm6093	 0.0251
Bm2456d	 0.0662
Bm14084	 0.0319
Bm3203	 0.0640
Bm18058	 0.0286
Bm9858a	 0.0427
Bm7137	 0.0643
Bm5927	 0.0169
Bm5766	 0.0257
Bm6403	 0.0363
Bm7194	 0.0129
Bm10273a	 0.0310
Bm6672a	 0.0279
Bm7602	 0.0532
Bm6802	 0.0147
Bm7282	 0.0135
Bm6383a	 0.0672
Bm6646a	 0.0188
Bm2309	 0.0115
Bm4292a	 0.0147
Bm3570	 0.0181
Bm3191	 0.0068
Bm3386	 0.0162
Bm5915	 0.0138
Bm6733	 0.0316
Bm7085	 0.0335
Bm13858b	 0.0604
Bm2359a	 0.0451
Bm3737	 0.0435
Bm4567	 0.0474
Bm2155	 0.0251
Bm6914	 0.0138
Bm2947	 0.0192
Bm5971	 0.0292
Bm13956a	 0.0323
Bm2019	 0.0212
Bm7626	 0.0576
Bm6572	 0.0410
Bm4801a	 0.0293
Bm6822	 0.0098
Bm2709a	 0.0500
Bm3652	 0.0241
Bm1957	 0.0263
Bm4024	 0.0215
Bm4119	 0.0240
Bm7304a	 0.0215
Bm4198b	 0.0577
Bm13707	 0.0187
Bm5843	 0.0255
Bm3704	 0.0135
Bm13861a	 0.0250
Bm4591	 0.0167
Bm4272	 0.0270
Bm3464	 0.0291
Bm2131b	 0.0308
Bm6969a	 0.0465
Bm3959	 0.0187
Bm3793	 0.0188
Bm13903	 0.0064
Bm13889	 0.0115
Bm4712	 0.0245
Bm7526a	 0.0183
Bm6392	 0.0236
Bm7673	 0.0160
Bm7448	 0.0252
Bm13809	 0.0376
Bm12243a	 0.0469
Bm1956	 0.0112
Bm6188c	 0.0618
Bm3509	 0.0213
Bm5430a	 0.0253
Bm3276a	 0.0378
Bm4821a	 0.0149
Bm5078	 0.0170
Bm4894a	69.2114
Bm2674	 0.0586
Bm3055	 0.0306
Bm13757a	 0.0253
Bm7444	 0.0238
Bm13825a	 0.0217
Bm7151	 0.0587
Bm2508a	 0.0272
Bm6304a	 0.0279
Bm7176	 0.0277
Bm4611	 0.0360
Bm5284	 0.0180
Bm6505a	 0.0285
Bm2350a	 0.0289
Bm7493	 0.0395
Bm630a	 0.0322
Bm3112	 0.0267
Bm6110	 0.0739
Bm7598	 0.0499
Bm5545	 0.0117
Bm1926a	 0.0439
Bm5136a	 0.0339
Bm2410	 0.0108
Bm6641b	 0.0339
Bm7175	 0.0648
Bm4966b	 0.0843
Bm14028	 0.0554
Bm1869a	 0.0106
Bm3702c	 0.0457
Bm3470	 0.0460
Bm5796	 0.0000
Bm5661	 0.0559
Bm7239	 0.0626
Bm6022a	 0.0211
Bm6645	 0.0223
Bm1979a	 0.0556
Bm5233	 0.0309
Bm4994	 0.0320
Bm5520a	 0.0271
Bm3623b	 0.0161
Bm6138a	 0.0263
Bm3257a	 0.0087
Bm5148a	 0.0317
Bm2610	 0.0312
Bm13670a	 0.0125
Bm7643a	 0.0331
Bm2708	 0.0430
Bm7001	 0.0301
Bm4682b	 0.0775
Bm2665	 0.0483
Bm2763a	 0.0248
Bm1721	 0.0303
Bm2370	 0.0134
Bm2971a	 0.0393
Bm7619	 0.0297
Bm4681	 0.0300
Bm6237	 0.0396
Bm6420	 0.0303
Bm5207a	 0.0364
Bm5336a	 0.0122
Bm7606	 0.0263
Bm13035	 0.0560
Bm1815	 0.0369
Bm1841	 0.0453
Bm13317	 0.0221
Bm5258	 0.0397
Bm14051	 0.1403
Bm6771a	 0.0150
Bm2063	 0.0327
Bm6363a	 0.0205
Bm2946	 0.0435
Bm6176	 0.0114
Bm13808	 0.0160
Bm3797	 0.0340
Bm1792	 0.0467
Bm2500	 0.0194
Bm6931	 0.0620
Bm6708	 0.0246
Bm2244	 0.0203
Bm11947	 0.0290
Bm3581a	 0.0412
Bm7048	 0.0245
Bm2458	 0.0275
Bm6579a	 0.0310
Bm2053	 0.0292
Bm7543	 0.0357
Bm2295	 0.0139
Bm10931a	 0.0170
Bm7360a	 0.0296
Bm8515a	 0.0156
Bm3237d	 0.0472
Bm13726	 0.0252
Bm6252	 0.0161
Bm3133a	 0.0251
Bm2007	 0.0603
Bm14079	 0.0000
Bm2733	 0.0382
Bm4134	 0.0268
Bm6622	 0.0341
Bm3921a	 0.0259
Bm6414a	 0.0233
Bm1706a	 0.0765
Bm6098	 0.0239
Bm3666	 0.0951
Bm13793	 0.0289
Bm10832	 0.0504
Bm13698a	 0.0776
Bm2271	 0.0098
Bm6891	 0.1488
Bm2031a	 0.0356
Bm9885	 0.0422
Bm5941b	 0.0336
Bm5481a	 0.0291
Bm5754	 0.0422
Bm2596b	 0.0351
Bm3485a	 0.0209
Bm2213a	 0.0211
Bm2801a	 0.1004
Bm13937a	 0.0450
Bm2207a	 0.0276
Bm6139	 0.0001
Bm2321a	 0.0291
Bm4409	 0.0464
Bm13728	 0.0342
Bm2073	 0.0236
Bm4099a	 0.0403
Bm13653	 0.0393
Bm3757	 0.0208
Bm2811a	 0.0333
Bm7113	 0.0146
Bm16928	 0.0500
Bm14724	 0.0200
Bm4438	 0.0202
Bm10902a	 0.1095
Bm3215	 0.0491
Bm5984	 0.0218
Bm13944a	 0.0295
Bm12034c	 0.0489
Bm2357a	 0.0409
Bm6800a	 0.0349
Bm3565a	 0.0358
Bm5441b	 0.0081
Bm5917a	 0.0325
Bm3431a	 0.0380
Bm2106	 0.0228
Bm5523	 0.0159
Bm3817	 0.0608
Bm6820b	 0.0288
Bm6489a	 0.0283
Bm17775	 0.0486
Bm13891	 0.0558
Bm4473	 0.0203
Bm5626	 0.0592
Bm6320a	 0.0162
Bm3777	 0.0221
Bm5218a	 0.0603
Bm6837a	 0.0246
Bm3724a	 0.0338
Bm4617	 0.0192
Bm7849a	 0.0579
Bm2545	 0.0320
Bm7127	 0.0277
Bm5197a	 0.0390
Bm3484	 0.0424
Bm10079	 0.0320
Bm6909	 0.0235
Bm2138	 0.0320
Bm3331a	 0.0339
Bm5803	 0.0508
Bm6165	 0.0796
Bm7012a	 0.0229
Bm5271	 0.0299
Bm1986	 0.0104
Bm9897	 0.0172
Bm2991	 0.0247
Bm11486a	 0.0266
Bm7509	 0.0686
Bm6136a	 0.1019
Bm2355a	 0.0181
Bm14676a	 0.0218
Bm18160	 0.0200
Bm13696	 0.0275
Bm6790	 0.0601
Bm6175b	 0.0413
Bm3870a	 0.0472
Bm4140	 0.0500
Bm1592	 0.0663
Bm1718a	 0.0351
Bm5278b	 0.0466
Bm13672a	 0.0179
Bm3690	 0.0464
Bm13998	 0.0292
Bm3131	 0.0321
Bm13828	 0.0231
Bm4629a	 0.0378
Bm5370	 0.0370
Bm5991	 0.0273
Bm13785	 0.0168
Bm14771	 0.1287
Bm3613a	 0.0605
Bm6895	 0.0745
Bm5512	 0.1331
Bm7171a	 0.0285
Bm10177a	 0.0189
Bm6815a	 0.0124
Bm6711	 0.0629
Bm2853a	 0.0259
Bm4766	 0.0230
Bm6884	 0.0526
Bm13867	 0.0232
Bm5698	 0.0324
Bm11968	 0.0285
Bm10503	 0.0072
Bm13806	 0.0272
Bm6724	 0.0727
Bm7396a	 0.0404
Bm6494e	 0.0333
Bm3532c	 0.0520
Bm14031	 0.0205
Bm5102	 0.0189
Bm5328	 0.0289
Bm6830a	 0.0313
Bm5139a	 0.0310
Bm13712	 0.0326
Bm4378	 0.0519
Bm5531b	 0.0302
Bm6272a	 0.0268
Bm5362a	 0.0366
Bm6892a	 0.0200
Bm3032	 0.0321
Bm10399	 0.0155
Bm9520	 0.0366
Bm4340a	 0.0560
Bm6321a	 0.0359
Bm1923a	 0.0494
Bm13932	 0.0247
Bm9903	 0.0140
Bm6917	 0.0406
Bm7170	 0.0508
Bm5042	 0.0775
Bm3680	 0.0223
Bm14767	 0.0372
Bm14320	 0.0146
Bm5235	 0.0094
Bm3030a	 0.0288
Bm7254	 0.0299
Bm3774	 0.0417
Bm6607	 0.0624
Bm3422a	 0.0168
Bm1725	 0.0862
Bm3182	 0.0438
Bm13796	 0.0301
Bm1919a	 0.0168
Bm4439a	 0.0204
Bm4516	 0.0285
Bm7489a	 0.0208
Bm2217a	 0.1215
Bm7064	 0.0455
Bm6223a	 0.0187
Bm3719	 0.0210
Bm2043a	 0.0289
Bm2695	 0.0606
Bm5329	 0.1139
Bm2142b	 0.0509
Bm6517a	 0.0543
Bm4396a	 0.0432
Bm2442	 0.0140
Bm1848	 0.0439
Bm2450a	 0.0327
Bm4513a	 0.0253
Bm5290	 0.0091
Bm18208a	 0.0435
Bm18202a	 0.0308
Bm4034a	 0.0233
Bm6037	 0.0225
Bm4520a	 0.0228
Bm3668a	 0.0155
Bm2363a	 0.0322
Bm5515	 0.0406
Bm7633	 0.0363
Bm11278a	 0.0393
Bm1674	 0.0125
Bm3572	 0.0381
Bm4944a	 0.0350
Bm11307	 0.0431
Bm7617	 0.0215
Bm5225	 0.0329
Bm4978	 0.0364
Bm6862a	 0.0158
Bm6308	 0.0355
Bm6384	 0.1600
Bm4026	 0.0464
Bm3095b	 0.0220
Bm7480	 0.0598
Bm3518	 0.0103
Bm13687b	 0.0302
Bm6549a	 0.0387
Bm4317a	 0.0935
Bm6002	 0.0338
Bm4871a	 0.0621
Bm13904	 0.0202
Bm7636	 0.0337
Bm5542a	 0.0313
Bm13913a	 0.0327
Bm4715a	 0.0736
Bm5172	 0.0237
Bm3944	 0.0276
Bm3487a	 0.0507
Bm5513a	 0.0432
Bm5162	 0.0217
Bm7591	 0.1348
Bm2654	 0.0361
Bm8129	 0.0401
Bm6469a	 0.0258
Bm2998	 0.0738
Bm3057a	 0.0406
Bm2865b	 0.0097
Bm14086	 0.0207
Bm588	 0.0279
Bm6878a	 0.0422
Bm14020	 0.0331
Bm6981b	 0.0242
Bm3255a	 0.0410
Bm11999a	 0.0326
Bm8215	 0.0946
Bm4707b	 0.0286
Bm5559	 0.0073
Bm3882	 0.0253
Bm2190a	 0.0169
Bm7568	 0.0384
Bm3225a	 0.0137
Bm13776	 0.0058
Bm13911	 0.0420
Bm2848	 0.0681
Bm5280	 0.0590
Bm2711	 0.0833
Bm6344a	 0.0246
Bm14021	 0.0487
Bm6685a	 0.0369
Bm6511a	 0.0958
Bm10749	 0.0394
Bm6959	 0.0325
Bm7599a	 0.0097
Bm1857	 0.0912
Bm2464	 0.0318
Bm5905	 0.0497
Bm5209	 0.0141
Bm6162a	 0.0123
Bm4219	 0.0249
Bm2281	 0.0330
Bm5304	 0.0252
Bm5120	 0.0293
Bm7039	 0.0566
Bm3686	 0.0512
Bm2236	 0.0158
Bm6583a	 0.0198
Bm5715	 0.0348
Bm5723a	 0.0211
Bm3444a	 0.0383
Bm5592	 0.0687
Bm6855	 0.0723
Bm5293	 0.0344
Bm2806	 0.0404
Bm13715	 0.0180
Bm12421	 0.0372
Bm3971	 0.0207
Bm3621a	 0.0193
Bm6361a	 0.0324
Bm7043	 0.0880
Bm2158a	 0.0212
Bm6394	 0.0499
Bm14019	 0.0277
Bm2789b	 0.0390
Bm5503	 0.0300
Bm6869	 0.0248
Bm6226a	 0.0282
Bm7363	 0.0325
Bm7028	 0.0372
Bm4568	 0.0470
Bm4456	 0.0129
Bm7230a	 0.0208
Bm7646a	 0.0456
Bm9478	 0.0087
Bm5675a	 0.1110
Bm6131	 0.0373
Bm4159	 0.0232
Bm2252a	 0.0211
Bm5400	 0.0123
Bm4142a	 0.0490
Bm2078	 0.0303
Bm4444	 0.0276
Bm9963	 0.0310
Bm1746a	 0.0344
Bm10229a	 0.0463
Bm14076	 0.0001
Bm2487	 0.0197
Bm4931	 0.0315
Bm4285a	 0.0398
Bm2233	 0.0264
Bm7613	 0.0329
Bm7036	 0.0643
Bm5731	 0.0489
Bm5577	 0.0181
Bm2095	 0.0230
Bm4690a	 0.0375
Bm4265a	 0.0244
Bm3004a	 0.0480
Bm2291	 0.0339
Bm5445	 0.0502
Bm5818	 0.0285
Bm5324a	 0.0287
Bm4808	 0.0383
Bm4498	 0.0078
Bm2166a	 0.0272
Bm4244	 0.0331
Bm2081	 0.0182
Bm2771	 0.0215
Bm4326	 0.0317
Bm14009	 0.0545
Bm16929	 0.0191
Bm14003b	 0.0764
Bm2878	 0.0978
Bm2199	 0.0262
Bm6116	 0.0244
Bm7250	 0.0454
Bm3566a	 0.0235
Bm3972a	 0.0288
Bm3980	 0.0099
Bm5712a	 0.0202
Bm2839	 0.0369
Bm7109	 0.0092
Bm3741a	 0.0164
Bm3067a	 0.0210
Bm3805	 0.0237
Bm3421a	 0.0262
Bm2569a	 0.0431
Bm7696a	 0.0216
Bm2403a	 0.0277
Bm3753	 0.0215
Bm1894b	 0.0164
Bm13924a	 0.0616
Bm3358b	 0.0327
Bm2083	 0.0244
Bm6051	 0.0474
Bm13678a	 0.0399
Bm6870	 0.0425
Bm5883	 0.0466
Bm5092	 0.0371
Bm3061	 0.0463
Bm5678a	 0.0349
Bm4368a	 0.0260
Bm4276b	 0.0303
Bm6932	 0.0520
Bm4254	 0.0178
Bm2329	 0.2104
Bm6679a	 0.0250
Bm3420b	 0.0222
Bm13766	 0.0155
Bm3232	 0.0542
Bm2247	 0.0139
Bm4076	 0.0372
Bm5897a	 0.0266
Bm2167a	 0.0235
Bm13703a	 0.0216
Bm16920	 0.0190
Bm3129	 0.0076
Bm6768a	76.4487
Bm2027	 0.0153
Bm6426	 0.0107
Bm5489	 0.0393
Bm6173	 0.0340
Bm1842a	 0.0279
Bm11332	 0.0238
Bm1733a	 0.0369
Bm13915	 0.0201
Bm5264	 0.0399
Bm6214	 0.0000
Bm7255c	 0.0259
Bm7280	 0.0401
Bm2187	 0.0253
Bm7174	 0.0206
Bm5349a	 0.0158
Bm5051	 0.0353
Bm5176	 0.0347
Bm4297a	 0.0432
Bm13914	 0.0324
Bm2589a	 0.0314
Bm13985	 0.0264
Bm2932	 0.0582
Bm6200a	 0.0543
Bm2912b	 0.0228
Bm4814a	 0.0194
Bm7357	 0.0277
Bm6387b	 0.0380
Bm18211	 0.0351
Bm2791	 0.1139
Bm13688	 0.0237
Bm13758	 0.0196
Bm2424	 0.0263
Bm2486b	 0.0211
Bm13996	 0.0584
Bm5880	 0.0368
Bm12060	 0.0510
Bm5206	 0.0168
Bm6311a	 0.0166
Bm6217	 0.0291
Bm6224a	 0.0262
Bm5103a	 0.1474
Bm2843	 0.0216
Bm5378a	 0.0654
Bm6029	 0.1793
Bm5294	 0.0217
Bm4290	 0.0234
Bm7044	 0.0150
Bm2705a	 0.0149
Bm1855	 0.0354
Bm14055	 0.0420
Bm1462	 0.0225
Bm4627	 0.0229
Bm14071	 0.0274
Bm6803	 0.0246
Bm5674	 0.0092
Bm12828a	 0.0663
Bm4366	 0.0258
Bm12565	 0.0263
Bm10323	 0.0501
Bm6720	 0.0322
Bm9823	 0.0247
Bm13854b	 0.0293
Bm5107a	 0.0363
Bm4993	 0.0947
Bm2391	 0.0205
Bm5532	 0.0477
Bm12000a	 0.0816
Bm7482	 0.0751
Bm5282a	 0.0209
Bm5222	 0.0366
Bm7275	 0.0358
Bm7388	 0.0427
Bm6783	 0.0794
Bm13781a	 0.0182
Bm2466a	 0.0561
Bm3850	 0.0254
Bm3252	 0.0429
Bm3669	 0.0345
Bm13738	 0.0359
Bm13704a	 0.0520
Bm4153	 0.0412
Bm13680	 0.0256
Bm7614	 0.0941
Bm3813	 0.0266
Bm7333b	 0.0186
Bm5888	 0.0139
Bm4825a	 0.0169
Bm7142	 0.0224
Bm4403	 0.0254
Bm6915	 0.0304
Bm4547	 0.0852
Bm3102a	 0.0408
Bm6178	 0.0246
Bm3537	 0.0708
Bm5248a	 0.0524
Bm7277a	 0.0431
Bm5360b	 0.0287
Bm5232	 0.0235
Bm3672	 0.0319
Bm6529a	 0.0627
Bm7218	 0.0256
Bm5406a	 0.0242
Bm5455	 0.0198
Bm3934	 0.0354
Bm6306	 0.0229
Bm6851a	 0.0313
Bm5003b	 0.0226
Bm13963	 0.0408
Bm6976a	 0.0267
Bm3228a	 0.0261
Bm5943	 0.0390
Bm13988a	 0.0226
Bm4910	 0.0079
Bm6726	 0.0325
Bm3769	 0.0779
Bm3771	 0.0296
Bm2102b	 0.1910
Bm1821a	 0.0303
Bm11257	 0.0376
Bm7573	 0.0576
Bm5039a	 0.0341
Bm3477	 0.0403
Bm13751	 0.0267
Bm3205b	 0.0360
Bm9977	 0.0873
Bm13878	 0.0180
Bm1996	 0.0458
Bm6778b	 0.0533
Bm7430	 0.0562
Bm5052a	 0.0199
Bm3391a	 0.0305
Bm4606a	 0.0303
Bm4053	 0.0001
Bm5527	 0.0474
Bm3674a	 0.0538
Bm6850	 0.0602
Bm12042	 0.0473
Bm13658	 0.0502
Bm4348a	 0.0354
Bm3687	 0.0498
Bm2262a	 0.0296
Bm4706	 0.0261
Bm6543a	 0.0126
Bm6573b	 0.0243
Bm14046	 0.0589
Bm5399b	 0.0607
Bm3184	 0.0283
Bm11500	 0.0278
Bm5442a	 0.0451
Bm3369a	 0.0778
Bm7872	 0.0343
Bm3015	 0.0154
Bm5561	 0.0257
Bm6933	 0.0462
Bm14012	 0.0216
Bm4309	 0.0306
Bm2649	 0.0367
Bm3029	 0.0250
Bm7417	 0.0309
Bm13750a	 0.0353
Bm3127a	 0.0167
Bm5547	 0.0246
Bm7659a	 0.0412
Bm3426	 0.0271
Bm3200a	 0.0598
Bm7253	 0.0432
Bm3696	 0.0484
Bm6624b	 0.0288
Bm6866a	 0.0269
Bm2532b	 0.0196
Bm9875a	 0.0326
Bm13675	 0.0162
Bm1917a	 0.0063
Bm13951a	 0.0257
Bm3167a	 0.0236
Bm5071	 0.0335
Bm3924d	 0.0169
Bm5554	 0.0193
Bm1838a	 0.0335
Bm2954	 0.1377
Bm4347	 0.0156
Bm3101a	 0.0709
Bm14050a	 0.0080
Bm5579a	 0.0263
Bm5777	 0.0309
Bm3781	 0.0077
Bm6789	 0.0181
Bm4982	 0.0243
Bm6826a	 0.0126
Bm13686	 0.0342
Bm6151a	 0.0283
Bm7237a	 0.0137
Bm1695a	 0.0438
Bm5958	 0.0277
Bm6758	 0.0254
Bm6936	 0.0221
Bm3155	 0.0314
Bm8092a	 0.0449
Bm1932	 0.0440
Bm5479	 0.0552
Bm3646a	 0.0499
Bm2955	 0.0238
Bm6009	 0.0272
Bm14000	 0.0140
Bm5926a	 0.0202
Bm13897	 0.0202
Bm3181a	 0.0395
Bm4824	 0.0231
Bm6589	 0.0602
Bm4386b	 0.0286
Bm3033	 0.0306
Bm4181	 0.0212
Bm2278	 0.0616
Bm2437b	 0.0367
Bm6005b	 0.0234
Bm4147	 0.0210
Bm2642	 0.0175
Bm9053	 0.0564
Bm4610a	 0.0292
Bm5802a	 0.0215
Bm3712a	 0.0224
Bm2290	 0.0374
Bm4572a	 0.0213
Bm4496	 0.0194
Bm2617	 0.0942
Bm12191	 0.0148
Bm14056	 0.0141
Bm7566	 0.0207
Bm17349	 0.0378
Bm7187	 0.0623
Bm9391a	 0.0327
Bm4972	 0.0236
Bm6805	 0.0352
Bm6239	 0.0193
Bm8538	 0.1114
Bm3715	 0.0302
Bm5918	 0.0305
Bm2899	 0.0559
Bm4360b	 0.0252
Bm5707	 0.0342
Bm4640	 0.0551
Bm1775	 0.0142
Bm12236	 0.0223
Bm6373a	 0.0237
Bm7545a	 0.1116
Bm8339	 0.0344
Bm8688	 0.0192
Bm3516	 0.0062
Bm5535	 0.0302
Bm3238	 0.0289
Bm4487a	 0.0241
Bm13690	 0.0240
Bm4559a	 0.0327
Bm4843	 0.0264
Bm5636a	 0.0321
Bm4527	 0.0191
Bm13936	 0.0519
Bm2126a	 0.0061
Bm13803	 0.0244
Bm11719	 0.0566
Bm6791	 0.0597
Bm3766a	 0.0208
Bm2241	 0.0327
Bm2379a	 0.0224
Bm5935a	 0.0329
Bm7096	 0.0237
Bm3689a	 0.0407
Bm3576a	 0.0226
Bm1980	 0.0416
Bm5239	 0.0265
Bm10613b	 0.0210
Bm4575a	 0.0174
Bm6523a	 0.0177
Bm3096	 0.0213
Bm1829a	 0.0367
Bm9435a	 0.0461
Bm14722a	 0.0183
Bm2531b	 0.0256
Bm12882a	 0.0281
Bm17622	 0.0412
Bm2827	 0.0526
Bm17942	 0.0412
Bm6168	 0.0414
Bm6697	 0.0405
Bm1754	 0.0000
Bm7126	 0.0138
Bm5191b	 0.0233
Bm2127a	 0.0266
Bm4245	 0.0252
Bm2216a	 0.0689
Bm4522	 0.0334
Bm1975	 0.0301
Bm4849	 0.0435
Bm1716a	 0.0135
Bm2616b	 0.0260
Bm7165	 0.0305
Bm3622a	 0.0346
Bm3898a	 0.0269
Bm11204a	 0.0134
Bm13865	 0.0261
Bm6003	 0.0315
Bm4959a	 0.0553
Bm2820a	 0.0235
Bm4294	 0.0665
Bm18138	 0.0361
Bm7274	 0.0378
Bm13831	 0.0166
Bm6355	 0.0071
Bm5375	 0.0730
Bm13959	 0.0275
Bm2318a	 0.0244
Bm3675	 0.0001
Bm3320a	 0.0164
Bm17896	 0.0297
Bm5000a	 0.0551
Bm13941b	 0.0370
Bm6975	 0.0413
Bm5580	 0.0350
Bm12612b	 0.0131
Bm14029	 0.0272
Bm5947a	 0.0149
Bm2863	 0.0323
Bm7411a	 0.0247
Bm1784	 0.0415
Bm2413a	 0.0252
Bm4771	 0.0397
Bm2128	 0.0277
Bm2439	 0.0156
Bm3437a	 0.0300
Bm4980a	 0.0181
Bm13946	 0.0473
Bm3897	 0.0524
Bm16930	 0.0000
Bm6712	 0.0210
Bm4389	 0.0304
Bm2794a	 0.0303
Bm7395	 0.0395
Bm5832	 0.0122
Bm5434a	 0.0269
Bm6857a	 0.0545
Bm2441	 0.0518
Bm2581a	 0.0227
Bm3371	 0.0831
Bm4594	 0.0613
Bm4472	 0.0299
Bm3399a	 0.0276
Bm877b	 0.0337
Bm5855a	 0.0263
Bm7329	 0.0275
Bm3930	 0.0000
Bm5839	 0.0358
Bm2627a	 0.0285
Bm13795	 0.0330
Bm5713a	 0.0348
Bm2864	 0.0196
Bm6888	 0.0416
Bm3497	 0.0314
Bm3855d	 0.0284
Bm2032	 0.0264
Bm3058b	 0.0024
Bm4761a	 0.0390
Bm5289	 0.0174
Bm2560b	 0.0382
Bm6112a	 0.0276
Bm12208	 0.0362
Bm2815	 0.0410
Bm1983	 0.0555
Bm6898a	 0.0202
Bm7712	 0.0387
Bm7964	 0.0314
Bm5319	 0.0556
Bm3234	 0.0282
Bm6737a	 0.0576
Bm10899	 0.0189
Bm4954a	 0.0277
Bm1828	 0.0324
Bm3987	 0.0253
Bm1973b	 0.0058
Bm10781	 0.0115
Bm6102a	 0.0285
Bm1914a	 0.0831
Bm13908	 0.0278
Bm3137	 0.0714
Bm7083	 0.0496
Bm1765a	 0.0151
Bm4101	 0.0209
Bm2693	 0.0223
Bm4412	 0.0636
Bm3620	 0.0224
Bm1816a	 0.0549
Bm13779b	 0.0410
Bm4293	 0.0490
Bm2408	 0.0254
Bm3402	 0.0236
Bm4560a	 0.0205
Bm16942b	 0.0131
Bm1768a	 0.0181
Bm6261b	 0.0307
Bm4680	 0.0278
Bm10089a	 0.0275
Bm6986	 0.0183
Bm3660	 0.0290
Bm3901	 0.0142
Bm6146a	 0.0108
Bm7871	 0.0842
Bm2595a	 0.0362
Bm7450	 0.0452
Bm4550a	 0.0389
Bm7141	 0.0340
Bm13864	 0.0147
Bm4390	 0.0281
Bm3802	 0.0340
Bm1679	 0.0131
Bm3871a	 0.0365
Bm2920	 0.0384
Bm6352a	 0.0166
Bm3280	 0.0431
Bm4919	 0.0491
Bm5940	 0.0314
Bm5212	 0.0257
Bm3213a	 0.0382
Bm6072	 0.0283
Bm6859a	 0.0787
Bm4400	 0.0356
Bm1924c	 0.0331
Bm4648	 0.0351
Bm13893	 0.0281
Bm13673	 0.0195
Bm4923	 0.0218
Bm7267	 0.0001
Bm6833	 0.0126
Bm3162a	 0.0301
Bm13829	 0.1072
Bm6256	 0.0214
Bm7268b	 0.0437
Bm5494	 0.0306
Bm1993	 0.0342
Bm6844a	 0.0125
Bm13655	 0.0620
Bm11618	 0.0953
Bm2240	 0.0461
Bm4189	 0.0402
Bm3984	 0.0242
Bm3063	 0.0630
Bm7205	 0.0430
Bm5415a	 0.0305
Bm13898	 0.0236
Bm6524c	 0.0260
Bm5942a	 0.0510
Bm4956a	 0.0197
Bm5976a	 0.0520
Bm2331a	 0.0327
Bm5806b	 0.0390
Bm9502a	 0.0489
Bm4948	 0.0239
Bm13719	 0.0090
Bm3707a	 0.0355
Bm6729a	 0.0287
Bm3836	 0.0515
Bm7587	11.4687
Bm4667	 0.0562
Bm3221	 0.0610
Bm3006	 0.0392
Bm3236	 0.0251
Bm3997	 0.0401
Bm5145	 0.0356
Bm6148	 0.0385
Bm5719	 0.0355
Bm4858	 0.0126
Bm2688a	 0.0702
Bm9759	 0.0409
Bm1870a	 0.0415
Bm11233	 0.0422
Bm5771	 0.0323
Bm6603	 0.0359
Bm6905a	 0.0309
Bm2003a	 0.0433
Bm7436a	 0.0336
Bm4886	 0.0406
Bm18600	 0.0147
Bm5879	 0.0052
Bm6397	 0.0232
Bm6331a	 0.0394
Bm4397	 0.0485
Bm4067a	 0.0352
Bm5953a	 0.0456
Bm7530	 0.0102
Bm13765	 0.0250
Bm6772	 0.0100
Bm6807	 0.0228
Bm4781	 0.0127
Bm14037a	 0.0083
Bm4008	 0.0249
Bm2333a	 0.0359
Bm5113a	 0.0323
Bm6028	 0.0388
Bm3074	 0.0283
Bm4036	 0.0554
Bm3619	 0.0712
Bm6199a	 0.0084
Bm2620b	 0.0062
Bm5799	 0.0299
Bm2446	 0.0531
Bm5004a	 0.0267
Bm3452	 0.0450
Bm6979	 0.0240
Bm4790	 0.0215
Bm2436	 0.0227
Bm17772	 0.0297
Bm2473a	 0.0209
Bm4311	 0.0174
Bm14006	 0.0205
Bm2970	 0.0176
Bm14015a	 0.0263
Bm2952a	 0.0060
Bm3890	 0.0252
Bm5612	 0.0210
Bm4997	 0.0231
Bm6460	 0.0098
Bm5568	 0.0286
Bm7177	 0.0204
Bm2246a	 0.0724
Bm4975	 0.0294
Bm7180a	 0.0262
Bm4120	 0.0264
Bm10561a	 0.0114
Bm13935	 0.0149
Bm2303	 0.0365
Bm1953	 0.0108
Bm13790	 0.0719
Bm13848	 0.0182
Bm6682	 0.0366
Bm3022a	 0.0612
Bm5220	 0.0158
Bm4769a	 0.0277
Bm4541a	 0.0295
Bm6876	 0.0336
Bm1745a	 0.0219
Bm6008	 0.0660
Bm5114a	 0.0323
Bm5043	 0.0264
Bm2339a	 0.0405
Bm7042a	 0.0775
Bm3800	 0.0159
Bm1964a	 0.0410
Bm5267a	 0.0283
Bm1783e	 0.0182
Bm3412	 0.0258
Bm4666	 0.0544
Bm5742	 0.0581
Bm4636	 0.0325
Bm3806	 0.0298
Bm1693b	 0.0254
Bm3379	 0.0313
Bm2515b	 0.0560
Bm3550a	 0.0513
Bm6954	 0.0429
Bm13845a	 0.0376
Bm2512	 0.0289
Bm5646	 0.0166
Bm2655	 0.0440
Bm3316	 0.0321
Bm6861	 0.0312
Bm3706a	 0.0256
Bm4196	 0.0273
Bm5369a	 0.0179
Bm3410	 0.0457
Bm7662	 0.0402
Bm4866	 0.0163
Bm14778	 0.0369
Bm3045a	 0.0406
Bm5720	 0.0236
Bm4014	 0.0474
Bm13969	 0.0487
Bm2768a	 0.0106
Bm7339a	 0.0562
Bm5858b	 0.0182
Bm5741a	 0.0288
Bm13669	 0.0351
Bm5688	 0.0442
Bm2030	 0.0080
Bm3003a	 0.1702
Bm13788	 0.0326
Bm5440	 0.0190
Bm6916	 0.0240
Bm4762	 0.0297
Bm4639	 0.0211
Bm5850a	 0.0436
Bm6467	 0.0200
Bm5316a	 0.0300
Bm13666a	 0.0276
Bm1823a	 0.0191
Bm7181	 0.0260
Bm6218	 0.0442
Bm5583	 0.0806
Bm3401a	 0.0323
Bm5409	 0.0921
Bm1922a	 0.0195
Bm6832	 0.0491
Bm2546	 0.0338
Bm13982a	 0.0046
Bm7490b	 0.0313
Bm5761a	 0.0092
Bm7634a	 0.0775
Bm3892a	 0.0198
Bm2165a	 0.0220
Bm7289a	 0.0275
Bm2593	 0.0534
Bm5030b	 0.0328
Bm5124d	 0.0365
Bm3272d	 0.0230
Bm4478	 0.0406
Bm7066	 0.0091
Bm1940a	 0.0463
Bm3315	 0.0257
Bm7657	 0.0297
Bm2352	 0.0000
Bm11665	 0.0555
Bm2972	 0.0279
Bm4518	 0.1228
Bm7456	 0.0205
Bm2635	 0.0228
Bm6977a	 0.0685
Bm6370a	 0.0640
Bm7398	 0.0323
Bm5185	 0.0711
Bm6461	 0.0316
Bm12108	 0.0254
Bm6824b	 0.0345
Bm5624	 0.0246
Bm3874	 0.0541
Bm8264	 0.0196
Bm2488a	 0.0938
Bm13928a	 0.0156
Bm6305	 0.0335
Bm7110a	 0.0415
Bm4019b	 0.0248
Bm17080	 0.0171
Bm3847	 0.0213
Bm5643	 0.0530
Bm14714	 0.0577
Bm2929a	 0.0281
Bm3287a	 0.0499
Bm4318a	 0.0462
Bm2098	 0.0477
Bm1788	 0.0287
Bm7047	 0.0272
Bm3947	 0.1073
Bm10056	 0.0402
Bm4965	 0.0395
Bm4146	 0.0249
Bm5390	 0.0341
Bm9772b	 0.0200
Bm6602a	 0.0060
Bm2552	 0.0154
Bm6530	 0.0168
Bm7302	 0.0269
Bm13668	 0.0294
Bm6010	 0.0223
Bm5746	 0.0439
Bm5352	 0.0122
Bm6444	 0.0479
Bm5753a	 0.0354
Bm4505	 0.0050
Bm2783	 0.0274
Bm6398a	 0.0411
Bm2462	 0.0170
Bm3044b	 0.0145
Bm3204	 0.0860
Bm6435a	 0.0260
Bm4484	 0.0437
Bm3442a	 0.0243
Bm6922b	 0.0356
Bm3361	 0.0343
Bm3107	 0.0282
Bm6885	 0.0110
Bm4327	 0.0265
Bm4460	 0.0226
Bm7570	 0.0234
Bm5061a	 0.0240
Bm14667b	 0.0828
Bm7405	 0.0668
Bm4319b	 0.0210
Bm6130	 0.0001
Bm10445	 0.0290
Bm4521a	 0.0876
Bm14032	 0.0333
Bm755	 0.0269
Bm7241	 0.0215
Bm6428a	 0.0126
Bm3553	 0.0307
Bm4914a	 0.0338
Bm6067a	 0.0370
Bm4075b	 0.0347
Bm4655a	 0.0266
Bm13706	 0.0303
Bm2180b	 0.1366
Bm3328	 0.0364
Bm4770	 0.0304
Bm3314a	 0.0475
Bm3334	 0.0247
Bm5974a	 0.0566
Bm3708	 0.0331
Bm5614	 0.0505
Bm6429	 0.0298
Bm7002d	 0.0281
Bm3118a	 0.0208
Bm6559a	 0.0265
Bm2996	 0.0821
Bm13741	 0.0273
Bm13895a	 0.0327
Bm3904a	 0.0552
Bm7514	 0.0191
Bm13999	 0.0276
Bm2113a	 0.0560
Bm7278	 0.0160
Bm2673a	 0.0074
Bm6326	 0.0100
Bm7210	 0.0272
Bm13667a	 0.0191
Bm6597	 0.0177
Bm4057	 0.0255
Bm5757a	 0.0910
Bm6126	 0.0233
Bm4061	 0.0507
Bm4804a	 0.0306
Bm6443	 0.0324
Bm7252b	 0.0195
Bm6623	 0.0359
Bm5146	 0.0349
Bm6095a	 0.0519
Bm4353b	 0.0218
Bm5519a	 0.0245
Bm2272	 0.0778
Bm5121	 0.0061
Bm3953	 0.0278
Bm5629b	 0.0279
Bm14075	 0.0000
Bm11439	 0.0214
Bm5424	 0.0866
Bm6632a	 0.0188
Bm2666a	 0.0543
Bm6196a	 0.0338
Bm6319a	 0.0522
Bm3507	 0.0300
Bm4986	 0.0713
Bm13692	 0.0320
Bm6709	 0.0287
Bm1697a	 0.0234
Bm2814	 0.0320
Bm13983	 0.0274
Bm1970a	 0.0393
Bm12054	 0.0643
Bm5686	 0.0092
Bm2603	 0.0717
Bm6953	 0.0263
Bm5744	 0.1405
Bm4644b	 0.0330
Bm14732	 0.0586
Bm7272a	 0.0418
Bm6988	 0.0313
Bm4876	 0.0298
Bm3408	 0.1312
Bm13677	 0.0089
Bm7671c	 0.0722
Bm4493	 0.0609
Bm2775	 0.0341
Bm7157	 0.0286
Bm6515	 0.0079
Bm18133	 0.0794
Bm4417a	 0.0170
Bm2140	 0.0248
Bm4077a	 0.0563
Bm4420a	 0.0509
Bm2404a	 0.0610
Bm2986	 0.0075
Bm13835	 0.0416
Bm2992	 0.0252
Bm2211b	 0.0281
Bm1851	 0.0424
Bm3830	 0.0330
Bm11577	 0.0328
Bm5213a	 0.0514
Bm7317	 0.0305
Bm2453	 0.0262
Bm3964	 0.0241
Bm5055	 0.0227
Bm4701	 0.0187
Bm7510	 0.0155
Bm3242	 0.0263
Bm4939a	 0.0243
Bm17527	 0.0199
Bm5223	 0.0208
Bm6254a	 0.0352
Bm2822	 0.0130
Bm3907b	 0.0370
Bm14022	 0.0198
Bm6113	 0.0805
Bm5474	 0.0320
Bm5247	 0.0139
Bm1974b	 0.0199
Bm5738a	 0.0178
Bm7164	 0.0105
Bm2585	 0.0394
Bm4151c	 0.0246
Bm17754b	 0.0414
Bm13892	 0.0168
Bm10500a	 0.0264
Bm6934	 0.0222
Bm1782a	 0.1076
Bm4376	 0.0145
Bm13819	 0.0160
Bm3928	 0.0145
Bm3634	 0.0216
Bm6968	 0.0001
Bm4932a	 0.0430
Bm2908	 0.0192
Bm3262	 0.0252
Bm9758	 0.0227
Bm5368	 0.0156
Bm7283a	 0.0155
Bm2917	 0.0411
Bm5619b	 0.0087
Bm4192	 0.0242
Bm1549	 0.0290
Bm13873	 0.0331
Bm2009a	 0.0191
Bm6985	 0.0168
Bm6430a	 0.0325
Bm5410a	 0.0205
Bm1736	 0.0124
Bm6448	 0.0354
Bm2061	 0.0337
Bm13763	 0.0238
Bm7813a	 0.0249
Bm7095	 0.0240
Bm13931	 0.0159
Bm5091	 0.0179
Bm5009	 0.0480
Bm2951	 0.0001
Bm4683	 0.0404
Bm6702	 0.0080
Bm14026	 0.0407
Bm6967a	 0.0083
Bm3050	 0.0257
Bm5658	 0.0432
Bm6405	 0.0297
Bm11995	 0.0220
Bm6473a	 0.0207
Bm6447b	 0.0343
Bm13990b	 0.0568
Bm4109	 0.0316
Bm7061	 0.0962
Bm2886	 0.0267
Bm2323a	 0.0212
Bm3445	 0.0085
Bm6390	 0.0132
Bm2223b	 0.0344
Bm3974	 0.0294
Bm7513	 0.0096
Bm7632	 0.1305
Bm3235	 0.0766
Bm5653	 0.0540
Bm2121a	 0.0191
Bm4911	 0.0000
Bm4546a	 0.0341
Bm4459	 0.0140
Bm3992	 0.0662
Bm6984	 0.0165
Bm4060	 0.0283
Bm5964	 0.0229
Bm5451	 0.0187
Bm13814	 0.0189
Bm4343a	 0.0116
Bm5578a	 0.0250
Bm7362	 0.0571
Bm5202	 0.0706
Bm7078	 0.0508
Bm2719c	 0.0138
Bm10829	 0.0444
Bm18059	 0.0371
Bm7162a	 0.0212
Bm5473a	 0.0472
Bm3223a	 0.0232
Bm5426a	 0.0205
Bm7455a	 0.0359
Bm6385	 0.0156
Bm5261	 0.0979
Bm2346a	 0.1256
Bm7596	 0.1954
Bm6935b	 0.0208
Bm1961a	 0.0432
Bm3912	 0.0728
Bm2248	 0.0492
Bm12536	 0.0390
Bm3876	 0.0213
Bm7523	 0.0296
Bm7498	 0.0202
Bm2887a	 0.0298
Bm4010	 0.0266
Bm3544	 0.0450
Bm11186	11.4542
Bm1752a	 0.0134
Bm4030	 0.0599
Bm5001b	 0.0275
Bm3198	 0.0201
Bm13685	 0.0243
Bm4928a	 0.0594
Bm2447b	 0.0170
Bm5088a	 0.0300
Bm1701	 0.0300
Bm8754	 0.0491
Bm5931a	 0.0175
Bm2440	 0.0246
Bm7197	 0.0477
Bm5630b	 0.0293
Bm17651	 0.0209
Bm6592b	 0.0504
Bm3632	 0.0144
Bm5002	 0.0381
Bm2910a	 0.0618
Bm2717a	 0.0126
Bm3791	 0.0174
Bm11121	 0.0282
Bm13977	 0.0200
Bm7069b	 0.0329
Bm5906	 0.0363
Bm4228	 0.0803
Bm13939a	 0.0495
Bm6174b	 0.0261
Bm3679	 0.0559
Bm3348	 0.0382
Bm4596c	 0.0325
Bm4694	 0.0287
Bm6156a	 0.0354
Bm7026	 0.0408
Bm13967	 0.0203
Bm13958	 0.0385
Bm7084	 0.0204
Bm7288b	 0.0309
Bm5243a	 0.0263
Bm2489	 0.0101
Bm6333	 0.0157
Bm7512	 0.0109
Bm3560	 0.0422
Bm6369a	 0.0002
Bm5335a	 0.0171
Bm7058	 0.0275
Bm7630	 0.0361
Bm2349	 0.0165
Bm5628a	 0.0718
Bm724	 0.0311
Bm2451a	 0.0176
Bm1887	 0.0245
Bm2507a	 0.0303
Bm5793	 0.0240
Bm2892	 0.0356
Bm11236	 0.0234
Bm6617	 0.0161
Bm6814	 0.0296
Bm6535	 0.0354
Bm3772a	 0.0206
Bm11710	 0.0248
Bm5833	 0.0339
Bm1684	 0.0260
Bm4466	 0.0193
Bm3042b	 0.0253
Bm5586	 0.0191
Bm1839	 0.0491
Bm13890	 0.0363
Bm3738	 0.0383
Bm4916a	 0.0189
Bm3250	 0.0304
Bm13709	 0.0316
Bm13760	 0.0234
Bm4662a	 0.0371
Bm3373	 0.0248
Bm3556e	 0.0354
Bm3819	 0.0267
Bm4578b	 0.0589
Bm14785	 0.0544
Bm2777	 0.0544
Bm1853	 0.0285
Bm7521b	 0.0541
Bm9063	 0.0080
Bm4499	 0.0258
Bm3152	 0.0265
Bm1912a	 0.0513
Bm14205	 0.0397
Bm5026	 0.0318
Bm3186a	 0.0100
Bm6654	 0.0327
Bm10440a	 0.0408
Bm4784	 0.0474
Bm13950	 0.0182
Bm1787	 0.2099
Bm7507	 0.0283
Bm11336	 0.0223
Bm4791a	 0.0356
Bm4695a	 0.0299
Bm4995a	 0.0100
Bm1738	 0.0158
Bm3081a	 0.0192
Bm2069	 0.0605
Bm4274	 0.0229
Bm637a	 0.0405
Bm7150	 0.0503
Bm4458a	 0.0076
Bm5236b	 0.0511
Bm13900	 0.0152
Bm5392a	 0.0196
Bm3366a	 0.0186
Bm3562	 0.0373
Bm7010	 0.0282
Bm6422b	 0.0217
Bm2107	 0.0105
Bm3948a	 0.0284
Bm3903	 0.0492
Bm7034a	 0.0562
Bm6502	 0.0554
Bm6998	 0.0530
Bm6301b	 0.0207
Bm3385	 0.0235
Bm18101	 0.0308
Bm11148	 0.0501
Bm1859	 0.0315
Bm4314	 0.0360
Bm6074	 0.0226
Bm2197	 0.0138
Bm5063	 0.0337
Bm6477	 0.0308
Bm7669a	 2.0855
Bm3089	 0.0194
Bm5846a	 0.0444
Bm7620	 0.0211
Bm7035	 0.0491
Bm14043	 0.0208
Bm9372	 0.2232
Bm4011a	 0.0132
Bm6386a	 0.0225
Bm3749a	 0.0243
Bm5765	 0.0306
Bm2776	 0.0388
Bm6313a	 0.0394
Bm7594a	 0.0123
Bm7074a	 0.0516
Bm6104	 0.0416
Bm5972a	 0.0209
Bm2288	 0.0049
Bm2860	 0.0461
Bm11432a	 0.0215
Bm7655a	 0.0242
Bm2900b	 0.0293
Bm6574a	 0.0348
Bm9221	 0.0378
Bm9892	 0.0154
Bm3937c	 0.0471
Bm1931a	 0.0298
Bm2412	 0.0535
Bm13720	 0.0354
Bm4679	 0.0247
Bm2497b	 0.0491
Bm2402	 0.0391
Bm2579	 0.0171
Bm1760a	 0.0313
Bm4775a	 0.0167
Bm4085	 0.0580
Bm2067a	 0.0114
Bm6212	 0.0594
Bm5671	 0.0276
Bm7511	 0.0273
Bm5791	 0.0722
Bm3773	 0.0794
Bm6431a	 0.0458
Bm2002a	 0.0407
Bm13896	 0.0119
Bm14088	 0.0382
Bm2614	 0.0247
Bm10949	 0.0353
Bm2293a	 0.0479
Bm6774	 0.0306
Bm1795a	 0.0236
Bm5034	 0.0615
Bm3889a	 0.0152
Bm4510	 0.0210
Bm4909	 0.0930
Bm8359a	 0.0228
Bm4691	 0.0243
Bm2576a	 0.0254
Bm13838a	 0.0270
Bm7247b	 0.0514
Bm13879	 0.0260
Bm6184b	 0.0137
Bm5012a	 0.0176
Bm5325	 0.0225
Bm3671	 0.0152
Bm3268	 0.2281
Bm6738a	 0.0207
Bm7076e	 0.0213
Bm7306	 0.0615
Bm2782	 0.0353
Bm14687a	 0.0428
Bm7054a	 0.0206
Bm10973	 0.0715
Bm6495	 0.0500
Bm13945	 0.0348
Bm2145	 0.0368
Bm1685b	 0.0252
Bm4300	 0.0313
Bm7169a	 0.0250
Bm9637	 0.0068
Bm3720	 0.0000
Bm8576	 0.0471
Bm3629a	 0.0204
Bm7053	 0.0483
Bm4268	 0.0300
Bm7192	 0.0685
Bm6438a	 0.0469
Bm6580	 0.0232
Bm3068a	 0.0176
Bm6271	 0.0359
Bm2721a	 0.0189
Bm1629b	 0.1116
Bm5035a	 0.0131
Bm2013	 0.0316
Bm5837	 0.0287
Bm6296a	 0.0223
Bm1720a	 0.0281
Bm5411a	 0.0368
Bm5957a	 0.0104
Bm18220a	 0.0251
Bm11494a	 0.0476
Bm2807	 0.0428
Bm13850	 0.0179
Bm3473	 0.0392
Bm5080a	 0.0319
Bm13971	 0.0240
Bm3730a	 0.0499
Bm13981a	 0.0418
Bm4027a	 0.0445
Bm6274a	 0.0985
Bm7155a	 0.0110
Bm2903	 0.0438
Bm6647	 0.0128
Bm5639	 0.0800
Bm18189	 0.0371
Bm2198a	 0.0209
Bm3795	 0.0337
Bm14023	 0.0105
Bm6598	 0.0359
Bm13804	 0.0314
Bm6227	 0.0264
Bm6327	 0.0221
Bm14783	 0.0284
Bm7624a	 0.0311
Bm14077	 0.0145
Bm4462	 0.0257
Bm3977a	 0.0374
Bm14065a	 0.0138
Bm10007	 0.0742
Bm6801b	 0.0439
Bm4423	 0.0317
Bm4490	 0.0208
Bm5737b	 0.0438
Bm3322	 0.0414
Bm6660	 0.0447
Bm6169a	 0.0486
Bm7563	 0.0188
Bm6310	 0.0167
Bm1892	 0.0393
Bm6766	 0.0499
Bm3894b	 0.0382
Bm5118a	 0.0671
Bm3430	 0.0556
Bm1836a	 0.0205
Bm5925	 0.0171
Bm3586	 0.0899
Bm2168b	 0.0319
Bm5376	 0.0338
Bm5322a	 0.0358
Bm6295a	 0.0486
Bm4305a	 0.0307
Bm6943	 0.0938
Bm4486a	 0.0784
Bm5454a	 0.0533
Bm9537	 0.0253
Bm2987a	 0.0138
Bm4692a	 0.0500
Bm2182a	 0.0262
Bm5985a	 0.0305
Bm7321	 0.0141
Bm11962	 0.0280
Bm2483	 0.0162
Bm4328	 0.0330
Bm5780	 0.0334
Bm7292	 0.0382
Bm6083	 0.0211
Bm4815c	 0.0224
Bm3705	 0.0322
Bm7264e	 0.0314
Bm6055	 0.0173
Bm6516	 0.0274
Bm6347a	 0.0676
Bm9279	 0.0474
Bm12412c	 0.0221
Bm5488a	 0.0950
Bm3861	 0.0227
Bm2454	 0.0260
Bm6841c	 0.0645
Bm6902	 0.0372
Bm7041	 0.0319
Bm4625a	 0.0273
Bm7291	 0.0927
Bm7326	 0.1541
Bm2377	 0.0353
Bm3946	 0.0281
Bm4949b	 0.0254
Bm6208	 0.0172
Bm5072a	 0.0372
Bm13735a	 0.0190
Bm11157a	 0.0137
Bm11276	 0.0285
Bm13929	 0.0373
Bm7367	 0.0478
Bm5728	 0.0465
Bm2225	 0.0422
Bm2088a	 0.0107
Bm3392a	 0.0375
Bm13960	 0.0351
Bm13894	 0.0584
Bm13837	 0.0120
Bm5509	 0.0411
Bm4489	 0.0305
Bm3990	 0.0259
Bm2844	 0.0209
Bm2084	 0.0101
Bm4740	 0.0000
Bm4786a	 0.0540
Bm4092	 0.0411
Bm6259a	 0.0395
Bm7644	 0.0272
Bm1759	 0.0308
Bm14698a	 0.0159
Bm2185	 0.0331
Bm3943	 0.0232
Bm5679a	 0.0262
Bm3579	 0.0323
Bm7172	 0.0442
Bm7472	 0.0425
Bm4315	 0.0611
Bm4659a	 0.0266
Bm7303	 0.0630
Bm3662	 0.0208
Bm2533	 0.0395
Bm7645	 0.0285
Bm5625a	 0.0314
Bm6987	 0.0127
Bm6739a	 0.0331
Bm2445a	 0.0451
Bm13926	 0.0247
Bm3327	 0.0347
Bm3051	 0.0214
Bm14063	 0.0000
Bm11135	 0.0296
Bm13973	 0.0471
Bm6141a	 0.0191
Bm18194	 0.0292
Bm13966	 0.0351
Bm3474a	 0.0167
Bm5861a	 0.0108
Bm6864	 0.0216
Bm6107	 0.0108
Bm6961	 0.0302
Bm2861b	 0.0245
Bm5982	 0.0378
Bm2700	 0.1366
Bm5928a	 0.0239
Bm9961b	 0.0371
Bm1694a	 0.0369
Bm7560	 0.0149
Bm2425	 0.0156
Bm4577	 0.0082
Bm5587	 0.0612
Bm6544b	 0.0473
Bm2606	 0.0247
Bm13743	 0.0258
Bm2543	 0.0882
Bm4892	 0.0465
Bm5617	 0.0229
Bm1700a	 0.0246
Bm6242b	 0.0125
Bm11943a	 0.0541
Bm7060	 0.0617
Bm6526b	 0.0596
Bm2623a	 0.0374
Bm4252	 0.0116
Bm2949	 0.0629
Bm2571	 0.0181
Bm13773a	 0.0153
Bm3355	 0.0357
Bm4278	 0.0223
Bm4114	 0.0355
Bm2361	 0.0631
Bm1860a	 0.0395
Bm7618	 0.0319
Bm6883	 0.0132
Bm3005	 0.0327
Bm1750a	 0.0182
Bm5128	 0.0278
Bm6921	 0.0398
Bm5756	 0.0337
Bm11380	 0.0210
Bm4345a	 0.0287
Bm3335a	 0.0229
Bm2132	 0.0530
Bm1888a	 0.0268
Bm7263	 0.0280
Bm10901	 0.0319
Bm4050b	 0.0603
Bm3638b	 0.0736
Bm6458b	 0.0204
Bm5584a	 0.0206
Bm7212	 0.0229
Bm2387	 0.0077
Bm1708a	 0.0102
Bm13812a	 0.0237
Bm5476	 0.0853
Bm14053	 0.0255
Bm3770	 0.0285
Bm13821a	 0.0175
Bm6036	 0.0282
Bm7249	 0.0381
Bm4308a	 0.0188
Bm14078	 0.0104
Bm3744a	 0.0439
Bm12329	 0.0878
Bm4777a	 0.0334
Bm2534	 0.0287
Bm4488	 0.0352
Bm6531	 0.0255
Bm4275b	 0.0632
Bm10012	 0.0178
Bm4901	 0.0133
Bm13964	 0.0292
Bm4848	 0.0000
Bm4073	 0.0750
Bm4419	 0.0312
Bm4524	 0.0742
Bm3798a	 0.0157
Bm3508	 0.0206
Bm4708	 0.0490
Bm5142	 0.0456
Bm13899	 0.1013
Bm3143a	 0.0330
Bm7481a	 0.0411
Bm3867a	 0.0468
Bm4889a	 0.0177
Bm2181a	 0.0570
Bm10843a	 0.0986
Bm14753	 0.0318
Bm18585	 0.0477
Bm3571	 0.3523
Bm3434	 0.0429
Bm6395	 0.0272
Bm4902a	 0.0439
Bm2824	 0.0164
Bm1934a	 0.0176
Bm9321	 0.0210
Bm4750a	 0.0309
Bm5525a	 0.1084
Bm6693a	 0.0377
Bm4650	 0.0490
Bm5823b	 0.0474
Bm6016	 0.0361
Bm6930a	 0.0214
Bm4817a	 0.0586
Bm6980a	 0.0229
Bm13714	 0.0123
Bm3297a	 0.0305
Bm3961a	 0.0356
Bm5417	 0.0374
Bm13754	 0.0329
Bm5257	 0.0355
Bm4992	 0.0409
Bm13916	 0.0313
Bm6247	 0.0154
Bm6213	 0.0475
Bm2072a	 0.1335
Bm7198	 0.1184
Bm5298	 0.0082
Bm2101	 0.0309
Bm4096c	 0.0596
Bm6011	 0.0065
Bm13943	 0.0228
Bm6229a	 0.0343
Bm3306	 0.0252
Bm2513a	 0.0306
Bm3299a	 0.0266
Bm4842	 0.0357
Bm3852	 0.0343
Bm12499a	 0.0176
Bm1916	 0.0287
Bm6798	 0.0279
Bm13818	 0.0428
Bm2521b	 0.0464
Bm2395	 0.0229
Bm3332d	 0.0419
Bm4447	 0.0375
Bm5606	 0.0339
Bm5615	 0.0334
Bm2161c	 0.0339
Bm3887	 0.0502
Bm3542	 0.1786
Bm4032	 0.0138
Bm5467	 0.0295
Bm3028a	 0.0292
Bm4094a	 0.0117
Bm6868b	 0.0391
Bm2478a	 0.2880
Bm14025	 0.0356
Bm4705	 0.0275
Bm7571	 0.0665
Bm4239	 0.0315
Bm6286	 0.0724
Bm11389	 0.0400
Bm5876	 0.0405
Bm4307a	 0.0280
Bm5269a	 0.0426
Bm14057	 0.0352
Bm5038	 0.0256
Bm3589a	 0.1100
Bm6947	 0.0228
Bm3592a	 0.1691
Bm5277a	 0.0408
Bm11294b	 0.0170
Bm3820a	 0.0378
Bm6328b	 0.0538
Bm10842	 0.0218
Bm2888	 0.0153
Bm12503	 0.0215
Bm4968a	 0.0261
Bm13691	 0.0209
Bm7067	 0.0247
Bm5129	 0.0226
Bm6241	 0.0465
Bm5452	 0.0262
Bm5669	 0.0181
Bm2637a	 0.2128
Bm6077	 0.0510
Bm6978	 0.0301
Bm3065	 0.0882
Bm3404a	 0.0131
Bm6042a	 0.0413
Bm3207a	 0.0208
Bm1114	 0.0345
Bm1875a	 0.0112
Bm12590b	 0.0296
Bm6741	 0.0143
Bm3336	 0.0368
Bm4725	 0.0048
Bm5993	 0.0140
Bm7496	 0.0348
Bm1954a	 0.0466
Bm3309b	 0.0217
Bm13665	 0.2145
Bm7420	 0.0351
Bm10312b	 0.0140
Bm6698	 0.0447
Bm13871a	 0.0788
Bm2831	 0.0344
Bm4421a	 0.0647
Bm6680	 0.0202
Bm3462c	 0.0343
Bm3735a	 0.0403
Bm13851	 0.0335
Bm13676b	 0.0283
Bm6760	 0.0464
Bm13708	 0.0148
Bm1893a	 0.0459
Bm6867	 0.0620
Bm8889a	 0.0356
Bm6793	 0.0219
Bm1790a	 0.0195
Bm12775	 0.0568
Bm4372b	 0.0327
Bm2893	 0.0323
Bm3611	 0.0333
Bm5181	 0.0230
Bm6560	 0.0438
Bm6303a	 0.0317
Bm4855	 0.0182
Bm5521	 0.0984
Bm7231	 0.0399
Bm9074a	 0.0291
Bm5321	 0.0490
Bm5792	 0.0266
Bm7465a	 0.0566
Bm5711	 0.0453
Bm13768	 0.0500
Bm4118a	 0.0258
Bm3745a	 0.0466
Bm2153a	 0.0310
Bm5923	 0.0289
Bm11378a	 0.0409
Bm6251	 0.0204
Bm3976	 0.0336
Bm13683	 0.0389
Bm3259	 0.0345
Bm9089	 0.0660
Bm3472	 0.0194
Bm6230	 0.0593
Bm4208	 0.0241
Bm2682	 0.0272
Bm4754	 0.0316
Bm6785	 0.0440
Bm12225	 0.0509
Bm6081	 0.0279
Bm7551	 0.0219
Bm4940	 0.0123
Bm3809	 0.0251
Bm3229a	 0.0108
Bm6586	 0.0298
Bm3340a	 0.0309
Bm2335a	 0.0235
Bm2685	 0.0069
Bm14034a	 0.0510
Bm3760	 0.0266
Bm5256a	 0.0190
Bm3356	 0.0445
Bm5058	 0.0312
Bm5423b	 0.0432
Bm5814	 0.0320
Bm6651b	 0.0305
Bm5244	 0.0279
Bm1773	 0.0752
Bm4718	 0.0336
Bm7051	 0.0138
Bm5651a	 0.0221
Bm4870	 0.0357
Bm2663b	 0.0387
Bm6462	 0.0314
Bm14766	 0.0276
Bm7553	 0.1670
Bm1753a	 0.0386
Bm3212a	 0.0096
Bm13885	 0.0205
Bm1907a	 0.0074
Bm4465a	 0.0176
Bm4603b	 0.0342
Bm13783	 0.0128
Bm5829a	 0.0463
Bm13006	 0.1522
Bm4158a	 0.0570
Bm4749	 0.0251
Bm4483	 0.0267
Bm6636	 0.0405
Bm6378a	 0.0509
Bm14049	 0.0914
Bm7672a	 0.0199
Bm7641	 0.0087
Bm13869	 0.0227
Bm5224	 0.0187
Bm3188a	 0.0211
Bm4039a	 0.0180
Bm10695a	 0.0327
Bm4976	 0.0187
Bm3530	 0.0381
Bm6784b	 0.0201
Bm7497a	 0.0504
Bm2809	 0.0185
Bm2381	 0.0187
Bm2037a	 0.0206
Bm14116a	 0.0255
Bm13771	 0.0324
Bm3740a	 0.0320
Bm14007b	 0.0314
Bm3573	 0.0212
Bm2583	 0.0177
Bm6533	 0.0540
Bm5443a	 0.0503
Bm908a	 0.0102
Bm14035	 0.0322
Bm4668	 0.0236
Bm2784a	 0.0196
Bm445a	 0.0086
Bm2147a	 0.0455
Bm7055a	 0.0298
Bm2675b	 0.0391
Bm2628	 0.0225
Bm3952a	 0.0368
Bm1690	 0.0539
Bm2457a	 0.0250
Bm5228	 0.0094
Bm8667a	 0.0291
Bm5745	 0.0000
Bm1729a	 0.0278
Bm5834a	 0.0544
Bm6187	 0.0349
Bm4731	 0.0311
Bm2765a	 0.0238
Bm6576a	 0.0305
Bm3295a	 0.0263
Bm2715a	 0.0290
Bm2065	 0.0335
Bm1981	 0.0581
Bm6137a	 0.0513
Bm7232a	 0.0294
Bm3253	 0.0580
Bm5944	 0.0445
Bm4078	 0.0188
Bm4480a	 0.0371
Bm4979a	 0.0452
Bm13868a	 0.0252
Bm3073	 0.0176
Bm2905	 0.0222
Bm8025	 0.0306
Bm6040	 0.0452
Bm7562	 0.0342
Bm3216	 0.0307
Bm1747a	 0.0229
Bm7789	 0.0310
Bm13650	 0.0333
Bm5543	 0.0228
Bm5732	 0.0306
Bm7542	 0.0213
Bm1794a	 0.0411
Bm1874	 0.0174
Bm6950	 0.0129
Bm3725a	 0.0295
Bm14726	 0.0249
Bm7502	 0.0238
Bm7374	 0.0503
Bm14058a	 0.0129
Bm6599	 0.0237
Bm3185a	 0.0772
Bm4600a	 0.0200
Bm4313	 0.0187
Bm3840a	 0.0318
Bm5365a	 0.0324
Bm12062	 0.0280
Bm6889a	 0.0261
Bm2661	 0.0175
Bm14677a	 0.0251
Bm5081a	 0.0237
Bm5461b	 0.0444
Bm6871	 0.0222
Bm7719a	 0.0141
Bm6799	 0.0446
Bm4407	 0.0864
Bm5556a	 0.0227
Bm2432a	 0.0469
Bm1901a	 0.1147
Bm6032a	 0.0673
Bm6615	 0.0224
Bm3008a	 0.0261
Bm3080	 0.0378
Bm4426	 0.0362
Bm3502a	 0.0229
Bm11573	 0.0973
Bm5031	 0.0257
Bm7627b	 0.0105
Bm2816	 0.0274
Bm13989a	 0.0509
Bm12336	 0.0173
Bm6060a	 0.0300
Bm8142	 0.0447
Bm3695a	 0.0241
Bm3557	 0.0501
Bm3703	 0.0287
Bm6847	 0.0166
Bm3803	 0.0314
Bm7449c	 0.0061
Bm3804	 0.0272
Bm6298b	 0.0237
Bm8689a	 0.0239
Bm5812	 0.0420
Bm5177a	 0.0708
Bm4129	 0.0251
Bm4729a	 0.0564
Bm7135	 0.0204
Bm2963	 0.0252
Bm5046	 0.0726
Bm3220	 0.0185
Bm7612	 0.0199
Bm2989	 0.0278
Bm1877a	 0.0176
Bm1705a	 0.0314
Bm2058	 0.0679
Bm4330a	 0.0295
Bm4359	 0.0306
Bm1930a	 0.0176
Bm5815	 0.0124
Bm2503	 0.0121
Bm7215a	 0.0207
Bm2237a	 0.0160
Bm2415a	 0.0265
Bm3077	 0.0279
Bm7319	 0.0828
Bm5173	 0.0406
Bm2344	 0.0260
Bm2242a	 0.0207
Bm12036b	 0.0208
Bm6309a	 0.0254
Bm5706	 0.0287
Bm6343a	 0.0062
Bm18116	24.2630
Bm4469a	 0.0174
Bm4058a	 0.0347
Bm5056a	 0.0322
Bm3818f	 0.0105
Bm4154	 0.0182
Bm6250a	 0.0404
Bm3222	 0.0403
Bm4474	 0.0245
Bm5836	 0.0432
Bm1840	 0.0325
Bm2528	 0.0136
Bm5673	 0.0228
Bm6856	 0.0359
Bm5642a	 0.0124
Bm5354	 0.0406
Bm2834a	 0.0179
Bm3359a	 0.0301
Bm3988	 0.0290
Bm13681	 0.0372
Bm6924	 0.0515
Bm2902b	 0.0254
Bm3113	 0.0292
Bm11320a	 0.0349
Bm13949	 0.0318
Bm4566a	 0.0402
Bm5132	 0.0093
Bm3693a	 0.0615
Bm5725	 0.0512
Bm9682	 0.0170
Bm5312a	 0.0296
Bm2338a	 0.0199
Bm2921	 0.0424
Bm4641	 0.0140
Bm2305	 0.0282
Bm15a	 0.0185
Bm2471	 0.0389
Bm5133	 0.0273
Bm575	 0.0944
Bm3845	 0.0144
Bm5847a	 0.0321
Bm7008	 0.0243
Bm6962	 0.0001
Bm7663	 0.0319
Bm7504a	 0.0263
Bm3577	 0.1082
Bm6433b	 0.0000
Bm4732a	 0.0344
Bm3939	 0.0429
Bm4604	 0.0251
Bm2716	 0.0317
Bm3991a	 0.0364
Bm4098	 0.0143
Bm6652a	 0.0298
Bm3153a	 0.0268
Bm4663	 0.0799
Bm5768	 0.5061
Bm13922	 0.0141
Bm11052a	 0.0774
Bm5724	 0.0326
Bm8896a	 0.0364
Bm5159a	 0.0556
Bm3293	 0.0482
Bm13870	 0.0401
Bm2597	 0.0403
Bm18124	 0.0412
Bm5028a	 0.0249
Bm6610	 0.0256
Bm18573	 0.0327
Bm6432	 0.0131
Bm3785	 0.0454
Bm7209	 0.1949
Bm6755a	 0.0732
Bm7666b	 0.0730
Bm5477a	 0.0315
Bm4688	 0.0237
Bm3390	 0.0303
Bm7081	 0.0246
Bm2494	 0.0446
Bm10535	 0.0127
Bm14047	 0.1973
Bm5567	 0.2884
Bm2243	 0.0140
Bm5924	 0.0250
Bm1687	 0.0472
Bm5562a	 0.0399
Bm4549	 0.0254
Bm6470a	 0.0155
Bm6901	 4.1720
Bm2294	 0.0233
Bm4649	 0.0596
Bm4404b	 0.0365
Bm13980	 0.0306
Bm5027a	 0.0321
Bm7628a	 0.0301
Bm6049	 0.0185
Bm6941	 0.0314
Bm6562b	 0.0725
Bm6619d	 0.0412
Bm5560	 0.0340
Bm7128	 0.0508
Bm5986	 0.0306
Bm4388	 0.0379
Bm4534a	 0.0223
Bm4392a	 0.0195
Bm5842	 0.0268
Bm2625a	 0.0145
Bm2421a	 0.0351
Bm4055	 0.0290
Bm2830b	 0.0316
Bm4888	 0.0366
Bm4887	 0.1909
Bm2398	 0.0129
Bm3034a	 0.0520
Bm4337a	 0.0134
Bm6566a	 0.0244
Bm7373	 0.0594
Bm11314	 0.0228
Bm10307	 0.0274
Bm4279d	 0.0250
Bm5178	 0.0391
Bm1808	 0.0245
Bm3103	 0.0365
Bm7186	 0.0379
Bm3330b	 0.0356
Bm6971	 0.0596
Bm4139	 0.0220
Bm2584a	 0.0308
Bm5403	 0.0353
Bm13732	 0.0297
Bm3060a	 0.0445
Bm6811	 0.0103
Bm11292	 0.0146
Bm5838b	 0.0564
Bm5500	 0.0548
Bm6145a	 0.0313
Bm4764d	 0.0342
Bm13844	 0.0365
Bm14816a	 0.0265
Bm3782a	 0.0506
Bm15491	 0.0916
Bm13876	 0.0345
Bm2212a	 0.0176
Bm7328	 0.0466
Bm6631a	 0.0419
Bm4630	 0.0147
Bm6047	 0.0143
Bm4414	 0.0115
Bm5709	 0.0487
Bm2209a	 0.0531
Bm3197	 0.0305
Bm5683b	 0.0713
Bm7423a	 0.0232
Bm6911a	 0.0420
Bm10746	 0.0410
Bm13948	 0.0297
Bm2588	 0.0384
Bm11317	 0.0163
Bm6750a	 0.0334
Bm13912	 0.0290
Bm2885b	 0.0292
Bm4525	 0.0120
Bm4698b	 0.0297
Bm4867	 0.0365
Bm6700	 0.0129
Bm13584a	 0.0141
Bm4588	 0.0166
Bm6142b	 0.1265
Bm2852c	 0.0195
Bm6436a	 0.0291
Bm7427a	 0.0365
Bm3010	 0.0443
Bm7305	 0.0192
Bm2076a	 0.0558
Bm2808	 0.0542
Bm13733	 0.0311
Bm13663	 0.0374
Bm2119b	 0.0414
Bm4361	 0.0325
Bm4661	 0.0308
Bm4724	 0.0323
Bm3866	 0.0209
Bm3447	 0.0291
Bm2509	 0.0160
Bm9769	 0.0166
Bm7213	 0.0384
Bm4829	 0.0254
Bm3604a	 0.0163
Bm6026	 0.0308
Bm2786a	 0.0316
Bm4323	 0.0185
Bm7000a	 0.0327
Bm3342a	 0.0152
Bm6127	 0.0207
Bm5281	 0.0261
Bm6946	 0.0350
Bm14005	 0.0411
Bm6066a	 0.0297
Bm6401	 0.0271
Bm12258	 0.0430
Bm6696a	 0.0191
Bm2997a	 0.0266
Bm4108	 0.1043
Bm4509	 0.0198
Bm6480a	 0.0328
Bm3833a	 0.0438
Bm13693	 0.0262
Bm4822b	 0.0223
Bm13777	 0.0288
Bm4564	 0.0194
Bm4215a	 0.0161
Bm13866a	 0.0042
Bm13953	 0.0857
Bm4925a	 0.0794
Bm5105a	 0.1040
Bm3906a	 0.0379
Bm3378b	 0.0342
Bm4395	 0.0434
Bm5870	 0.0238
Bm3848	 0.1100
Bm7784g	 0.0202
Bm2697	 0.0355
Bm3780	 0.0448
Bm5804	 0.0158
Bm1819a	 0.0242
Bm4382	 0.0203
Bm4767	 0.0549
Bm13775a	 0.0225
Bm4865	 0.0856
Bm2320	 0.0254
Bm5020	 0.0418
Bm2810b	 0.0258
Bm13721a	 0.0401
Bm13947b	 0.0236
Bm6493	 0.0127
Bm2203a	 0.0298
Bm6887	 0.0190
Bm5358c	 0.0627
Bm7163	 0.0245
Bm12843	 0.0323
Bm6210	 0.0305
Bm5384	 0.0233
Bm7639a	 0.0289
Bm2314	 0.0525
