CBG05355b	 0.2708
CBG03470	 0.2443
CBG07648	 0.2060
CBG00872	 0.2190
CBG03983	 0.0847
CBG13487	 0.2643
CBG08977	 0.1490
CBG11149	 0.2694
CBG11005	 0.3196
CBG09081	 0.3285
CBG20835	 0.2593
CBG20853	 0.1462
CBG03013	 0.1124
CBG14576	 0.0612
CBG02223b	 0.0594
CBG22418	 0.3004
CBG18273a	 0.1295
CBG16811	 0.3027
CBG06227	 0.1062
CBG21360	 0.4281
CBG08745	 0.1266
CBG14314	 0.2160
CBG18408	 0.3165
CBG06636b	 0.1968
CBG15720	 0.3895
CBG15860	 0.2260
CBG03265a	 0.1813
CBG16529	 0.1687
CBG16339a	 0.1547
CBG17892	 0.2400
CBG12507	 0.0792
CBG18092	 0.2417
CBG08511	 0.1740
CBG18338a	 0.1450
CBG00249	 0.3280
CBG00564	 0.3286
CBG12035	 0.1284
CBG14607	 0.1657
CBG16606	 0.1112
CBG19677b	 0.2609
CBG05125	 0.1523
CBG00597b	 0.1444
CBG15213	 0.1011
CBG20476a	 0.1303
CBG11682a	 0.3010
CBG08396	 0.1277
CBG11418	 0.1209
CBG09936c	 0.1396
CBG03568	 0.2332
CBG08211	 0.1851
CBG01658	 0.2126
CBG03621	 0.2624
CBG18580	 0.3569
CBG16516	 0.0995
CBG09253	 0.0744
CBG22474b	 0.3567
CBG03706	 0.1470
CBG18929	 0.2112
CBG15663	 0.1991
CBG02372a	 0.1115
CBG12374	 0.1980
CBG08034	 0.2709
CBG02766	 0.2108
CBG23404	 0.1069
CBG00310	 0.2023
CBG22265	 0.1839
CBG07416	 0.2629
CBG18326	 0.1625
CBG18301	 0.1927
CBG04041	 0.0941
CBG09974b	 0.1103
CBG24962	 0.1640
CBG12497	 0.1854
CBG04317	 0.2146
CBG06102	 0.1245
CBG13977	 0.2500
CBG03955a	 0.1650
CBG05519b	 0.2113
CBG07020a	 0.2329
CBG13650	 0.1258
CBG09454	 0.2189
CBG04110	 0.1576
CBG24673	 0.1324
CBG13620	 0.2622
CBG18349	 0.1449
CBG02021	 0.3162
CBG08251	 0.0810
CBG04064	 0.1675
CBG20667	 0.2687
CBG14460	 0.1637
CBG03960	 0.1434
CBG12216	 0.1146
CBG06639	 0.2248
CBG09510	 0.1940
CBG05555c	 0.2954
CBG07755	 0.3169
CBG20778	 0.1739
CBG23298b	 0.1438
CBG13344	 0.4222
CBG12524	 0.0819
CBG23434a	 0.1945
CBG14242	 0.1716
CBG17234	 0.1353
CBG16897	 0.3145
CBG09030b	 0.1160
CBG04067	 0.0853
CBG00588	 0.0974
CBG08827	 0.1059
CBG17239a	 0.2758
CBG00514	 0.1265
CBG15306	 0.3257
CBG15201	 0.2406
CBG06437	 0.3549
CBG02942	 0.1065
CBG20885a	 0.2205
CBG03601	 0.1928
CBG22442	 0.3490
CBG12009	 0.1310
CBG17942	 0.1370
CBG16720	 0.2357
CBG22551	 0.1029
CBG12093	 0.2016
CBG23276	 0.3413
CBG17495b	 0.2613
CBG18038b	 0.1278
CBG05643	 0.1351
CBG13323	 0.2289
CBG03922a	 0.1455
CBG13296	 0.1203
CBG13132	 0.2067
CBG09806	 0.1197
CBG02409	 0.1370
CBG02651	 0.2988
CBG08215	 0.0960
CBG00138	 0.1493
CBG18919b	 0.1691
CBG12836	 0.2444
CBG07887	 0.3325
CBG16576e	 0.1786
CBG07956	 0.2640
CBG10116b	 0.1497
CBG10086	 0.1906
CBG13345	 0.3158
CBG06820	 0.2457
CBG23501b	 0.2002
CBG06032b	 0.1229
CBG01756	 0.1592
CBG04016	 0.1466
CBG03221	 0.0566
CBG01382	 0.2057
CBG00680	 0.2091
CBG12372b	 0.1209
CBG14084	 0.2498
CBG09629	 0.1154
CBG16171	 0.1477
CBG07654	 0.1665
CBG11104	 0.2796
CBG05361	 0.3019
CBG09713	 0.1741
CBG18550	 0.2578
CBG10881	 0.1486
CBG17943b	 0.0879
CBG11942a	 0.1294
CBG03984	 0.0563
CBG24513	 0.1832
CBG06235	 0.1712
CBG11191	 0.2101
CBG12755b	 0.2305
CBG05695	 0.1442
CBG14969	 0.1272
CBG04505	 0.0776
CBG18001	 0.1551
CBG18009	 0.1034
CBG06669	 0.2699
CBG10142b	 0.3012
CBG14057	 0.1096
CBG11908a	 0.0825
CBG06764	 0.2842
CBG05812	 0.1470
CBG17194	 0.2808
CBG23733	 0.1162
CBG30465	 0.1090
CBG21024	 0.2170
CBG03493	 0.1776
CBG09074	 0.3238
CBG12525	 0.2550
CBG04739a	 0.2505
CBG03915	 0.0770
CBG31144	 0.2771
CBG15658	 0.2558
CBG24627	 0.1813
CBG14527a	 0.1419
CBG05421	 0.1787
CBG19327	 0.2411
CBG05941	 0.1049
CBG22663	 0.1796
CBG13024	 0.1463
CBG13880	 0.1512
CBG16759	 0.1969
CBG23299b	 0.0701
CBG11407	 0.1243
CBG09277	 0.1479
CBG01474a	 0.1220
CBG20965	 0.2909
CBG01587	 0.2292
CBG03015	 0.1487
CBG30600	 0.2199
CBG17671	 0.2462
CBG22120	 0.2067
CBG09274	 0.1317
CBG12589	 0.2295
CBG19011	 0.1113
CBG09991	 0.1787
CBG12658	 0.2218
CBG14484	 0.0854
CBG14775	 0.0161
CBG12849	 0.1728
CBG16372a	 0.1254
CBG29949	 0.0810
CBG07028	 0.2191
CBG11477	 0.1711
CBG12657	 0.2397
CBG17516c	 0.2788
CBG23076b	 0.1663
CBG13326	 0.2424
CBG18254	 0.1406
CBG06003	 0.1363
CBG22010	 0.2877
CBG09181	 0.2428
CBG07084a	 0.2702
CBG14738a	 0.1227
CBG07731	 0.3991
CBG18144a	 0.0940
CBG22062a	 0.1066
CBG06805	 0.2606
CBG03954	 0.1486
CBG19920	 0.2708
CBG20785	 0.2125
CBG06129	 0.1150
CBG09839	 0.1867
CBG12932	 0.3139
CBG08220	 0.1145
CBG01379	 0.3434
CBG17539	 0.3890
CBG02478	 0.0521
CBG24742	 0.1970
CBG15345a	 0.2480
CBG07988	 0.1696
CBG18164	 0.1254
CBG08771	 0.3483
CBG15196	 0.2603
CBG05511a	 0.2261
CBG05382a	 0.1518
CBG01701	 0.0491
CBG21759	 0.2899
CBG19373a	 0.2292
CBG03634	 0.2885
CBG07026	 0.2314
CBG21703	 0.0002
CBG12200	 0.1229
CBG16008	 0.2646
CBG15296	 0.2048
CBG22475	 0.3021
CBG11281	 0.2079
CBG12822	 0.2981
CBG17668	 0.1392
CBG06671	 0.3603
CBG24679	 0.1593
CBG07242a	 0.2139
CBG02487	 0.3033
CBG21220	 0.2382
CBG09777	 0.0998
CBG21904	 0.1534
CBG19782	 0.1614
CBG14483b	 0.3185
CBG12369	 0.1435
CBG15662	 0.1818
CBG08020	 0.1987
CBG09886b	 0.1072
CBG21894	 0.2211
CBG17616	 0.2136
CBG11621	 0.1411
CBG23508	 0.2380
CBG22549	 0.2881
CBG03821	 0.0875
CBG18585	 0.0251
CBG20304	 0.1519
CBG24192	 0.1001
CBG08583	 0.2053
CBG22559	 0.2975
CBG22240	 0.1017
CBG20323	 0.2664
CBG15283	 0.1431
CBG30315	 0.1182
CBG03724	 0.1724
CBG05175	 0.1274
CBG17741	 0.1758
CBG03713b	 0.1109
CBG01680	 0.0843
CBG12227	 0.0793
CBG12593	 0.1571
CBG23107	 0.1800
CBG19748	 0.2772
CBG11518	 0.1253
CBG20732	 0.2015
CBG12734	 0.1922
CBG18203	 0.1281
CBG23175	 0.1774
CBG23745	 0.1398
CBG09793	 0.2163
CBG21017	 0.1201
CBG03125	 0.0889
CBG01967	 0.2681
CBG14299	 0.2425
CBG18961b	 0.2411
CBG18183	 0.1692
CBG05374	 0.1358
CBG04215	 0.1387
CBG05853	 0.0623
CBG24658	 0.3284
CBG07380	 0.2945
CBG00415	 0.2191
CBG02242a	 0.1402
CBG21967	 0.2966
CBG03676	 0.1321
CBG11382	 0.2234
CBG04292	 0.1251
CBG01692	 0.0927
CBG16737	 0.2959
CBG20862	 0.2829
CBG10781	 0.1370
CBG09041c	 0.3566
CBG15297b	 0.1777
CBG16608	 0.0802
CBG08719	 0.1825
CBG00425	 0.1604
CBG23043	 0.3020
CBG05736	 0.1920
CBG14862	 0.2610
CBG11977	 0.0752
CBG02962	 0.0219
CBG09645a	 0.1207
CBG12508	 0.1682
CBG23928	 0.1316
CBG04193	 0.1004
CBG10812	 0.1101
CBG15765a	 0.0888
CBG20796	 0.1911
CBG17467	 0.3069
CBG02030a	 0.1974
CBG19701	 0.3353
CBG09633	 0.0851
CBG16733	 0.2695
CBG05401b	 0.1735
CBG08253	 0.0670
CBG23813	 0.3705
CBG07185	 0.3173
CBG09825	 0.1187
CBG18174	 0.0810
CBG12219	 0.1868
CBG13116	 0.2514
CBG23330	 0.1883
CBG07248	 0.2336
CBG09280	 0.2261
CBG21543b	 0.1521
CBG14749	 0.1349
CBG12628	 0.1085
CBG10828	 0.1366
CBG16343	 0.1857
CBG11215	 0.2534
CBG01446	 0.2761
CBG09834c	 0.1268
CBG13527	 0.1299
CBG06271	 0.1585
CBG02327	 0.2134
CBG23901	 0.3398
CBG05832	 0.0763
CBG21218	 0.1637
CBG12912	 0.1938
CBG17333a	 0.3407
CBG08425	 0.1273
CBG15266b	 0.1355
CBG11475b	 0.0896
CBG24497	 0.0893
CBG21182	 0.2560
CBG07754	 0.1101
CBG15962	 0.2918
CBG07650	 0.3260
CBG16328	 0.1571
CBG07571	 0.1186
CBG08515	 0.2164
CBG04023	 0.1384
CBG02643	 0.0624
CBG03181	 0.1101
CBG07051	 0.2458
CBG03806	 0.0979
CBG03281	 0.1214
CBG15745	 0.4791
CBG18010	 0.1240
CBG01035	 0.1127
CBG09021	 0.2172
CBG22467	 0.4340
CBG04580	 0.2609
CBG13498a	 0.0904
CBG07087	 0.2439
CBG22924a	 0.3114
CBG16622	 0.0220
CBG16642b	 0.2266
CBG10108a	 0.0796
CBG03716	 0.1173
CBG18395	 0.1560
CBG19604	 0.2083
CBG01826	 0.1304
CBG00511a	 0.2060
CBG23346	 0.1453
CBG19334a	 0.2368
CBG02850	 0.0912
CBG16808	 0.2641
CBG02625	 0.1698
CBG21020	 0.2127
CBG19780	 0.1508
CBG02538	 0.1349
CBG18071	 0.0573
CBG13224	 0.0924
CBG02282	 0.1778
CBG05397	 0.2231
CBG13088	 0.2056
CBG20836	 0.1697
CBG23927	 0.1574
CBG08123b	 0.1937
CBG00708	 0.1448
CBG20587	 0.0307
CBG20662	 0.2000
CBG03573	 0.3279
CBG19781	 0.2302
CBG20495a	 0.0951
CBG12959a	 0.1531
CBG02640b	 0.1638
CBG09780	 0.0460
CBG15998	 0.3412
CBG09263	 0.1866
CBG17718	 0.1697
CBG03406	 0.1229
CBG05033a	 0.2297
CBG19783	 0.1454
CBG18471	 0.2762
CBG20797	 0.2400
CBG19670	 0.2301
CBG05896	 0.2137
CBG00985	 0.1871
CBG02077a	 0.2045
CBG05609a	 0.2285
CBG04051	 0.1529
CBG02496	 0.1413
CBG13391	 0.2380
CBG16312b	 0.1709
CBG17302	 0.1815
CBG12037	 0.0434
CBG18134	 0.1802
CBG06263	 0.0872
CBG15220	 0.2806
CBG12746	 0.1691
CBG17981	 0.1538
CBG22243	 0.2390
CBG09094	 0.1939
CBG11576	 0.1684
CBG04321	 0.2088
CBG16397	 0.2430
CBG09655	 0.1896
CBG20367	 0.2126
CBG08411	 0.2431
CBG23451	 0.1445
CBG08377	 0.2573
CBG15772	 0.3558
CBG14086b	 0.1773
CBG10082	 0.1460
CBG12457	 0.1573
CBG12654	 0.1301
CBG03009	 0.1765
CBG30099	 0.0671
CBG15682	 0.3388
CBG13353	 0.2564
CBG22031	 0.1730
CBG14748	 0.3046
CBG13621	 0.2252
CBG20872	 0.1895
CBG04019	 0.1298
CBG10962	 0.1396
CBG14616b	 0.1882
CBG05593	 0.2079
CBG15711	 0.2369
CBG03816	 0.1000
CBG18029b	 0.1824
CBG02241	 0.1041
CBG13872	 0.2607
CBG09048	 0.2490
CBG07920a	 0.2762
CBG18054	 0.1152
CBG07646	 0.2520
CBG15622	 0.2547
CBG12237a	 0.1177
CBG16662	 0.1948
CBG24044	 0.1467
CBG23754	 0.1662
CBG19770	 0.0868
CBG09068	 0.2381
CBG11112	 0.2611
CBG02117	 0.3521
CBG14942	 0.2395
CBG13647a	 0.3403
CBG09255	 0.1533
CBG12819	 0.1680
CBG23499b	 0.1435
CBG09322b	 0.1254
CBG09867	 0.2111
CBG07670	 0.2833
CBG00694	 0.1227
CBG01956	 0.2133
CBG20924	 0.1993
CBG23110	 0.1961
CBG21211	 0.2587
CBG01521	 0.1629
CBG06076	 0.2310
CBG11993	 0.1104
CBG04026b	 0.1399
CBG19196	 0.2689
CBG23842	 0.2775
CBG10794c	 0.1852
CBG12512	 0.1943
CBG05010	 0.1761
CBG05118	 0.1169
CBG07034	 0.1883
CBG04049	 0.0320
CBG24264	 0.1787
CBG11474	 0.1788
CBG01737	 0.0851
CBG11286a	 0.2996
CBG16864	 0.2732
CBG04560	 0.1385
CBG03461a	 0.1955
CBG02834	 0.1488
CBG01675	 0.0797
CBG22165	 0.2159
CBG20283	 0.2425
CBG04575	 0.2723
CBG07552	 0.1303
CBG14921	 0.1021
CBG02099	 0.3001
CBG11595	 0.2697
CBG07630	 0.1658
CBG14068	 0.2086
CBG23896	 0.1799
CBG11618b	 0.1988
CBG12225	 0.1259
CBG04200	 0.1775
CBG09036	 0.2246
CBG03076	 0.2050
CBG08254	 0.1105
CBG02688	 0.1839
CBG16414	 0.0901
CBG13605	 0.0495
CBG14627	 0.2686
CBG14291	 0.2956
CBG13900	 0.2509
CBG03890	 0.0859
CBG19251b	 0.2208
CBG11296	 0.1255
CBG24612	 0.0963
CBG05151	 0.2786
CBG12405	 0.0913
CBG24559	 0.2732
CBG21313	 0.2067
CBG04454	 0.1472
CBG07668	 0.1909
CBG23685b	 0.3232
CBG17673b	 0.2256
CBG03991	 0.1337
CBG16802	 0.1642
CBG21902	 0.0864
CBG11217	 0.3287
CBG21511	 0.1606
CBG09273c	 0.2055
CBG03612	 0.0534
CBG19031	 0.2423
CBG12933	 0.3005
CBG06453	 0.2055
CBG13878	 0.2561
CBG07625d	 0.2887
CBG19669	 0.1381
CBG14372b	 0.3776
CBG09362	 0.1410
CBG02384	 0.1791
CBG09969	 0.1439
CBG12712	 0.3233
CBG12231	 0.0828
CBG03169	 0.2035
CBG19671	 0.3163
CBG03100a	 0.0914
CBG16478	 0.1006
CBG19704	 0.2543
CBG19769	 0.2542
CBG19435	 0.1573
CBG03180	 0.1766
CBG19095	 0.1595
CBG06776b	 0.1644
CBG18072	 0.2094
CBG02289	 0.0781
CBG01647	 0.2036
CBG16826	 0.1772
CBG09069	 0.2503
CBG08081	 0.1227
CBG10012	13.3345
CBG12091	 0.0829
CBG05179	 0.1952
CBG21198	 0.2396
CBG02581d	 0.1243
CBG08617c	 0.1042
CBG20937b	 0.0837
CBG11978	 0.1901
CBG08035	 0.1818
CBG08963	 0.1828
CBG09844	 0.1162
CBG15716	 0.2373
CBG17709	 0.0536
CBG12757	 0.1934
CBG13330	 0.1680
CBG13089	 0.3519
CBG18202	 0.1359
CBG02742	 0.0815
CBG19737	 0.3070
CBG06617	 0.1246
CBG16158	 0.2639
CBG20679	 0.0643
CBG20681a	 0.2218
CBG06668	 0.2234
CBG21783	 0.2771
CBG21178	 0.1759
CBG05456	 0.1569
CBG04453	 0.2301
CBG21934	 0.1437
CBG09971	 0.1265
CBG11100	 0.1882
CBG18277	 0.2095
CBG08840b	 0.3621
CBG08100	 0.1780
CBG06891	 0.2079
CBG12444	 0.0869
CBG09077	 0.1691
CBG20934	 0.2329
CBG20228	 0.2608
CBG04078	 0.1383
CBG15980b	 0.4767
CBG07411	 0.1508
CBG05152	 0.2551
CBG14269b	 0.2855
CBG01827	 0.1236
CBG08064	 0.1143
CBG21692	 0.1733
CBG21524	 0.2433
CBG19805	 0.2218
CBG20349a	 0.3691
CBG18600	 0.2246
CBG02195	 0.0960
CBG15267	 0.1430
CBG15443	 0.4102
CBG20230	 0.3627
CBG03831	 0.0879
CBG09642	 0.1389
CBG13288	 0.2788
CBG23065	 0.1374
CBG02572	 0.2315
CBG11184b	 0.1904
CBG23360	 0.2295
CBG06927a	 0.2538
CBG24776	 0.0936
CBG02451	 0.2913
CBG14913	 0.1625
CBG12652	 0.1254
CBG11879	 0.2246
CBG14147	 0.2889
CBG00488	 0.3242
CBG15706a	 0.1967
CBG19738	 0.2368
CBG13157	 0.1223
CBG04000	 0.1157
CBG02687	 0.1927
CBG09970	 0.1773
CBG06769b	 0.1190
CBG13568	 0.2462
CBG08401b	 0.2144
CBG13087	 0.1928
CBG21043b	 0.3999
CBG13047b	 0.2290
CBG16479	 0.1446
CBG13014a	 0.1288
CBG03733a	 0.0897
CBG02405a	 0.1593
CBG15205	 0.1440
CBG14239	 0.1656
CBG12662	 0.1454
CBG00548	 0.2409
CBG21225	 0.1911
CBG09879	 0.0901
CBG05169	 0.2366
CBG02146b	 0.2219
CBG02198	 0.1003
CBG07728a	 0.3503
CBG19667	 0.2849
CBG00907a	 0.2885
CBG12510	 0.1054
CBG03842	 0.0656
CBG13990	 0.2732
CBG21009b	 0.2085
CBG15764	 0.0920
CBG07591a	 0.1903
CBG00962	 0.2541
CBG06798	 0.2229
CBG20477	 0.0337
CBG21666	 0.1748
CBG18352	 0.2377
CBG05694	 0.0918
CBG12011	 0.0788
CBG06974	 0.1307
CBG09594	 0.1589
CBG06071	 0.0694
CBG09874	 0.1336
CBG07597a	 0.2216
CBG05961	 0.1426
CBG07053	 0.2012
CBG23796b	 0.2049
CBG14872	 0.1849
CBG16434	 0.1562
CBG07035	 0.2714
CBG09259a	 0.1041
CBG02748	 0.1714
CBG08826	 0.2920
CBG14688	 0.2582
CBG23703	 0.3150
CBG22274b	 0.0169
CBG00513	 0.2020
CBG20928	 0.1532
CBG06989	 0.1299
CBG00301	 0.2226
CBG09443	 0.1418
CBG19778	 0.1463
CBG18863	 0.2557
CBG13260	 0.1038
CBG00745	 0.2106
CBG09983	 0.0317
CBG01069b	 0.1875
CBG22269	 0.2169
CBG01805	 0.0883
CBG08117	 0.1555
CBG16566a	 0.1470
CBG02039b	 0.1963
CBG09547	 0.1674
CBG02376	 0.1124
CBG08070	 0.1342
CBG06446	 0.0000
CBG07786	 0.2095
CBG18075	 0.1197
CBG14604b	 0.2019
CBG19633b	 0.2727
CBG02514	 0.1693
CBG21174	 0.2136
CBG08019	 0.2124
CBG13237	 0.2693
CBG20247	 0.1329
CBG18823	 0.2288
CBG15741	 0.3794
CBG12282a	 0.2800
CBG24752	 0.2214
CBG22518	 0.2391
CBG20111	 0.1315
CBG21702	 0.0773
CBG05373	 0.1819
CBG06843b	 0.3919
CBG15026	 0.2437
CBG04218	 0.1287
CBG01722	 0.1993
CBG09112	 0.2388
CBG07905	 0.3608
CBG04219	 0.0890
CBG21323	 0.2385
CBG02140	 0.3450
CBG07433	 0.2838
CBG10005	 0.1158
CBG13966	 0.2795
CBG06027	 0.1969
CBG07940	 0.1937
CBG09794	 0.0942
CBG03319	 0.1042
CBG19360b	 0.1559
CBG03798	 0.1518
CBG04115	 0.1058
CBG22026	 0.1443
CBG30105	 0.1747
CBG21799a	 0.2382
CBG05570	 0.1877
CBG03262	 0.2257
CBG13303	 0.1646
CBG07063	 0.1858
CBG09318	 0.3592
CBG11727	 0.3669
CBG17293	 0.1719
CBG23910	 0.3799
CBG08741	 0.1609
CBG02509a	 0.1895
CBG16425a	 0.2090
CBG12566	 0.0099
CBG05359	 0.2856
CBG14899	 0.1750
CBG20174	 0.3314
CBG00973a	 0.1825
CBG16718	 0.2870
CBG06024	 0.1460
CBG10069	 0.2081
CBG30620a	 0.1559
CBG11538	 0.3290
CBG13545	 0.1820
CBG06886	 0.2476
CBG24501	 0.1101
CBG13275	 0.1000
CBG03935	 0.0850
CBG03168	 0.1468
CBG07097a	 0.2124
CBG04617	 0.1868
CBG03598	 0.2083
CBG04224	 0.1338
CBG00722b	 0.3362
CBG12479	 0.0098
CBG09053	 0.3234
CBG14132	 0.2946
CBG11346a	 0.1940
CBG14241a	 0.0898
CBG10957	 0.1993
CBG21106	 0.2834
CBG12298a	 0.0951
CBG08214	 0.0472
CBG12876	 0.1647
CBG15194	 0.2735
CBG02025a	 0.2465
CBG00996	 0.0942
CBG07553	 0.3873
CBG17813	 0.2240
CBG04170	 0.0904
CBG01087	 0.2641
CBG19307	 0.1652
CBG16677	 0.1730
CBG13604	 0.2217
CBG19800	 0.2323
CBG30258	 0.2583
CBG30615	 0.1979
CBG02583b	 0.2249
CBG05036	 0.2815
CBG12573	 0.1686
CBG19756	 0.2339
CBG22164	 0.1813
CBG13115	 0.0614
CBG21270	 0.1164
CBG03256c	 0.1320
CBG00888	 0.2769
CBG23066	 0.0943
CBG09409	 0.1254
CBG16483a	 0.0860
CBG18197	 0.1097
CBG04106	 0.1348
CBG20858	 0.2588
CBG19422	 0.1813
CBG02606c	 0.1128
CBG19253	 0.2238
CBG00995	 0.2124
CBG23295	 0.1485
CBG12085	 0.1246
CBG09643	 0.2244
CBG02945	 0.1351
CBG12689a	 0.2104
CBG12391a	 0.1401
CBG08774b	 0.2576
CBG02705	 0.2064
CBG05646b	 0.1692
CBG05992a	 0.1600
CBG13549	 0.1564
CBG16213	 0.0830
CBG08484b	 0.2410
CBG23064	 0.1706
CBG06929b	 0.1208
CBG16427b	 0.1409
CBG20155	 0.2086
CBG07432	 0.3608
CBG19247	 0.1377
CBG12193	 0.1097
CBG04128	 0.1021
CBG15197	 0.1310
CBG18052	 0.0462
CBG18025a	 0.0787
CBG09061	 0.1667
CBG15688	 0.2371
CBG00414a	 0.1675
CBG02764	 0.1375
CBG03300	 0.2345
CBG16208	 0.2256
CBG12729	 0.1574
CBG12785d	 0.1621
CBG10057	 0.2250
CBG05470	 0.0530
CBG01912	 0.2499
CBG15251	 0.1320
CBG12209	 0.1861
CBG10815	 0.1218
CBG03053b	 0.1631
CBG08036	 0.0988
CBG08569a	 0.0575
CBG30298	 0.0420
CBG01665	 0.1655
CBG23070	 0.1797
CBG02963	 0.1392
CBG17392b	 0.2922
CBG19691	 0.2588
CBG10558	 0.4442
CBG08011	 0.2919
CBG22074a	 0.3578
CBG08224b	 0.0738
CBG17646	 0.1975
CBG15759	 0.1880
CBG19001	 0.0950
CBG03402a	 0.1203
CBG18391b	 0.1556
CBG20246	 0.2505
CBG10801	 0.1939
CBG13943	 0.4535
CBG03216	 0.1032
CBG02573	 0.2289
CBG23453b	 0.1317
CBG07973	 0.1892
CBG23897a	 0.2532
CBG07065	 0.1449
CBG18791	 0.2978
CBG09153	 0.0512
CBG08714	 0.1467
CBG06029	 0.3367
CBG13523	 0.1050
CBG04112a	 0.1351
CBG06270	 0.1255
CBG15142	 0.2659
CBG03041	 0.1913
CBG20173	 0.0724
CBG22468	 0.3188
CBG23345a	 0.0704
CBG14309	 0.1639
CBG04192	 0.2024
CBG12563	 0.0445
CBG14871	 0.2756
CBG23006	 0.1319
CBG07027b	 0.1660
CBG22126	 0.2633
CBG11229	 0.2082
CBG20369	 0.1179
CBG08137	 0.0719
CBG24618b	 0.2613
CBG14666	 0.2796
CBG18006	 0.1285
CBG10899	 0.2634
CBG06800	 0.1305
CBG18067	 0.1724
CBG12511	 0.1039
CBG30165	 0.1797
CBG21344	 0.0902
CBG04247	 0.1545
CBG02247	 0.1178
CBG06185a	 0.1872
CBG00948b	 0.2029
CBG00741	 0.2688
CBG00550	 0.2668
CBG16474	 0.1170
CBG01666	 0.1646
CBG00674	 0.1178
CBG21166a	 0.2191
CBG06150	 0.1488
CBG03596	 0.1247
CBG09214	 0.1440
CBG08681	 0.2204
CBG14580	 0.1878
CBG13913	 0.2027
CBG19799	 0.1490
CBG09654	 0.1260
CBG14568b	 0.2349
CBG11775	 0.2914
CBG31447	 0.1116
CBG21526	 0.2076
CBG06106	 0.2439
CBG07253a	 0.6667
CBG15659	 0.2332
CBG18762	 0.2916
CBG04610	 0.2563
CBG18688	 0.2190
CBG20269	 0.2674
CBG09088	 0.2381
CBG05894	 0.0652
CBG21109a	 0.1680
CBG16563	 0.1476
CBG01004	 0.0884
CBG03160a	 0.0875
CBG19766	 0.0880
CBG21011a	 0.2329
CBG13969	 0.2360
CBG18305a	 0.0944
CBG18265c	 0.1836
CBG05114	 0.1061
CBG01816a	 0.1157
CBG01524	 0.2955
CBG09887b	 0.1075
CBG13587	 0.0982
CBG20677a	 0.3031
CBG09738b	 0.1429
CBG05912	 0.0838
CBG15255b	 0.3760
CBG02919	 0.1396
CBG08158a	 0.1062
CBG12570a	 0.1652
CBG12453	 0.1289
CBG18584a	 0.2860
CBG19951	 0.2325
CBG15298	 0.2818
CBG12166	 0.1847
CBG03144	 0.1520
CBG03923b	 0.1061
CBG20422	 0.2580
CBG00023	 0.1687
CBG16796a	 0.2902
CBG09778	 0.1467
CBG15371	 0.3318
CBG04493	 0.2433
CBG04571	 0.2762
CBG18012	 0.0913
CBG03329	 0.1483
CBG00693	 0.3355
CBG01077	 0.0969
CBG20762	 0.3374
CBG10089	 0.3450
CBG01725	 0.0515
CBG15358	 0.1790
CBG01804	 0.1004
CBG04458	 0.2146
CBG01438	 0.2600
CBG21507	 0.0271
CBG23329	 0.3036
CBG09798b	 0.2118
CBG16374	 0.2294
CBG03075	 0.1936
CBG04483a	 0.1604
CBG09388b	 0.1470
CBG21724	 0.1482
CBG23419	 0.1486
CBG12454	 0.1042
CBG08212	 0.0553
CBG11529b	 0.1854
CBG16309	 0.1521
CBG16674	 0.3774
CBG30164	 0.2065
CBG09987	 0.1109
CBG00998	 0.1892
CBG09057a	 0.1003
CBG20362a	 0.3322
CBG12989c	 0.1315
CBG05232	 0.3077
CBG09393	 0.0816
CBG19804	 0.2198
CBG03002	 0.1453
CBG04034	 0.1476
CBG09667	 0.2392
CBG14936a	 0.1599
CBG13985b	 0.3912
CBG21464	 0.2217
CBG12349	 0.0916
CBG08362a	 0.0958
CBG14945	 0.1504
CBG12874	 0.2430
CBG19235	 0.1626
CBG11105	 0.3104
CBG13447	 0.2300
CBG07756	 0.3084
CBG17275	 0.2641
CBG12465	 0.0628
CBG02620	 0.1281
CBG12645	 0.2285
CBG10088	 0.1378
CBG00956	 0.1584
CBG10062	 0.1891
CBG00717	 0.2120
CBG25508e	 0.3004
CBG02981	 0.0434
CBG19705	 0.3046
CBG08558	 0.2177
CBG20698	 0.1201
CBG07064	 0.1940
CBG05171	 0.2335
CBG08754	 0.0623
CBG06064	 0.1198
CBG10148	 0.2116
CBG20909	 0.2708
CBG21463	 0.3125
CBG12721	 0.2232
CBG23358	 0.2101
CBG12347b	 0.2091
CBG20218	 0.2125
CBG18299	 0.2034
CBG12474b	 0.1777
CBG12641	 0.1827
CBG19013	 0.1938
CBG19342	 0.1000
CBG05716	 0.1191
CBG12362	 0.1005
CBG19657	 0.1743
CBG14565	 0.1690
CBG07885	 0.3191
CBG30984	 0.1864
CBG20226	 0.2640
CBG17459	 0.2148
CBG06959	 0.0966
CBG18211	 0.1206
CBG02647	 0.1679
CBG18957	 0.1073
CBG18802	 0.3081
CBG18125	 0.2202
CBG02539	 0.1757
CBG14280	 0.1895
CBG23731	 0.0654
CBG02845	 0.1431
CBG08746a	 0.1378
CBG09863g	 0.1305
CBG08042	 0.2828
CBG11168	 0.2221
CBG09548	 0.1658
CBG18297	 0.1994
CBG15101	 0.2778
CBG11868	 0.2838
CBG14139	 0.1761
CBG04195	 0.1009
CBG07090	 0.2154
CBG01874a	 0.2203
CBG08257	 0.0991
CBG11206a	 0.2282
CBG02862	 0.0872
CBG12724	 0.1741
CBG27214	 0.3980
CBG15346	 0.1808
CBG02320	 0.1832
CBG04569	 0.2256
CBG05985	 0.2923
CBG09956c	 0.0705
CBG13184	 0.1727
CBG11995	 0.0569
CBG20480b	 0.0246
CBG18007	 0.1321
CBG24043	 0.1503
CBG18057	 0.0583
CBG21324	 0.1712
CBG02760	 0.2460
CBG24564	 0.1602
CBG08147	 0.1807
CBG22171	 0.2528
CBG01486	 0.3286
CBG19635	 0.2052
CBG07402a	 0.2294
CBG19703	 0.1744
CBG29123	 0.2629
CBG14320	 0.2852
CBG08053	 0.1893
CBG01378	 0.3418
CBG05463b	 0.2327
CBG01646	 0.2065
CBG01769	 0.1517
CBG18050	 0.1861
CBG19663b	 0.2297
CBG11089	 0.2703
CBG23306	 0.1808
CBG09865	 0.1473
CBG23720	 0.1391
CBG00960	 0.1816
CBG20911	 0.2878
CBG14818	 0.2287
CBG02907	 0.1520
CBG04089	 0.1232
CBG12872b	 0.4046
CBG10042	 0.1739
CBG08103	 0.1677
CBG01615	 0.1253
CBG17764	 0.4313
CBG25585	 0.1058
CBG03988	 0.0602
CBG16308	 0.2509
CBG21689a	 0.2394
CBG18772	 0.1959
CBG14145	 0.0905
CBG12655	 0.1122
CBG21144a	 0.2825
CBG03714	 0.0652
CBG12968	 0.1487
CBG17957	 0.1462
CBG11708	 0.3480
CBG03795	 0.1016
CBG02221	 0.1103
CBG16661	 0.0949
CBG22378	 0.2679
CBG06975	 0.1647
CBG07736	 0.2074
CBG03442	 0.1724
CBG12393	 0.0972
CBG13890	 0.2027
CBG19617b	 0.2031
CBG06266	 0.0833
CBG05166	 0.1468
CBG05809	 0.1855
CBG11892	 0.2471
CBG11224	 0.2227
CBG03325	 0.0965
CBG15427	 0.2351
CBG14816	 0.2387
CBG15383	 0.2928
CBG05588	 0.0090
CBG05115	 0.1344
CBG15316	 0.1050
CBG12367	 0.1277
CBG14479	 0.1416
CBG04133b	 0.1866
CBG11982	 0.0523
CBG03822	 0.1181
CBG06987	 0.2012
CBG12695	 0.3695
CBG17993	 0.1209
CBG07568b	 0.3378
CBG14519	 0.2168
CBG21644b	 0.2997
CBG13085	 0.1191
CBG05168	 0.1912
CBG08584	 0.1268
CBG03844	 0.1167
CBG08037a	 0.2399
CBG16619	 0.1292
CBG11219	 0.2464
CBG15718	 0.2156
CBG12203	 0.0951
CBG09773	 0.1294
CBG09807	 0.1024
CBG05768	 0.0826
CBG14915	 0.1164
CBG00585	 0.1362
CBG08416	 0.2419
CBG13079a	 0.3007
CBG21172b	 0.5068
CBG04485	 0.3336
CBG02999	 0.1942
CBG02403	 0.1455
CBG16044	 0.1436
CBG23516	 0.1725
CBG16157	 0.4001
CBG15144	 0.2767
CBG19764	 0.0435
CBG23147	 0.0929
CBG12359a	 0.1298
CBG13206	 0.1986
CBG21320	 0.2136
CBG06990a	 0.1356
CBG20918	 0.2941
CBG21317	 0.2584
CBG08089	 0.1458
CBG23111	 0.2872
CBG02097	 0.2544
CBG13006a	 0.1154
CBG11120	 0.2184
CBG01789	 0.0745
CBG09771	 0.2405
CBG04558	 0.1913
CBG19666	 0.1759
CBG19070	 0.1732
CBG15713	 0.3065
CBG01866b	 0.1374
CBG08008	 0.2570
CBG22399a	 0.1516
CBG15420	 0.3667
CBG00961	 0.1595
CBG12983	 0.1702
CBG04279	 0.3442
CBG31419	 0.2808
CBG04131	 0.1793
CBG04281	 0.2532
CBG23215	 0.1361
CBG18106	 0.2405
CBG14904	 0.0607
CBG06017	 0.1355
CBG09828b	 0.0786
CBG09001	 0.0314
CBG16865	 0.1874
CBG04003	 0.0962
CBG23427	 0.2428
CBG03796	 0.0223
CBG04259	 0.2531
CBG10087b	 0.0770
CBG03254	 0.0455
CBG17336	 0.2863
CBG30265	 0.1104
CBG09058	 0.1105
CBG22190	 0.2122
CBG11357	 0.1423
CBG16481b	 0.2879
CBG13508	 0.1110
CBG04521	 0.4105
CBG06373a	 0.1905
CBG03197	 0.2074
CBG13624	 0.2532
CBG12022	 0.1254
CBG02697	 0.2153
CBG13276a	 0.1745
CBG20500	 0.1480
CBG22282	 0.1582
CBG06641	 0.2075
CBG11976	 0.2523
CBG04015a	 0.0917
CBG00731	 0.2563
CBG15837	 0.1440
CBG03566	 0.3356
CBG12264	 0.2295
CBG12204	 0.1099
CBG03408	 0.1283
CBG02303	 0.1052
CBG09581	 0.1184
CBG12417	 0.1190
CBG02361a	 0.1610
CBG21810	 0.2630
CBG18028	 0.1814
CBG06221	 0.0803
CBG01522	 0.1273
CBG18158	 0.1206
CBG17160	 0.1609
CBG11989	 0.1441
CBG08426	 0.2289
CBG23271	 0.1410
CBG14270	 0.2502
CBG15673b	 0.2268
CBG22273	 0.0627
CBG09700	 0.0714
CBG10071	 0.1465
CBG02217	 0.1581
CBG11103	 0.2245
CBG11932	 0.0595
CBG16760	 0.1636
CBG18323	 0.1300
CBG20194	 0.2852
CBG17672	 0.1786
CBG08960	 0.1955
CBG00471	 0.2075
CBG21100	 0.2884
CBG00387	 0.2188
CBG14317	 0.2826
CBG22285	 0.1643
CBG20627	 0.0593
CBG12683	 0.1682
CBG05122b	 0.2203
CBG18086	 0.2626
CBG29966	 0.2037
CBG22043	 0.0000
CBG23721	 0.2418
CBG01518a	 0.2774
CBG20997	 0.2692
CBG15247	 0.1628
CBG00965	 0.1544
CBG05009b	 0.2062
CBG01765	 0.1530
CBG19687	 0.0415
CBG24495	 0.1101
CBG13675b	 0.2816
CBG13461	 0.2184
CBG18807b	 0.2499
CBG19806	 0.2523
CBG06149	 0.0866
CBG02381	 0.1283
CBG13053	 0.1949
CBG24045	 0.1973
CBG01476	 0.2565
CBG13395	 0.2758
CBG06637	 0.2376
CBG06689	 0.3058
CBG02248	 0.0783
CBG14867	 0.1019
CBG13333	 0.2326
CBG20848a	 0.2397
CBG13518b	 0.1134
CBG12960b	 0.1270
CBG02280	 0.1644
CBG15010	 0.2366
CBG10035	 0.1404
CBG13203	 0.2329
CBG21517	 0.2556
CBG18401	 0.2171
CBG20460	 0.1397
CBG03213	 0.2321
CBG15693	 0.4057
CBG23273	 0.2104
CBG12500	 0.0822
CBG17348d	 0.3157
CBG14695	 0.3396
CBG07766	 0.1554
CBG12504	 0.0846
CBG15687	 0.0958
CBG04748	 0.2905
CBG15669b	 0.2701
CBG23191	 0.1658
CBG01042	 0.0471
CBG19955	 0.1880
CBG06229a	 0.1583
CBG08713	 0.1368
CBG12364	 0.1405
CBG15206b	 0.1836
CBG03800	 0.1148
CBG08181	 0.1715
CBG17948b	 0.2493
CBG02063	 0.3460
CBG18502a	 0.2158
CBG08658	 0.1906
CBG00136	 0.2402
CBG13258	 0.1648
CBG08062	 0.1597
CBG16531a	 0.1787
CBG23256	 0.2429
CBG18602	 0.2069
CBG02577	 0.1450
CBG11519	 0.1628
CBG13964	 0.2309
CBG02605	 0.1009
CBG10994	 0.1746
CBG03250	 0.1538
CBG03787c	 0.1028
CBG02947a	 0.1257
CBG19038a	 0.1336
CBG24933	 0.4453
CBG17595	 0.2007
CBG08021	 0.2634
CBG20158a	 0.2765
CBG14734	 0.2135
CBG15152a	 0.1881
CBG21206	 0.3764
CBG11531	 0.0448
CBG11979	 0.1304
CBG03222	 0.2007
CBG02656	 0.2158
CBG03771	 0.0644
CBG14461b	 0.1272
CBG21516a	 0.2133
CBG15109	 0.2269
CBG12542	 0.1326
CBG20336	 0.2375
CBG24191	 0.0926
CBG15773	 0.0245
CBG10038b	 0.1717
CBG13313	 0.0909
CBG06885	 0.1446
CBG09876a	 0.1163
CBG06232	 0.1307
CBG15118i	 0.3282
CBG03391b	 0.1456
CBG04116	 0.1647
CBG21942	 0.1933
CBG18993	 0.1230
CBG02300	 0.2232
CBG06449	 0.2291
CBG23365	 0.2580
CBG17994	 0.0441
CBG08574	 0.2910
CBG19786	 0.1563
CBG03665	 0.1884
CBG18245	 0.0930
CBG15229	 0.1934
CBG00931	 0.3567
CBG06074a	 0.1276
CBG07446	 0.3274
CBG12000	 0.1748
CBG15167	 0.1873
CBG01775	 0.1506
CBG16355	 0.2652
CBG03789	 0.1335
CBG12002	 0.0856
CBG02109	 0.3449
CBG01806	 0.0364
CBG12008	 0.0981
CBG06575	 0.3217
CBG16503	 0.1059
CBG24496	 0.1367
CBG14076	 0.1503
CBG12089	 0.1075
CBG22774	 0.3444
CBG05747a	 0.1881
CBG12992	 0.2352
CBG19258	 0.2588
CBG18253	 0.0860
CBG11954d	 0.1141
CBG21016	 0.3769
CBG18982	 0.2083
CBG00873	 0.2622
CBG11573	 0.2687
CBG09223	 0.1642
CBG08095a	 0.1491
CBG20626	 0.2211
CBG09135a	 0.2291
CBG18244	 0.1273
CBG02261	 0.0891
CBG03306a	 0.2195
CBG23108	 0.0681
CBG11339	 0.1408
CBG14467	 0.1749
CBG03078	 0.1212
CBG21529c	 0.2717
CBG02098	 0.2682
CBG11611	 0.2300
CBG19886	 0.1996
CBG23704	 0.3731
CBG04457	 0.2003
CBG07938	 0.1247
CBG02921	 0.0911
CBG15153	 0.2521
CBG18887a	 0.1455
CBG03993	 0.0813
CBG12480	 0.1779
CBG01780	 0.1217
CBG22191	 0.2195
CBG20165	 0.1140
CBG24775	 0.1345
CBG11102	 0.2601
CBG17674	 0.1858
CBG13507	 0.1087
CBG24641b	 0.2211
CBG21770c	 0.2260
CBG09872a	 0.1078
CBG16611	 5.1930
CBG00983	 0.2270
CBG04027	 0.1321
CBG14886b	 0.1090
CBG04507b	 0.2681
CBG13067	 0.2232
CBG21978a	 0.1595
CBG00499	 0.3335
CBG07083	 0.1816
CBG24572	 0.1629
CBG12990	 0.0525
CBG13531	 0.1637
CBG22791	 0.2661
CBG04320	 0.0428
CBG10036	 0.1431
CBG12656	 0.1322
CBG18145	 0.1117
CBG03632	 0.3230
CBG05117a	 0.0952
CBG05130b	 0.3542
CBG19004	 0.1422
CBG08832	 0.0759
CBG20537	 0.3688
CBG09861	 0.0482
CBG08559	 0.2810
CBG01980e	 0.1609
CBG12416	 0.0936
CBG21188	 0.2846
CBG03940a	 0.1318
CBG22063	 0.2599
CBG21018	 0.2596
CBG22158	 0.3084
CBG21103	 0.3541
CBG22133	 0.1447
CBG09361	 0.1225
CBG18030	 0.1160
CBG19414b	 0.3529
CBG12576	 0.1981
CBG16834	 0.1895
CBG02540	 0.2026
CBG03785	 0.0199
CBG21440	 0.3581
CBG07082	 0.2309
CBG16409	 0.1537
CBG15176	 0.2447
CBG15766	 0.3023
CBG29975	 0.1042
CBG12345b	 0.0997
CBG09110	 0.2377
CBG04177	 0.1302
CBG18956	 0.1149
CBG23248a	 0.2402
CBG20393	 0.2735
CBG13204	 0.1817
CBG12806	 0.0915
CBG01545	 0.1500
CBG12910	 0.1456
CBG19741	 0.3177
CBG19014	 0.0375
CBG18251	 0.0420
CBG11649	 0.3225
CBG15264	 0.1791
CBG18351	 0.2851
CBG12017a	 0.1000
CBG03552	 0.0931
CBG23021	 0.1645
CBG22093b	 0.2117
CBG09720a	 0.2610
CBG23504	 0.1903
CBG11960	 0.0235
CBG15299	 0.1898
CBG16815	 0.0689
CBG14150b	 0.2146
CBG16182	 0.2620
CBG24517	 0.3116
CBG01072a	 0.1602
CBG05981	 0.1617
CBG01741	 0.2077
CBG13324	 0.2064
CBG08084	 0.1661
CBG14233a	 0.2818
CBG12446	 0.0866
CBG08124a	 0.1258
CBG02061	 0.1862
CBG11384	 0.2912
CBG20440	 0.2775
CBG02885	 0.1069
CBG03260	 0.1770
CBG12661	 0.2201
CBG02295	 0.0934
CBG19789	 0.2028
CBG19785	 0.1857
CBG02768	 0.1433
CBG23457	 0.0587
CBG18266	 0.1770
CBG13202a	 0.1937
CBG19248	 0.3080
CBG07074	 0.1928
CBG21817	 0.1072
CBG22920	 0.3448
CBG13065	 0.2061
CBG22725	 0.1192
CBG14526	 0.1970
CBG24571	 0.2044
CBG08140b	 0.1366
CBG09227c	 0.0982
CBG24494	 0.1125
CBG02944	 0.0922
CBG02772	 0.3095
CBG03382	 0.1430
CBG02385	 0.2443
CBG24890	 0.3543
CBG22279	 0.2566
CBG10076	 0.1130
CBG02259	 0.0986
CBG05408	 0.1763
CBG03992	 0.1830
CBG06867	 0.1693
CBG22041	 0.1543
CBG24238a	 0.1940
CBG10037	 0.0805
CBG01829	 0.1455
CBG22050	 0.1606
CBG11393	 0.2066
CBG13586	 0.0500
CBG12545	 0.1523
CBG13216	 0.1029
CBG13151	 0.1203
CBG06216	 0.1656
CBG02884b	 0.1204
CBG13150	 0.1265
CBG12604b	 0.2208
CBG18353	 0.0954
CBG19803	 0.2032
CBG14940	 0.0821
CBG13394	 0.1875
CBG18950	 0.1994
CBG00558	 0.3658
CBG02076	 0.2562
CBG02453a	 0.2406
CBG22717b	 0.1104
CBG20550	 0.2239
CBG07980	 0.1964
CBG13539b	 0.1822
CBG05752	 0.1242
CBG24487	 0.2740
CBG22509	 0.2526
CBG18399	 0.2493
CBG14951a	 0.1756
CBG07987	 0.4168
CBG22923a	 0.1962
CBG12496	 0.1709
CBG21923a	 0.1006
CBG04223	 0.1054
CBG15710	 0.2235
CBG06062	 0.1766
CBG04561b	 0.1904
CBG05573a	 0.2072
CBG02267	 0.1541
CBG24520	 0.3499
CBG08973	 0.2268
CBG03308	 0.1744
CBG09630	 0.0924
CBG01776	 0.1777
CBG18249	 0.1749
CBG09180	 0.2145
CBG13312	 0.1021
CBG19615	 0.2769
CBG13541	 0.0960
CBG23957	 0.1990
CBG04073	 0.1043
CBG12343	 0.1130
CBG01037b	 0.1851
CBG00477	 0.3976
CBG14821	 0.2238
CBG00556	 0.3007
CBG06682b	 0.2952
CBG20320	 0.2937
CBG08399	 0.2762
CBG09808	 0.2294
CBG23430	 0.2458
CBG07404	 0.3638
CBG20763	 0.2812
CBG19850a	 0.1524
CBG17177a	 0.3262
CBG21205	 0.1337
CBG23183a	 0.0944
CBG09106	 0.2422
CBG21173a	 0.0754
CBG09363	 0.1590
CBG11922a	 0.1374
CBG00172	 0.1880
CBG03868	 3.9788
CBG08066b	 0.0562
CBG19415	 0.1404
CBG18161	 0.1565
CBG09049	 0.1404
CBG14164	 0.1095
CBG09751	 0.1855
CBG07036	 0.2149
CBG01436	 0.2496
CBG00591	 0.0961
CBG19097b	 0.1753
CBG03921	 0.1127
CBG19427b	 0.2118
CBG03163	 0.1910
CBG12509	 0.1431
CBG18321	 0.1890
CBG02936	 0.1808
CBG05540	 0.1474
CBG18231	 0.1073
CBG13601	 0.2519
CBG11502	 0.2046
CBG15140	 0.2869
CBG21145	 0.3087
CBG05851	 0.1709
CBG11706	 0.0101
CBG15585a	 0.2437
CBG17226	 0.1885
CBG09291b	 0.2459
CBG14916	 0.1596
CBG16676	 0.2059
CBG05410	 0.1820
CBG11347	 0.2645
CBG05644	 0.1091
CBG03870b	 0.0775
CBG08993	 0.2010
CBG12934	 0.3879
CBG19710	 0.1453
CBG20608	 0.1970
CBG14597	 0.0887
CBG01738	 0.0504
CBG10909	 0.2374
CBG15202	 0.1916
CBG03639a	 0.2516
CBG10813	 0.0339
CBG22213	 0.1699
CBG05553	 0.1362
CBG23170	 0.2388
CBG22284	 0.1956
CBG20205	 0.3085
CBG18111	 0.1381
CBG13278	 0.2513
CBG02773	 0.1124
CBG20164b	 0.3583
CBG18087	 0.1348
CBG18335	 0.1294
CBG09527	 0.1488
CBG16436	 0.2279
CBG03778b	 0.1365
CBG05471	 0.0645
CBG11881	 0.3016
CBG01549	 0.2520
CBG09337	 0.2942
CBG09282	 0.1652
CBG10876	 0.1304
CBG23226a	 0.1872
CBG14639	 0.1905
CBG30852	 0.3392
CBG01779	 0.1674
CBG09425	 0.1567
CBG18383	 0.2658
CBG14564a	 0.2009
CBG12287a	 0.3154
CBG06255	 0.1918
CBG18333	 0.1640
CBG20661	 0.2209
CBG13133	 0.1661
CBG29930	 0.1594
CBG09536	 0.1017
CBG24263	 0.3263
CBG03314	 0.1195
CBG15756	 0.3103
CBG11196a	 0.2360
CBG09949	 0.2118
CBG20441	 0.3026
CBG24046	 0.0124
CBG13074	 0.2264
CBG02970	 0.1129
CBG13585	 0.3382
CBG06107	 0.2486
CBG23912	 0.3696
CBG22758	 0.2625
CBG13274	 0.1597
CBG13148	 0.3213
CBG00928	 0.2473
CBG27510	 0.1671
CBG01798	 0.1119
CBG10771	 0.0121
CBG00721	 0.1094
CBG09316b	 0.1501
CBG02104	 0.4034
CBG09818	 0.1326
CBG12099b	 0.1411
CBG18282	 0.1794
CBG08063	 0.0966
CBG02792b	 0.1839
CBG11504	 0.2196
CBG02379	 0.1502
CBG16522a	 0.1963
CBG18147	 0.1626
CBG15761	 0.1757
CBG14603	 0.1238
CBG14518	 0.2298
CBG21465	 0.3835
CBG12178	 0.1616
CBG09952	 0.1314
CBG23324	 0.1600
CBG20154	 0.1978
CBG19722	 0.2959
CBG12241a	 0.3750
CBG05959	 0.1809
CBG23448a	 0.1401
CBG19957	 0.2564
CBG07004	 0.1322
CBG00742	 0.2555
CBG23416	 0.0973
CBG08159	 0.1111
CBG08723	 0.0713
CBG22764	 0.2349
CBG03710	 0.0613
CBG03150	 0.1749
CBG14575	 0.1900
CBG22232	 0.2294
CBG17882b	 0.2976
CBG01313a	 0.2364
CBG13075a	 0.1344
CBG02397b	 0.1416
CBG13911	 0.1739
CBG13540	 0.1005
CBG18137	 0.2432
CBG17559	 0.1711
CBG21807	 0.2164
CBG09303b	 0.1237
CBG18307a	 0.1711
CBG16761	 0.0899
CBG29923	 0.1464
CBG05942	 0.1833
CBG11147a	 0.3341
CBG09841	 0.1851
CBG21866a	 0.2653
CBG24339	 0.1014
CBG05911	 0.1917
CBG04203	 0.1593
CBG20998	 0.3260
CBG16554c	 0.1692
CBG21899	 0.1615
CBG02462	 0.1249
CBG18096	 0.1542
CBG13430	 0.1449
CBG13617	 0.2938
CBG21917	 0.0863
CBG09827	 0.1049
CBG20126b	 0.2230
CBG22078	 0.0624
CBG11604	 0.0528
CBG09569a	 0.0362
CBG06880	 0.1883
CBG24498	 0.1080
CBG19313	 0.1016
CBG22083	 0.3099
CBG24700	 0.1697
CBG22149	 0.2232
CBG24743	 0.2714
CBG08218b	 0.0851
CBG13223	 0.0554
CBG24611b	 0.1373
CBG21169	 0.1941
CBG15465	 0.2239
CBG00882	 0.2567
CBG02627	 0.2150
CBG13881	 0.2048
CBG14382	 0.1816
CBG20217	 0.3866
CBG14941	 0.1333
CBG09851c	 0.1458
CBG05969	 0.0921
CBG09405b	 0.1276
CBG09837	 0.1750
CBG23392	 0.2201
CBG14917c	 0.1600
CBG09585b	 0.1600
CBG05103	 0.2481
CBG11884	 0.1848
CBG06013	 0.1066
CBG12463	 0.0622
CBG23171	 0.1174
CBG13105	 0.1896
CBG18262a	 0.2269
CBG00743	 0.3156
CBG21460	 0.1825
CBG09959	 0.1719
CBG30120	 0.2011
CBG13626	 0.0996
CBG17963a	 0.1117
CBG07659	 0.2986
CBG20562	 0.1322
CBG19308	 0.1557
CBG15975	 0.2317
CBG19742	 0.1479
CBG12483	 0.1464
CBG14987	 0.2474
CBG09326	 0.1462
CBG01825	 0.1117
CBG12253	 0.2273
CBG00428	 0.1879
CBG08612	 0.1165
CBG12873	 0.2524
CBG07676	 0.3612
CBG17891b	 0.3027
CBG22974	 0.3000
CBG12778b	 0.0568
CBG19562	 0.6297
CBG18819	 0.3027
CBG01669	 0.0923
CBG17987	 0.2638
CBG09986b	 0.1430
CBG18097	 0.1340
CBG09937	 0.1593
CBG18095	 0.2017
CBG19712	 0.2825
CBG18084	 0.1594
CBG12063	 0.1054
CBG13346	 0.2708
CBG02083	 0.2357
CBG30641	 0.1457
CBG00006	 0.2250
CBG22507	 0.1130
CBG23904	 0.2432
CBG20878	 0.2098
CBG05572	 0.1323
CBG09377	 0.2058
CBG14705a	 0.1548
CBG09345	 0.1301
CBG01792	 0.1677
CBG06447b	 0.3289
CBG15632	 0.0689
CBG12346	 0.1478
CBG05409	 0.1756
CBG04228	 0.0718
CBG10010	 0.3232
CBG08013	 0.2133
CBG11715	 0.1820
CBG18436	 0.4110
CBG29112	 0.1999
CBG20408	 0.2813
CBG12909	 0.3381
CBG00673	 0.1690
CBG20396	 0.1960
CBG05626	 0.2415
CBG11986	 0.1325
CBG16681	 0.1699
CBG19960	 0.2737
CBG22999a	 0.2310
CBG29750	 0.1640
CBG23528	 0.1966
CBG08134	 0.1697
CBG07370b	 0.2702
CBG04225b	 0.3936
CBG04316	 0.3376
CBG12003a	 0.0342
CBG05351	 0.3978
CBG15760	 0.2723
CBG02809	 0.2085
CBG11153	 0.2411
CBG23079	 0.1279
CBG07971a	 0.1966
CBG13400	 0.2580
CBG09813b	 0.1811
CBG14733	 0.1958
CBG04136	 0.1577
CBG12631	 0.1387
CBG02488	 0.0895
CBG16671	 0.1033
CBG00957	 0.2238
CBG22664	 0.2390
CBG11201b	 0.2309
CBG06645	 0.1582
CBG15714	 0.2483
CBG04230b	 0.1385
CBG14555a	 0.2123
CBG20206	 0.0583
CBG20581	 0.2868
CBG20901	 0.0601
CBG12601	 0.2783
CBG20416a	 0.2768
CBG07320	 0.1931
CBG18198a	 0.0646
CBG21183b	 0.3137
CBG08999	 0.2393
CBG06905a	 0.2021
CBG13349	 0.2127
CBG15253	 0.1873
CBG02882	 0.1361
CBG21228	 0.1951
CBG00593	 0.1597
CBG07886	 0.3046
CBG14055	 0.2512
CBG09639	 0.2057
CBG02801a	 0.1258
CBG00388	 0.2628
CBG06118	 0.0293
CBG20834	 0.1544
CBG17947	 0.1426
CBG16766	 0.2876
CBG07642	 0.1829
CBG20308	 0.1438
CBG02029	 0.2670
CBG04201	 0.1595
CBG03249	 0.1751
CBG23204	 0.2612
CBG13588	 0.2644
CBG18316	 0.1232
CBG11512	 0.1739
CBG16872	 0.2017
CBG08829a	 0.1555
CBG19796	 0.2289
CBG11702	 0.1014
CBG17507	 0.2015
CBG09957	 0.1630
CBG12304	 0.2094
CBG00547a	 0.0453
CBG08210	 0.1001
CBG13068	 0.1250
CBG08006	 0.2671
CBG09815	 0.1248
CBG00334	 0.2370
CBG23022	 0.2978
CBG19724	 0.3211
CBG22153b	 0.2099
CBG17398	 0.3021
CBG18986	 0.0100
CBG06666	 0.2365
CBG13530	 0.1335
CBG19676	 0.2039
CBG11069	 0.1512
CBG22101	 0.2799
CBG11481	 0.1987
CBG08025	 0.2512
CBG13891	 0.1025
CBG19768	 0.1220
CBG14070	 0.2610
CBG03264	 0.0605
CBG21025	 0.2908
CBG11774	 0.2628
CBG18188	 0.1192
CBG22166	 0.2298
CBG09178b	 0.2454
CBG03854	 0.1053
CBG15097	 0.2931
CBG16820	 0.3730
CBG07915	 0.1921
CBG06431b	 0.2117
CBG12445	 0.1055
CBG12182	 0.0641
CBG04358a	 0.1279
CBG22219	 0.1385
CBG15333	 0.1893
CBG23144	 0.1057
CBG07590a	 0.2813
CBG23278	 0.2367
CBG20163	 0.2479
CBG21929b	 0.0794
CBG22351	 0.1505
CBG16133	 0.2298
CBG13294a	 0.1857
CBG04165	 0.1440
CBG18393b	 0.1398
CBG03817	 0.1342
CBG16494a	 0.1189
CBG13686	 0.2058
CBG17353a	 0.2203
CBG07067	 0.1949
CBG13889	 0.3143
CBG00062	 0.1647
CBG20794	 0.2011
CBG24607	 0.0752
CBG07311a	 0.2163
CBG12733	 0.1477
CBG16683	 0.0311
CBG31364	 0.1241
CBG03000	 0.0730
CBG13212	 0.3246
CBG08748	 0.1411
CBG01975b	 0.2509
CBG11701	 0.1186
CBG13485	 0.2084
CBG10054n	 0.1825
CBG12250	 0.1004
CBG14230g	 0.1695
CBG15727	 0.1390
CBG12256	 0.0717
CBG21764	 0.1579
CBG02527a	 0.1995
CBG18056	 0.0652
CBG06160	 0.1663
CBG06125	 0.1557
CBG20781	 0.1894
CBG10777	 0.1406
CBG09538	 0.1830
CBG01747	 0.2072
CBG11571	 0.1563
CBG20301	 0.2199
CBG08349	 0.0473
CBG03043	 0.2161
CBG02799	 0.1221
CBG12786	 0.1639
CBG05717	 0.1272
CBG02252	 0.1234
CBG16586a	 0.1299
CBG09148	 0.3317
CBG11417b	 0.0894
CBG07680	 0.1580
CBG06721a	 0.2144
CBG20513	 0.2873
CBG06440	 0.2158
CBG03161	 0.1142
CBG03763	 0.1092
CBG09860	 0.0706
CBG20508b	 0.1090
CBG03061	 0.1564
CBG03828a	 0.1280
CBG00418	 0.2069
CBG11506	 0.2282
CBG18132	 0.1294
CBG08085a	 0.1117
CBG04751	 0.2709
CBG03562	 0.2487
CBG19078	 0.2527
CBG16605a	 0.1798
CBG24499	 0.1160
CBG23668a	 0.3397
CBG13569	 0.2955
CBG03958	 0.1548
CBG07351	 0.1928
CBG06638	 0.1929
CBG30135	 0.1905
CBG00133a	 0.2775
CBG12350	 0.1202
CBG04088	 0.0703
CBG12377	 0.1643
CBG09045	 0.1823
CBG15699	 0.2403
CBG07111	 0.2138
CBG04185	 0.1632
CBG11651	 0.3353
CBG03561	 0.2573
CBG14873	 0.2218
CBG04380a	 0.3219
CBG08051	 0.1511
CBG12344a	 0.1045
CBG14172b	 0.3933
CBG12430	 0.0599
CBG13444b	 0.3679
CBG05596	 0.2616
CBG05129	 0.1891
CBG03784	 0.0983
CBG02386	 0.1826
CBG09687	 0.2246
CBG23225b	 0.2028
CBG14830	 0.2620
CBG14817b	 0.0695
CBG15800	 0.3006
CBG09810	 0.0583
CBG03702	 0.0667
CBG08717	 0.0412
CBG22212a	 0.1773
CBG22933	 0.2612
CBG22756	 0.2254
CBG05503	 0.1126
CBG00994	 0.2266
CBG00049	 0.4484
CBG14953a	 0.0943
CBG03232	 0.1445
CBG13627	 0.2433
CBG02505	 0.1928
CBG09003	 0.1962
CBG16602	 0.2097
CBG03049	 0.0746
CBG12494	 0.1581
CBG12390	 0.2194
CBG01489	 0.2849
CBG08039	 0.2820
CBG06140	 0.0968
CBG03681	 0.2094
CBG11966	 0.1403
CBG17997	 0.0610
CBG23105	 0.0974
CBG12911b	 0.2664
CBG14158a	 0.2460
CBG17257a	 0.3172
CBG02508	 0.2020
CBG01997	 0.2042
CBG13497	 0.1226
CBG23783	 0.5063
CBG10877	 0.2398
CBG18062	 0.0875
CBG04291	 0.1937
CBG22727	 0.2218
CBG21865a	 0.2147
CBG19682	 0.0000
CBG01520b	 0.2604
CBG09817	 0.1750
CBG08721b	 0.1292
CBG16623	 0.0877
CBG05719	 0.1011
CBG15212	 0.2241
CBG21695	 0.2009
CBG13978	 0.2810
CBG04238	 0.2002
CBG18828	 0.2587
CBG16666a	 0.1889
CBG15177a	 0.1809
CBG24492	 0.0446
CBG20436	 0.3100
CBG02220	 0.0921
CBG06075	 0.1535
CBG06201	 0.1430
CBG21713b	 0.2236
CBG12482	 0.1515
CBG03709	 0.1137
CBG31388	 0.0611
CBG16186a	 0.2333
CBG06072	 0.1643
CBG17669	 0.1643
CBG01585	 0.1351
CBG12437	 0.1597
CBG22235a	 0.0301
CBG22810	 0.2590
CBG13201	 0.2677
CBG22137	 0.2666
CBG02013	 0.4242
CBG03613	 0.1958
CBG08238	 0.1152
CBG02659a	 0.2086
CBG22508	 0.2368
CBG23232a	 0.1344
CBG05781	 0.1219
CBG14694	 0.1771
CBG02785	 0.1473
CBG18923	 0.1936
CBG24284	 0.3390
CBG01514	 0.2468
CBG12220	 0.1459
CBG00908	 0.2150
CBG23354b	 0.2079
CBG13329b	 0.1461
CBG13052	 0.2495
CBG08105	 0.1928
CBG02547	 0.1288
CBG18043c	 0.0921
CBG12109	 0.2393
CBG07071	 0.2137
CBG06212	 0.0802
CBG02729	 0.1636
CBG00462	 0.1451
CBG17405a	 0.2739
CBG16326	 0.1472
CBG20223b	 0.2825
CBG02210	 0.1110
CBG01870	 0.4060
CBG14545b	 0.2074
CBG19471a	 0.2039
CBG15188	 0.2167
CBG06014	 0.1857
CBG23895	 0.2191
CBG02471	 0.3089
CBG04030	 0.1412
CBG13269	 0.2164
CBG00897	 0.2466
CBG22375	 0.1192
CBG05914	 0.1642
CBG08395	 0.2307
CBG14237	 0.3144
CBG19798	 0.2624
CBG11527	 0.1616
CBG15185	 0.1251
CBG14654b	 0.2166
CBG02589	 0.1162
CBG05223	 0.2617
CBG00733	 0.2729
CBG24054b	 0.3821
CBG18058	 0.1765
CBG01543b	 0.2348
CBG01513c	 0.1455
CBG18893	 0.1283
CBG17632	 0.2413
CBG30137	 0.0925
CBG03720b	 0.1757
CBG12505	 0.0358
CBG12077d	 0.0980
CBG10154	 0.2246
CBG20837	 0.2782
CBG04501b	 0.2553
CBG08707b	 0.0881
CBG22922	 0.2271
CBG02534	 0.1254
CBG01803	 0.1680
CBG21322	 0.2100
CBG18274	 0.1437
CBG12659	 0.0797
CBG17759	 0.4701
CBG12308b	 0.0852
CBG06939	 0.2924
CBG19269a	 0.1888
CBG20458	 0.1723
CBG03062	 0.1503
CBG24161	 0.2148
CBG17192b	 0.2897
CBG13222	 0.0693
CBG09631	 0.1407
CBG11852b	 0.2833
CBG22042	 0.1175
CBG18897b	 0.1663
CBG02934	 0.1479
CBG23158	 0.1825
CBG05147	 0.2895
CBG12530	 0.1278
CBG09034	 0.1342
CBG18014	 0.1648
CBG11691a	 0.2900
CBG19136b	 0.1849
CBG19227b	 0.2470
CBG19680	 0.3652
CBG05647	 0.1925
CBG16607	 0.0716
CBG13259	 0.1802
CBG11776	 0.2739
CBG06228b	 0.1517
CBG07576	 0.1160
CBG03022	 0.1680
CBG24616	 0.1868
CBG16670	 0.0919
CBG22296	 0.1377
CBG07018	 0.1423
CBG15250	 0.1500
CBG00026b	 0.1480
CBG13912	 0.2449
CBG01691a	 0.0780
CBG15256	 0.2126
CBG03240	 0.1454
CBG11890	 0.3097
CBG05918	 0.1432
CBG09451	 0.1651
CBG19728	 0.2836
CBG12001	 0.1175
CBG11480	 0.1426
CBG06225	 0.1279
CBG22970	 0.2371
CBG01588	 0.2566
CBG01861a	 0.3428
CBG08340	 0.2974
CBG04188	 0.1022
CBG03543	 0.1769
CBG12839a	 0.1747
CBG11888	 0.2511
CBG08373	 0.3948
CBG21052	 0.3627
CBG24799	 0.2108
CBG02941b	 0.1712
CBG09565a	 0.1364
CBG07012	 0.2814
CBG01548	 0.0996
CBG16248	 0.1754
CBG08278	 0.0677
CBG03235	 0.0955
CBG13301a	 0.0709
CBG05962	 0.0900
CBG02590b	 0.0830
CBG07937	 0.1206
CBG30862	 0.1578
CBG12451	 0.0828
CBG11904	 0.1361
CBG13639	 0.2800
CBG19421	 0.2602
CBG24154	 0.0840
CBG11530	 0.0755
CBG23373	 0.2302
CBG10019	 0.1334
CBG01781	 0.1721
CBG22211	 0.0154
CBG16954a	 0.1378
CBG08772	 0.3111
CBG16943	 0.0977
CBG14791	 0.1750
CBG12877	 0.2814
CBG15976	 0.1553
CBG11697	 0.1813
CBG01823	 0.1583
CBG18002a	 0.1994
CBG03023	 0.1500
CBG12756	 0.0663
CBG02638	 0.1577
CBG14923	 0.1493
CBG00683a	 0.2042
CBG09820	 0.0702
CBG18045	 0.1103
CBG07091	 0.2773
CBG02139	 0.2504
CBG11023	 0.1604
CBG08197a	 0.1685
CBG00375a	 0.1519
CBG13252	 0.1844
CBG21269	 0.1383
CBG06635b	 0.2186
CBG06664a	 0.2082
CBG17372a	 0.3434
CBG00701	 0.3044
CBG03654	 0.2410
CBG06224a	 0.1407
CBG18039	 0.1066
CBG07954	 0.1166
CBG14758	 0.1639
CBG00671	 0.2126
CBG03263	 0.1423
CBG00366	 0.1814
CBG03773	 0.1370
CBG15921	 0.2526
CBG22969	 0.3610
CBG01860b	 0.1703
CBG12564a	 0.1212
CBG17763	 0.4258
CBG12732	 0.2996
CBG23184	 0.2405
CBG15647	 0.2950
CBG07653	 0.2882
CBG07607	 0.2787
CBG16487	 0.1110
CBG13401	 0.2095
CBG03145	 0.1217
CBG03212	 0.1127
CBG11574a	 0.0952
CBG21042	 0.3022
CBG12234a	 0.1916
CBG22132	 0.2535
CBG14979	 0.1350
CBG10959	 0.2200
CBG08804a	 0.2860
CBG07562a	 0.3360
CBG14380	 0.1824
CBG20772	 0.0703
CBG00457	 0.0317
CBG18278	 0.1280
CBG14343	 0.2368
CBG18357	 0.1012
CBG21019a	 0.1971
CBG11883	 0.2900
CBG02074	 0.2542
CBG08742	 0.1127
CBG22145	 0.2010
CBG12620	 0.0961
CBG14058	 0.2034
CBG14221a	 0.2631
CBG02994d	 0.1769
CBG02260	 0.0433
CBG21210	 0.5535
CBG12536	 0.2294
CBG16074a	 0.3345
CBG00522	 0.1796
CBG18291b	 0.1950
CBG19771	 0.2287
CBG03298	 0.0790
CBG23361	 0.2493
CBG10805e	 0.1647
CBG11491	 0.2563
CBG09450	 0.1543
CBG05193	 0.1199
CBG10126	 0.1610
CBG00738	 0.3817
CBG19750	 0.2477
CBG19749	 0.2801
CBG07733	 0.2229
CBG19758	 0.2756
CBG01682	 0.1749
CBG02394	 0.1841
CBG18430	 0.2807
CBG03131	 0.0322
CBG19220b	 0.1848
CBG10119	 0.2690
CBG20157	 0.3082
CBG23626b	 0.2693
CBG13529	 0.0980
CBG14353	 0.1307
CBG03017	 0.0916
CBG02611	 0.2007
CBG11720	 0.2227
CBG16526b	 0.1059
CBG09896	 0.1221
CBG20784	 0.2371
CBG20692	 0.2012
CBG24141b	 0.2195
CBG09868	 0.0703
CBG22204	 0.3008
CBG03950	 0.0923
CBG03203b	 0.1102
CBG09591	 0.1998
CBG17980	 0.0770
CBG20522a	 0.3405
CBG18981	 0.1828
CBG06101	 0.0628
CBG02879	 0.2283
CBG05247	 0.1282
CBG12309	 0.0641
CBG12270	 0.2621
CBG00600	 0.0958
CBG16006	 0.3323
CBG12376	 0.0069
CBG04042	 0.1076
CBG15694	 0.2817
CBG14902	 0.1653
CBG12531	 0.1390
CBG07108	 0.2312
CBG13183	 0.1518
CBG13499	 0.0984
CBG21343	 0.0275
CBG01036	 0.1739
CBG30316	 0.0873
CBG12506	 0.1181
CBG17349	 0.2744
CBG01940	 0.2893
CBG07073	 0.1146
CBG07388	 0.3309
CBG03840	 0.0314
CBG04368	 0.2987
CBG23810	 0.3845
CBG14922	 0.1292
CBG04246	 0.2356
CBG07933	 0.3589
CBG02479	 0.2988
CBG10016	 0.1877
CBG17959	 0.0989
CBG01745	 0.0392
CBG13114b	 0.2659
CBG02208	 0.0667
CBG02199b	 0.0686
CBG21170	 0.2596
CBG09381	 0.1277
CBG05762	 0.0398
CBG03074a	 0.1346
CBG04063	 0.1510
CBG13210	 0.1059
CBG06148	 0.1467
CBG23026	 0.2693
CBG00954	 0.2799
CBG02633	 0.0711
CBG03961	 0.1298
CBG02368a	 0.2420
CBG22152	 0.2402
CBG01082	 0.2267
CBG25151	 0.1562
CBG20552	 0.1873
CBG06068	 0.1042
CBG09043a	 0.1353
CBG02270	 0.0979
CBG12632	 0.1634
CBG18252	 0.0795
CBG16136	 0.2073
CBG23138	 0.1759
CBG17509	 0.1643
CBG18317	 0.0650
CBG16742d	 0.3577
CBG06643	 0.2444
CBG06223	 0.0990
CBG12098	 0.1055
CBG13351	 0.3128
CBG19664	 0.2214
CBG04050	 0.0935
CBG08744	 0.1635
CBG00732b	 0.2354
CBG01517	 0.1144
CBG22957	 0.2798
CBG07110	 0.1872
CBG03843	 0.1541
CBG12821	 0.1724
CBG12363	 0.1250
CBG31185	 0.3596
CBG03398b	 0.1606
CBG21259	 0.2612
CBG06665	 0.0940
CBG18798c	 0.3393
CBG07631	 0.2891
CBG06887	 0.1907
CBG02622	 0.0925
CBG07596	 0.1188
CBG20576	 0.2683
CBG10963	 0.3235
CBG16691	 0.2813
CBG31147	 0.1203
CBG05563b	 0.3703
CBG08350	 0.0206
CBG23104	 0.0909
CBG06205c	 0.1285
CBG21190	 0.2327
CBG03063	 0.1492
CBG13208	 0.2076
CBG19469	 0.2579
CBG04054	 0.1764
CBG17532	 0.2871
CBG04322	 0.2945
CBG22949	 0.1872
CBG02568b	 0.1353
CBG18281	 0.3018
CBG20921d	 0.0848
CBG10098b	 0.2276
CBG03234	 0.2082
CBG18389	 0.1774
CBG04528a	 0.1777
CBG09139	 0.2190
CBG03001	 0.1197
CBG12320a	 0.1134
CBG17272	 0.2819
CBG16905	 0.1601
CBG14763	 0.2418
CBG12185	 0.1177
CBG12024b	 0.1193
CBG14528	 0.2646
CBG20368	 0.0792
CBG10834	 0.1035
CBG23724	 0.1440
CBG14887	 0.0736
CBG11211	 0.1891
CBG03435	 0.0786
CBG00595	 0.0940
CBG08119	 0.1495
CBG10845	 0.3193
CBG12284	 0.3202
CBG22218	 0.2419
CBG09668	 0.1062
CBG19312	 0.2966
CBG02308	 0.2092
CBG10097	 0.1242
CBG09024	 0.2237
CBG00885a	 0.4354
CBG21028	 0.3949
CBG11588	 0.0679
CBG09134a	 0.2917
CBG09496	 0.1018
CBG01668	 0.2059
CBG02196	 0.1397
CBG18314	 0.2487
CBG23016	 0.3620
CBG17506	 0.1638
CBG11540	 0.1139
CBG14891d	 0.1919
CBG04341	 0.2373
CBG14512	 0.2227
CBG03600	 0.2903
CBG07923	 0.2902
CBG03659	 0.3069
CBG12820	 0.0887
CBG09177	 0.0930
CBG09721	 0.1040
CBG02855	 0.1483
CBG05052	 0.1979
CBG09895a	 0.1342
CBG09769	 0.1653
CBG02175	 0.2379
CBG19690	 0.1605
CBG03484	 0.2621
CBG12061	 0.0922
CBG00420	 0.1548
CBG09375	 0.1700
CBG03814	 0.0713
CBG01746	 0.1701
CBG03930	 0.0950
CBG06117	 0.1645
CBG06644	 0.1496
CBG16756	 0.2230
CBG02408	 0.1859
CBG13147	 0.2541
CBG09782	 0.0982
CBG14288a	 0.1819
CBG19772	 0.0595
CBG02380	 0.1815
CBG08976	 0.1215
CBG02665	 0.2590
CBG23143	 0.1333
CBG12459	 0.1146
CBG07691	 0.1204
CBG12565	 0.1892
CBG20564c	 0.2276
CBG08413	 0.2328
CBG24608	 0.2302
CBG14249b	 0.2047
CBG01811a	 0.1528
CBG02613	 0.2449
CBG10925	 0.1183
CBG05656	 0.2423
CBG11204a	 0.2378
CBG02387	 0.2057
CBG04405	 0.1523
CBG01612	 0.2070
CBG09152	 0.1829
CBG11507	 0.1021
CBG03003a	 0.1499
CBG02783	 0.1420
CBG24239	 0.2521
CBG03802a	 0.1062
CBG18690	 0.1338
CBG23320	 0.2203
CBG20000	 0.1132
CBG09753a	 0.1499
CBG07712	 0.3033
CBG03225	 0.0798
CBG01006	 0.1065
CBG00460	 0.2107
CBG03005	 0.2595
CBG04173	 0.1075
CBG18041	 0.1439
CBG04574	 0.1927
CBG08133	 0.1241
CBG01794	 0.0508
CBG02500	 0.1674
CBG18827	 0.2098
CBG01067	 0.0487
CBG09994	 0.1254
CBG20503	 0.2314
CBG16827	 0.2929
CBG19958	 0.3610
CBG18318	 0.1583
CBG07696	 0.1799
CBG16005a	 0.1992
CBG29987	 0.1257
CBG30791	 0.1907
CBG23527	 0.1935
CBG20783a	 0.1509
CBG12722c	 0.1261
CBG09543	 0.0788
CBG02746	 0.0991
CBG03667	 0.3789
CBG03481	 0.0667
CBG09283a	 0.2219
CBG05817	 0.1901
CBG02143a	 0.2129
CBG12380	 0.1857
CBG06915	 0.2106
CBG15803	 0.3567
CBG12090	 0.1599
CBG03788	 0.1273
CBG14841	 0.1814
CBG03650	 0.1975
CBG21580	 0.2251
CBG13282	 0.1870
CBG14895	 0.1808
CBG16822	 0.1984
CBG07577	 0.2937
CBG11394	 0.1386
CBG21003	 0.1794
CBG01066	 0.1990
CBG22267	 0.2038
CBG10788b	 0.1242
CBG00486	 0.1874
CBG06459b	 0.2834
CBG01519	 0.2845
CBG03805	 0.1477
CBG13600	 0.1951
CBG19566	 0.3715
CBG29109	 0.2898
CBG05718a	 0.1416
CBG10084	 0.0638
CBG25182	 0.2896
CBG15157	 0.1940
CBG23701	 0.3511
CBG19074	 0.3664
CBG07640	 0.1100
CBG15657b	 0.2515
CBG12324b	 0.1391
CBG01674	 0.1380
CBG19597	 0.4443
CBG11210	 0.1398
CBG18398	 0.1334
CBG01759a	 0.2089
CBG03712	 0.1370
CBG14947	 0.1855
CBG20443	 0.3389
CBG08120	 0.1465
CBG03989	 0.0995
CBG03825	 0.1016
CBG22943	 0.1118
CBG17513	 0.2255
CBG08071	 0.1890
CBG15265	 0.1448
CBG12355	 0.1738
CBG23394	 0.1688
CBG18374	 0.1815
CBG12735a	 0.2324
CBG20463	 0.1721
CBG20462	 0.1495
CBG00692	 0.1848
CBG20224	 0.3204
CBG18727	 0.2558
CBG04743	 0.2989
CBG06318	 0.1653
CBG20695	 0.2503
CBG24281	 0.2361
CBG01667	 0.1761
CBG07024a	 0.2549
CBG20197	 0.2550
CBG12436	 0.0628
CBG05144	 0.0838
CBG03194	 0.2764
CBG00274	 0.2925
CBG01005b	 0.2423
CBG09023	 0.1770
CBG03033a	 0.2237
CBG06678	 0.3180
CBG30646	 0.1449
CBG24217b	 0.2699
CBG21925	 0.0602
CBG06642	 0.2394
CBG02095	 0.2485
CBG09344	 0.1292
CBG09712	 0.2446
CBG02979	 0.2129
CBG23362	 0.2211
CBG03439	 0.0839
CBG05083a	 0.2316
CBG15147	 0.2411
CBG22510	 0.2396
CBG00546	 0.2624
CBG10789	 0.0811
CBG23428	 0.2090
CBG22646	 0.1351
CBG17195b	 0.2506
CBG22761	 0.3651
CBG21979	 0.0965
CBG12245	 0.1431
CBG21499	 0.3511
CBG19706a	 0.2418
CBG00621	 0.1900
CBG17400	 0.2407
CBG03546	 0.2590
CBG01041	 0.1233
CBG04114	 0.0551
CBG20478	 0.1352
CBG24142	 0.1178
CBG09535	 0.1714
CBG03945a	 0.1683
CBG09586	 0.1747
CBG08704	 0.1396
CBG04581	 0.1740
CBG02230	 0.1256
CBG18997	 0.1918
CBG17706	 0.2444
CBG16818	 0.2610
CBG24677	 0.1709
CBG12025	 0.1333
CBG12913	 0.2209
CBG06022	 0.1297
CBG07934	 0.2767
CBG18133	 0.1296
CBG11848a	 0.1998
CBG02864	 0.1559
CBG03666	 0.2218
CBG00668	 0.2178
CBG00005f	 0.2686
CBG02629	 0.1668
CBG22088b	 0.1503
CBG18599	 0.3358
CBG19743	 0.1772
CBG22194	 0.1115
CBG03380	 0.1257
CBG17662	 0.1383
CBG03905	 0.0126
CBG11716	 0.2419
CBG04517a	 0.1804
CBG02883	 0.1255
CBG18077	 0.1762
CBG24575	 0.2299
CBG22980	 0.2221
CBG13198	 0.2490
CBG08291	 0.3183
CBG11009a	 0.1651
CBG11758a	 0.3576
CBG22275	 0.1952
CBG13136	 0.1344
CBG23203	 0.1484
CBG13002	 0.2108
CBG21312	 0.1957
CBG10104	 0.2802
CBG24280	 0.2866
CBG11511	 0.1539
CBG08738	 0.1062
CBG02407	 0.0341
CBG12254	 0.2858
CBG23399	 0.1836
CBG02935	 0.1410
CBG05964	 0.1426
CBG03417	 0.2168
CBG00623	 0.2452
CBG05574a	 0.3055
CBG14395	 0.2900
CBG18693	 0.2876
CBG08074	 0.2360
CBG09800	 0.1763
CBG00670	 0.3322
CBG18035	 0.1118
CBG16652	 0.1604
CBG04002	 0.1933
CBG03995	 0.1013
CBG07107a	 0.0189
CBG10085	 0.1594
CBG06902b	 0.2034
CBG24188	 0.0806
CBG15347	 0.1324
CBG19257	 0.0504
CBG24262a	 0.0225
CBG02744b	 0.1958
CBG08991	 0.0083
CBG02835	 0.1246
CBG08351	 0.0273
CBG19673	 0.1973
CBG03881	 0.1234
CBG19254	 0.2791
CBG17430	 0.2266
CBG16852b	 0.1346
CBG20916	 0.1911
CBG06421	 0.3164
CBG02791	 0.2104
CBG15845b	 0.3701
CBG12434	 0.0597
CBG30812	 0.1055
CBG16540a	 0.1439
CBG15813e	 0.4952
