GCK72_025599.t1	 0.1504
GCK72_004349.t1	 0.1023
GCK72_003064.t1	 0.1557
GCK72_004504.t1	 0.1250
GCK72_010574.t1	 0.1575
GCK72_006347.t1	 0.1519
GCK72_024735.t1	 0.1935
GCK72_005457.t1	 0.0821
GCK72_024340.t1	 0.1130
GCK72_002383.t1	 0.0441
GCK72_019275.t1	 0.1540
GCK72_010377.t1	 0.1480
GCK72_014593.t1	 0.0923
GCK72_001476.t1	 0.1073
GCK72_024177.t1	 0.1633
GCK72_004225.t1	 0.2194
GCK72_019052.t1	 0.1186
GCK72_000997.t1	 0.1573
GCK72_011806.t1	 0.2989
GCK72_001579.t1	 0.0936
GCK72_005666.t1	 0.1470
GCK72_009904.t1	 0.1360
GCK72_023199.t1	 0.1794
GCK72_019125.t1	 0.1052
GCK72_010123.t1	 0.1368
GCK72_002002.t1	 0.1062
GCK72_025090.t1	 0.2525
GCK72_004042.t1	 0.0670
GCK72_004940.t1	 0.1116
GCK72_002210.t1	 0.1208
GCK72_024363.t1	 0.1523
GCK72_009849.t1	 0.0901
GCK72_010705.t1	 0.1586
GCK72_001371.t1	 0.1701
GCK72_008699.t1	 0.2567
GCK72_011031.t1	 0.0784
GCK72_011110.t1	 0.2194
GCK72_016160.t1	 0.1595
GCK72_018709.t1	 0.1114
GCK72_009553.t1	 0.1212
GCK72_008790.t1	 0.0656
GCK72_000436.t1	 0.2518
GCK72_014649.t1	 0.1541
GCK72_008830.t1	 0.1863
GCK72_019595.t1	 0.1684
GCK72_009919.t1	 0.0854
GCK72_017871.t1	 0.0446
GCK72_011293.t1	 0.4963
GCK72_000556.t1	 0.1638
GCK72_017919.t1	 0.0990
GCK72_005993.t1	 0.0646
GCK72_002521.t1	 0.1645
GCK72_003563.t1	 0.0742
GCK72_005240.t1	 0.1573
GCK72_018215.t1	 0.0778
GCK72_000030.t1	 0.1373
GCK72_001246.t1	 0.0756
GCK72_025735.t1	 0.2343
GCK72_010418.t1	 0.1261
GCK72_010391.t1	 0.1455
GCK72_009510.t1	 0.1086
GCK72_000969.t1	 0.1072
GCK72_002622.t1	 0.1363
GCK72_014131.t1	 0.1605
GCK72_013645.t1	 0.1023
GCK72_001602.t1	 0.1144
GCK72_017674.t1	 0.1238
GCK72_001778.t1	 0.1473
GCK72_010436.t1	 0.1141
GCK72_023845.t1	 0.1563
GCK72_001471.t1	 0.0924
GCK72_005474.t1	 0.1018
GCK72_000412.t1	 0.3424
GCK72_001005.t1	 0.2228
GCK72_005837.t1	 0.1704
GCK72_024255.t1	 0.1336
GCK72_015031.t1	 0.1882
GCK72_002973.t1	 0.2547
GCK72_002316.t1	 0.1194
GCK72_019047.t1	 0.0513
GCK72_017634.t1	 0.0979
GCK72_025503.t1	 0.0619
GCK72_005783.t1	 0.1194
GCK72_018077.t1	 0.1038
GCK72_005120.t1	 0.0400
GCK72_002646.t1	 0.1322
GCK72_018253.t1	 0.1496
GCK72_024131.t1	 0.1391
GCK72_023577.t1	 0.0999
GCK72_024900.t1	 0.1089
GCK72_010676.t1	 0.1374
GCK72_001003.t1	 0.1142
GCK72_008619.t1	 0.1884
GCK72_019330.t1	 0.0902
GCK72_004895.t1	 0.0856
GCK72_008753.t1	 0.1810
GCK72_011828.t1	 0.1628
GCK72_019151.t1	 0.0954
GCK72_005384.t1	 0.1174
GCK72_006636.t1	 0.2097
GCK72_008823.t1	 0.1337
GCK72_020256.t1	 0.1571
GCK72_025556.t1	 0.1207
GCK72_002186.t1	 0.1269
GCK72_009991.t1	 0.1430
GCK72_024799.t1	 0.1814
GCK72_016263.t1	 0.0943
GCK72_018098.t1	 0.0938
GCK72_010777.t1	 0.1596
GCK72_010075.t1	 0.1478
GCK72_001061.t1	 0.1055
GCK72_000836.t1	 0.0941
GCK72_010210.t1	 0.1088
GCK72_006471.t1	 0.1726
GCK72_009611.t1	 0.0042
GCK72_006038.t1	 0.1514
GCK72_006251.t1	 0.0711
GCK72_000440.t1	 0.1323
GCK72_024995.t1	 0.1318
GCK72_007082.t1	 0.2784
GCK72_009872.t1	 0.1290
GCK72_003499.t1	 0.1144
GCK72_009430.t1	 0.1048
GCK72_005121.t1	 0.1668
GCK72_018313.t1	 0.1611
GCK72_014083.t1	 0.1262
GCK72_014565.t1	 0.1302
GCK72_001034.t1	 0.1441
GCK72_005635.t1	 0.1272
GCK72_020105.t1	 0.1148
GCK72_005026.t1	 0.1215
GCK72_002523.t1	 0.1537
GCK72_023993.t1	 0.2754
GCK72_016423.t1	 0.1522
GCK72_025613.t1	 0.0682
GCK72_004680.t1	 0.3845
GCK72_015815.t1	 0.1720
GCK72_001379.t1	 0.1308
GCK72_024639.t1	 0.0850
GCK72_009992.t1	 0.1185
GCK72_000104.t1	 0.2831
GCK72_022288.t1	 0.1080
GCK72_014247.t1	 0.1187
GCK72_006385.t1	 0.1729
GCK72_001865.t1	 0.1158
GCK72_021756.t1	 0.3572
GCK72_002106.t1	 0.1308
GCK72_023610.t1	 0.3713
GCK72_010050.t1	 0.1548
GCK72_002374.t1	 0.0798
GCK72_009393.t1	 0.1491
GCK72_023978.t1	 0.1237
GCK72_000143.t1	 0.1763
GCK72_018523.t1	 0.1836
GCK72_013892.t1	 0.1308
GCK72_023545.t1	 0.1717
GCK72_000385.t1	 0.3039
GCK72_006599.t1	 0.1244
GCK72_014444.t1	 0.1636
GCK72_010637.t1	 0.1115
GCK72_002647.t1	 0.2767
GCK72_020336.t1	 0.1658
GCK72_000815.t1	 0.0842
GCK72_012164.t1	 0.2304
GCK72_005917.t1	 0.1183
GCK72_021779.t1	 0.1413
GCK72_024306.t1	 0.1093
GCK72_013715.t1	 0.1409
GCK72_013999.t1	 0.0794
GCK72_013231.t1	 0.0375
GCK72_006568.t1	 0.1563
GCK72_015396.t1	 0.1303
GCK72_024824.t1	 0.1750
GCK72_018076.t1	 0.0771
GCK72_018720.t1	 0.1369
GCK72_008798.t1	 0.2209
GCK72_017844.t1	 0.0934
GCK72_006707.t1	 0.2134
GCK72_005459.t1	 0.1614
GCK72_014844.t1	 0.1528
GCK72_001117.t1	 0.1243
GCK72_000599.t1	 0.0708
GCK72_017847.t1	 0.1130
GCK72_002741.t1	 0.1896
GCK72_017989.t1	 0.0621
GCK72_009520.t1	 0.1108
GCK72_024274.t1	 0.0565
GCK72_024489.t1	 0.0442
GCK72_001929.t1	 0.1166
GCK72_018656.t1	 0.1236
GCK72_023695.t1	 0.1513
GCK72_016527.t1	 0.2221
GCK72_010348.t1	 0.1489
GCK72_014050.t1	 0.1634
GCK72_001333.t1	 0.0939
GCK72_024465.t1	 0.0760
GCK72_025517.t1	 0.3275
GCK72_003217.t1	 0.0955
GCK72_009371.t1	 0.1206
GCK72_002964.t1	 0.2727
GCK72_013567.t1	 0.0852
GCK72_009649.t1	 0.1584
GCK72_022019.t1	 0.1165
GCK72_000444.t1	 0.2211
GCK72_023683.t1	 0.2380
GCK72_006097.t1	 0.0757
GCK72_006415.t1	 0.1055
GCK72_008588.t1	 0.1541
GCK72_003452.t1	 0.0309
GCK72_010175.t1	 0.1153
GCK72_013651.t1	 0.1357
GCK72_013348.t1	 0.1459
GCK72_008834.t1	 0.1126
GCK72_007931.t1	 0.4939
GCK72_013402.t1	 0.0353
GCK72_002298.t1	 0.1537
GCK72_023352.t1	 0.1951
GCK72_008691.t1	 0.1506
GCK72_011295.t1	 0.2877
GCK72_018824.t1	 0.0727
GCK72_001912.t1	 0.1213
GCK72_014849.t1	 0.1214
GCK72_003666.t1	 0.1423
GCK72_010520.t1	 0.1135
GCK72_025910.t1	 0.1190
GCK72_006106.t1	 0.1865
GCK72_008384.t1	 0.1998
GCK72_009698.t1	 0.0833
GCK72_000158.t1	 0.1175
GCK72_003600.t1	 0.0923
GCK72_024273.t1	 0.1885
GCK72_002527.t1	 0.1246
GCK72_003547.t1	 0.1336
GCK72_009591.t1	 0.1173
GCK72_014874.t1	 0.1705
GCK72_017431.t1	 0.1672
GCK72_018320.t1	 0.1166
GCK72_016260.t1	 0.2153
GCK72_019599.t1	 0.0499
GCK72_011258.t1	 1.0490
GCK72_018399.t1	 0.1296
GCK72_015168.t1	 0.1860
GCK72_021617.t1	 0.3120
GCK72_013272.t1	 0.1499
GCK72_010341.t1	 0.1156
GCK72_010536.t1	 0.0575
GCK72_014773.t1	 0.1919
GCK72_000548.t1	 0.2507
GCK72_014628.t1	 0.0875
GCK72_002327.t1	 0.1711
GCK72_002745.t1	 0.1597
GCK72_016629.t1	 0.2878
GCK72_001510.t1	 0.1902
GCK72_018617.t1	 0.0630
GCK72_005812.t1	 0.1480
GCK72_001849.t1	 0.1240
GCK72_009971.t1	 0.1876
GCK72_005161.t1	 0.1040
GCK72_016719.t1	 0.3735
GCK72_009683.t1	 0.0798
GCK72_006593.t1	 0.1038
GCK72_005559.t1	 0.1542
GCK72_023513.t1	 0.1850
GCK72_024170.t1	 0.1222
GCK72_017947.t1	 0.0918
GCK72_009988.t1	 0.1196
GCK72_013751.t1	 0.1370
GCK72_000884.t1	 0.1699
GCK72_013938.t1	 0.0728
GCK72_020693.t1	 0.2392
GCK72_025762.t1	 0.2122
GCK72_011967.t1	 0.2045
GCK72_002396.t1	 0.0968
GCK72_003923.t1	 0.2152
GCK72_018389.t1	 0.1666
GCK72_004560.t1	 0.0701
GCK72_003810.t1	 0.1333
GCK72_001505.t1	 0.1028
GCK72_014616.t1	 0.1327
GCK72_024812.t1	 0.1833
GCK72_006615.t1	 0.1457
GCK72_000243.t1	 0.2420
GCK72_010657.t1	 0.0714
GCK72_011871.t1	 0.0526
GCK72_001545.t1	 0.1680
GCK72_008348.t1	 0.2599
GCK72_013799.t1	 0.0884
GCK72_024537.t1	 0.3654
GCK72_002156.t1	 0.1151
GCK72_005410.t1	 0.0542
GCK72_001219.t1	 0.1397
GCK72_002634.t1	 0.1715
GCK72_002291.t1	 0.1436
GCK72_000910.t1	 0.1731
GCK72_010959.t1	 0.0668
GCK72_005796.t1	 0.1470
GCK72_010760.t1	 0.1482
GCK72_023851.t1	 0.1356
GCK72_001448.t1	 0.1079
GCK72_016427.t1	 0.0952
GCK72_024810.t1	 0.1869
GCK72_021606.t1	 0.1729
GCK72_008076.t1	 0.0780
GCK72_009633.t1	 0.1404
GCK72_010178.t1	 0.1765
GCK72_002318.t1	 0.1312
GCK72_006462.t1	 0.2119
GCK72_018141.t1	 0.1293
GCK72_025915.t1	 0.2011
GCK72_017842.t1	 0.1851
GCK72_012910.t1	 0.0888
GCK72_024470.t1	 0.1549
GCK72_002808.t1	 0.0656
GCK72_000343.t1	 0.2383
GCK72_023195.t1	 0.2207
GCK72_006410.t1	 0.1955
GCK72_020170.t1	 0.1630
GCK72_009643.t1	 0.0753
GCK72_016334.t1	 0.1529
GCK72_014279.t1	 0.1375
GCK72_000025.t1	 0.1305
GCK72_005954.t1	 8.3987
GCK72_022014.t1	 0.1578
GCK72_023793.t1	 0.3354
GCK72_011897.t1	 0.1721
GCK72_018659.t1	 0.1397
GCK72_000466.t1	 0.0625
GCK72_025504.t1	 0.1532
GCK72_023383.t1	 0.1451
GCK72_025601.t1	 0.2365
GCK72_023208.t1	 0.1458
GCK72_001433.t1	 0.1610
GCK72_025656.t1	 0.1404
GCK72_002001.t1	 0.1336
GCK72_001026.t1	 0.1703
GCK72_006243.t1	 0.0318
GCK72_005604.t1	 0.1106
GCK72_008139.t1	 0.2292
GCK72_000615.t1	 0.0815
GCK72_005676.t1	 0.1030
GCK72_010051.t1	 0.1080
GCK72_004781.t1	 0.1204
GCK72_010683.t1	 0.1225
GCK72_007989.t1	 0.2199
GCK72_008152.t1	 0.0779
GCK72_009819.t1	 0.0566
GCK72_009796.t1	 0.1278
GCK72_000545.t1	 0.1728
GCK72_010478.t1	 0.1052
GCK72_006778.t1	 0.1415
GCK72_014496.t1	 0.1354
GCK72_004892.t1	 0.1932
GCK72_018154.t1	 0.1022
GCK72_016988.t1	 0.2868
GCK72_005306.t1	 0.0862
GCK72_016073.t1	 0.2828
GCK72_006225.t1	 0.1224
GCK72_006596.t1	69.1589
GCK72_003602.t1	 0.2354
GCK72_006151.t1	 0.1031
GCK72_019220.t1	 0.1540
GCK72_005923.t1	 0.1299
GCK72_013736.t1	 0.1403
GCK72_006440.t1	 0.1141
GCK72_005745.t1	 0.0998
GCK72_002292.t1	 0.1599
GCK72_001237.t1	 0.0964
GCK72_022195.t1	 0.1705
GCK72_005062.t1	 0.1399
GCK72_019387.t1	 0.0250
GCK72_008787.t1	 0.1240
GCK72_005713.t1	 0.1342
GCK72_006242.t1	 0.1121
GCK72_023358.t1	 0.2041
GCK72_017856.t1	 0.1062
GCK72_014801.t1	 0.1263
GCK72_014369.t1	 0.0727
GCK72_024554.t1	 0.1777
GCK72_001506.t1	 0.1064
GCK72_015152.t1	 0.1232
GCK72_013957.t1	 0.1323
GCK72_004870.t1	 0.1277
GCK72_023880.t1	 0.0834
GCK72_021888.t1	 0.1973
GCK72_016508.t1	 0.2644
GCK72_006117.t1	 0.1239
GCK72_005183.t1	 0.1482
GCK72_023804.t1	 0.1433
GCK72_002212.t1	 0.0893
GCK72_010153.t1	 0.1344
GCK72_014272.t1	 0.0332
GCK72_011022.t1	 0.1643
GCK72_001856.t1	 0.1362
GCK72_001218.t1	 0.1319
GCK72_010624.t1	 0.1078
GCK72_017363.t1	 0.1134
GCK72_006291.t1	 0.0092
GCK72_023158.t1	 0.1146
GCK72_016454.t1	 0.1412
GCK72_001706.t1	 0.1859
GCK72_016290.t1	 0.1969
GCK72_014988.t1	 0.0757
GCK72_010952.t1	 0.1438
GCK72_023995.t1	 0.0921
GCK72_009434.t1	 0.0861
GCK72_002439.t1	 0.1050
GCK72_002946.t1	 0.2346
GCK72_005454.t1	 0.1518
GCK72_005442.t1	 0.1848
GCK72_011404.t1	 0.2380
GCK72_005139.t1	 0.0876
GCK72_001101.t1	 0.1516
GCK72_024469.t1	 0.2364
GCK72_001779.t1	 0.1713
GCK72_006620.t1	 0.1612
GCK72_001031.t1	 0.1339
GCK72_024698.t1	 0.1031
GCK72_024369.t1	 0.1456
GCK72_021847.t1	 0.1619
GCK72_011788.t1	 0.1261
GCK72_010065.t1	 0.1341
GCK72_002395.t1	 0.1313
GCK72_016111.t1	 0.2183
GCK72_010663.t1	 0.0968
GCK72_007125.t1	 0.1936
GCK72_010089.t1	 0.0985
GCK72_019381.t1	 0.1375
GCK72_025597.t1	 0.3411
GCK72_022271.t1	 0.2731
GCK72_002333.t1	 0.1263
GCK72_009775.t1	 0.1801
GCK72_010565.t1	 0.1590
GCK72_014967.t1	 0.1121
GCK72_003597.t1	 0.0191
GCK72_010641.t1	 0.1492
GCK72_001294.t1	 0.0274
GCK72_016943.t1	 0.0803
GCK72_022157.t1	 0.2627
GCK72_017869.t1	 0.1287
GCK72_017935.t1	 0.1151
GCK72_018312.t1	 0.0859
GCK72_009678.t1	 0.1524
GCK72_025568.t1	 0.1775
GCK72_004999.t1	 0.0703
GCK72_023495.t1	 0.1697
GCK72_006662.t1	 0.0942
GCK72_014107.t1	 0.1731
GCK72_002171.t1	 0.0737
GCK72_001020.t1	 0.1331
GCK72_017200.t1	 0.2043
GCK72_001633.t1	 0.1404
GCK72_000301.t1	 0.2304
GCK72_002638.t1	 0.0938
GCK72_024542.t1	 0.1426
GCK72_001363.t1	 0.1405
GCK72_007950.t1	 0.2277
GCK72_001051.t1	 0.1683
GCK72_010786.t1	 0.1246
GCK72_014583.t1	 0.0934
GCK72_018820.t1	 0.1334
GCK72_014417.t1	 0.0996
GCK72_005290.t1	 0.1112
GCK72_014631.t1	 0.1028
GCK72_001180.t1	 0.0978
GCK72_001981.t1	 0.1059
GCK72_017473.t1	 0.1436
GCK72_025674.t1	 0.0802
GCK72_023898.t1	 0.1648
GCK72_017403.t1	 0.1758
GCK72_025584.t1	 0.1364
GCK72_023985.t1	 0.1296
GCK72_019818.t1	 0.0980
GCK72_000902.t1	 0.1174
GCK72_005513.t1	 0.1844
GCK72_000406.t1	 0.4253
GCK72_006279.t1	 0.0055
GCK72_023147.t1	 0.1101
GCK72_002061.t1	 0.0434
GCK72_024376.t1	 0.1653
GCK72_024165.t1	 0.3633
GCK72_000790.t1	 0.1012
GCK72_018814.t1	 0.1072
GCK72_006033.t1	 0.0760
GCK72_010499.t1	 0.1030
GCK72_001391.t1	 0.1826
GCK72_002486.t1	 0.0925
GCK72_001634.t1	 0.1212
GCK72_008508.t1	 0.1389
GCK72_021947.t1	 0.1523
GCK72_025570.t1	 0.1724
GCK72_024854.t1	 0.1116
GCK72_000160.t1	 0.1461
GCK72_006418.t1	 0.0688
GCK72_017848.t1	 0.1431
GCK72_008808.t1	 0.0470
GCK72_018007.t1	 0.1275
GCK72_022032.t1	 0.1779
GCK72_019146.t1	 0.1326
GCK72_025582.t1	 0.1298
GCK72_010713.t1	 0.1122
GCK72_024218.t1	 0.1315
GCK72_017766.t1	 0.1869
GCK72_006013.t1	 0.0892
GCK72_009529.t1	 0.0870
GCK72_001828.t1	 0.3007
GCK72_002328.t1	 0.1089
GCK72_005595.t1	 0.1627
GCK72_010711.t1	 0.1385
GCK72_005531.t1	 0.0339
GCK72_009954.t1	 0.0687
GCK72_001445.t1	 0.1319
GCK72_003598.t1	 0.1719
GCK72_017094.t1	 0.2337
GCK72_005603.t1	 0.1078
GCK72_017342.t1	 0.0618
GCK72_018516.t1	 0.0859
GCK72_010104.t1	 0.1277
GCK72_005916.t1	 0.1229
GCK72_016097.t1	 0.1073
GCK72_010640.t1	 0.1569
GCK72_022241.t1	 0.1601
GCK72_011280.t1	65.5677
GCK72_002259.t1	 0.0831
GCK72_010537.t1	 0.2321
GCK72_008432.t1	 0.1371
GCK72_006183.t1	 0.1007
GCK72_018436.t1	 0.0894
GCK72_006678.t1	 0.0854
GCK72_002157.t1	 0.1148
GCK72_003560.t1	 0.1417
GCK72_010584.t1	 0.1217
GCK72_009655.t1	 0.1041
GCK72_002772.t1	 0.1570
GCK72_014811.t1	 0.0370
GCK72_001870.t1	 0.1388
GCK72_010183.t1	 0.1183
GCK72_006441.t1	 0.1680
GCK72_005213.t1	 0.1152
GCK72_001465.t1	 0.1415
GCK72_019077.t1	 0.0794
GCK72_023283.t1	 0.1461
GCK72_005827.t1	 0.0851
GCK72_005826.t1	 0.1693
GCK72_013328.t1	 0.1930
GCK72_008457.t1	 0.3726
GCK72_013687.t1	 0.0729
GCK72_021948.t1	 0.2696
GCK72_000206.t1	 0.3477
GCK72_009512.t1	 0.0891
GCK72_004675.t1	 0.0902
GCK72_010381.t1	 0.1962
GCK72_019337.t1	 0.2567
GCK72_022219.t1	 0.1515
GCK72_009335.t1	 0.1235
GCK72_010049.t1	 0.0762
GCK72_002451.t1	 0.1188
GCK72_010635.t1	 0.1027
GCK72_006676.t1	 0.1784
GCK72_004723.t1	 0.1737
GCK72_000996.t1	 0.1712
GCK72_003390.t1	 0.2663
GCK72_023371.t1	 0.1719
GCK72_025738.t1	 0.1990
GCK72_001390.t1	 0.1304
GCK72_024148.t1	 0.1178
GCK72_014495.t1	 0.0694
GCK72_022257.t1	 0.1567
GCK72_013414.t1	 0.1347
GCK72_012878.t1	 0.2011
GCK72_003612.t1	 0.1403
GCK72_001726.t1	 0.1400
GCK72_019608.t1	 0.1265
GCK72_002358.t1	 0.1283
GCK72_011898.t1	 0.1023
GCK72_025237.t1	 0.0525
GCK72_000695.t1	 0.0932
GCK72_016435.t1	 0.1318
GCK72_010215.t1	 0.1669
GCK72_016539.t1	 0.1969
GCK72_006174.t1	 0.1548
GCK72_015173.t1	 0.1650
GCK72_018171.t1	 0.1338
GCK72_009354.t1	 0.1131
GCK72_009785.t1	 0.1532
GCK72_001313.t1	 0.1022
GCK72_002945.t1	 0.1822
GCK72_000059.t1	 0.2503
GCK72_024047.t1	 0.3367
GCK72_011779.t1	 0.0732
GCK72_001466.t1	 0.1500
GCK72_006502.t1	 0.1152
GCK72_006278.t1	 0.1655
GCK72_009513.t1	 0.0899
GCK72_022022.t1	60.3359
GCK72_016339.t1	 0.1735
GCK72_016302.t1	 0.2445
GCK72_006436.t1	 0.1259
GCK72_015918.t1	 0.3188
GCK72_006532.t1	 0.1389
GCK72_009952.t1	 0.1392
GCK72_006564.t1	 0.1569
GCK72_000530.t1	 0.1140
GCK72_006034.t1	 0.1311
GCK72_011873.t1	 0.1022
GCK72_024128.t1	 0.1223
GCK72_004920.t1	 0.2024
GCK72_025045.t1	 0.1321
GCK72_008379.t1	 0.1571
GCK72_009596.t1	 0.1735
GCK72_010530.t1	 0.1247
GCK72_023934.t1	 0.1234
GCK72_002360.t1	 0.0469
GCK72_003625.t1	 0.1043
GCK72_006587.t1	 0.1498
GCK72_010960.t1	 0.0755
GCK72_025638.t1	 0.1971
GCK72_003694.t1	 0.2424
GCK72_009364.t1	 0.0904
GCK72_000251.t1	 0.1039
GCK72_013436.t1	 0.1214
GCK72_010439.t1	 0.1473
GCK72_021755.t1	 0.2352
GCK72_002190.t1	 0.1275
GCK72_016377.t1	 0.0999
GCK72_014099.t1	 0.1224
GCK72_009601.t1	 0.1472
GCK72_014018.t1	 0.0873
GCK72_008141.t1	 0.2346
GCK72_010512.t1	 0.1328
GCK72_001269.t1	 0.0777
GCK72_016041.t1	 0.1672
GCK72_007963.t1	 0.1388
GCK72_017862.t1	 0.0804
GCK72_005218.t1	 0.0807
GCK72_019332.t1	 0.1835
GCK72_024428.t1	 0.1228
GCK72_021594.t1	 0.1837
GCK72_001253.t1	 0.0328
GCK72_004894.t1	 0.1579
GCK72_006669.t1	 0.1347
GCK72_000042.t1	 0.1817
GCK72_010193.t1	 0.0772
GCK72_003605.t1	 0.1992
GCK72_001650.t1	 0.0552
GCK72_010241.t1	 0.1125
GCK72_005092.t1	 0.0965
GCK72_020807.t1	 0.2067
GCK72_014518.t1	 0.1230
GCK72_022202.t1	 0.2627
GCK72_009879.t1	 0.1365
GCK72_023858.t1	 0.1309
GCK72_017593.t1	 0.1455
GCK72_005999.t1	 0.0781
GCK72_022250.t1	 0.1454
GCK72_019139.t1	 0.0376
GCK72_025477.t1	 0.1334
GCK72_010107.t1	 0.1554
GCK72_024361.t1	 0.1755
GCK72_006753.t1	 0.1765
GCK72_006132.t1	 0.1453
GCK72_008465.t1	 0.2156
GCK72_003546.t1	 0.1018
GCK72_010261.t1	 0.1520
GCK72_001994.t1	 0.1120
GCK72_001739.t1	 0.1302
GCK72_002287.t1	 0.1768
GCK72_010879.t1	 0.1966
GCK72_009164.t1	 0.1664
GCK72_002418.t1	 0.1019
GCK72_013513.t1	 0.1483
GCK72_013401.t1	 0.0941
GCK72_013753.t1	 0.1221
GCK72_009292.t1	 0.1714
GCK72_013275.t1	 0.1719
GCK72_014591.t1	 0.1706
GCK72_010724.t1	 0.1197
GCK72_007112.t1	 0.1395
GCK72_000882.t1	 0.0874
GCK72_008523.t1	 0.2597
GCK72_023930.t1	 0.1982
GCK72_025724.t1	 0.2053
GCK72_009503.t1	 0.1266
GCK72_014072.t1	 0.1390
GCK72_003434.t1	 0.0733
GCK72_009682.t1	 0.1188
GCK72_014291.t1	 0.1296
GCK72_024395.t1	 0.1390
GCK72_002077.t1	 0.0596
GCK72_001069.t1	 0.0800
GCK72_005996.t1	 0.1431
GCK72_013312.t1	 0.0934
GCK72_021953.t1	 0.0892
GCK72_005663.t1	 0.1456
GCK72_010204.t1	 0.1348
GCK72_007977.t1	 0.1836
GCK72_017807.t1	 0.1314
GCK72_018145.t1	 0.0747
GCK72_023809.t1	 0.0878
GCK72_001472.t1	 0.1762
GCK72_002703.t1	 0.0607
GCK72_001300.t1	 0.1301
GCK72_008900.t1	 0.1219
GCK72_004849.t1	 0.2373
GCK72_024797.t1	 0.1683
GCK72_014070.t1	 0.1324
GCK72_009443.t1	 0.0962
GCK72_018105.t1	 0.1598
GCK72_018600.t1	 0.1395
GCK72_016308.t1	 0.1428
GCK72_009312.t1	 0.1304
GCK72_009806.t1	 0.1298
GCK72_010229.t1	 0.0432
GCK72_002915.t1	 0.1529
GCK72_008056.t1	 0.1885
GCK72_017509.t1	 0.0940
GCK72_008826.t1	 0.1349
GCK72_000870.t1	 0.1040
GCK72_005074.t1	 0.1012
GCK72_002597.t1	 0.0281
GCK72_010665.t1	 0.1707
GCK72_024029.t1	 0.2487
GCK72_024130.t1	 0.0771
GCK72_024693.t1	 0.1275
GCK72_010798.t1	 0.0819
GCK72_009182.t1	 0.1198
GCK72_000439.t1	 0.0719
GCK72_001956.t1	 0.0998
GCK72_004838.t1	 0.0884
GCK72_025669.t1	 0.2121
GCK72_000935.t1	 0.0560
GCK72_020855.t1	 0.1884
GCK72_017125.t1	 0.2333
GCK72_002062.t1	 0.0997
GCK72_001491.t1	 0.1489
GCK72_010670.t1	 0.0894
GCK72_016974.t1	 0.1587
GCK72_024556.t1	 0.1908
GCK72_002716.t1	 0.1909
GCK72_003582.t1	 0.1833
GCK72_001181.t1	 0.1324
GCK72_015128.t1	 0.1130
GCK72_005658.t1	 0.0935
GCK72_004314.t1	 0.2077
GCK72_016537.t1	 0.0423
GCK72_017724.t1	 0.0819
GCK72_009948.t1	 0.0903
GCK72_009975.t1	 0.1204
GCK72_002070.t1	 0.1079
GCK72_016865.t1	 0.1844
GCK72_006209.t1	 0.0965
GCK72_004839.t1	 0.2403
GCK72_018079.t1	 0.1063
GCK72_002252.t1	 0.1050
GCK72_010205.t1	 0.1223
GCK72_016436.t1	 0.1882
GCK72_014343.t1	 0.1312
GCK72_005387.t1	 0.1793
GCK72_001812.t1	 0.2648
GCK72_002502.t1	 0.1181
GCK72_005167.t1	 0.1393
GCK72_021848.t1	 0.2059
GCK72_016307.t1	 0.2101
GCK72_023146.t1	 0.0863
GCK72_002020.t1	 0.1414
GCK72_016540.t1	 0.1470
GCK72_009353.t1	 0.0799
GCK72_022297.t1	 0.1527
GCK72_025725.t1	 0.3411
GCK72_017036.t1	 0.1261
GCK72_002293.t1	 0.1124
GCK72_002088.t1	 0.1748
GCK72_010648.t1	 0.1219
GCK72_011371.t1	 0.5096
GCK72_005237.t1	 0.1337
GCK72_023245.t1	 0.3311
GCK72_001845.t1	 0.0855
GCK72_009455.t1	 0.0988
GCK72_009860.t1	 0.1241
GCK72_013677.t1	 0.0670
GCK72_002308.t1	 0.1278
GCK72_000328.t1	 0.3621
GCK72_005491.t1	 0.1492
GCK72_003606.t1	 0.1643
GCK72_009696.t1	 0.1595
GCK72_014640.t1	 0.1260
GCK72_016533.t1	 0.2194
GCK72_005409.t1	 0.0802
GCK72_023746.t1	 0.2589
GCK72_010725.t1	 0.0936
GCK72_003539.t1	 0.1766
GCK72_010965.t1	 0.0669
GCK72_017981.t1	 0.0909
GCK72_024292.t1	 0.1479
GCK72_014366.t1	 0.0459
GCK72_010473.t1	 0.1430
GCK72_000321.t1	 0.2082
GCK72_015645.t1	 0.1267
GCK72_005630.t1	 0.0817
GCK72_006175.t1	 0.1805
GCK72_018271.t1	 0.1340
GCK72_003481.t1	 0.1010
GCK72_019817.t1	 0.1398
GCK72_000207.t1	 0.1204
GCK72_001760.t1	 0.1145
GCK72_008997.t1	 0.0345
GCK72_001557.t1	 0.1041
GCK72_014074.t1	 0.1073
GCK72_016321.t1	 0.1180
GCK72_002073.t1	 0.1028
GCK72_014278.t1	 0.1282
GCK72_011731.t1	 0.2035
GCK72_005482.t1	 0.0297
GCK72_008899.t1	 0.0896
GCK72_018153.t1	 0.0771
GCK72_024174.t1	 0.1246
GCK72_000911.t1	 0.1011
GCK72_001270.t1	 0.1937
GCK72_008307.t1	 0.0913
GCK72_009480.t1	 0.1191
GCK72_001704.t1	 0.0822
GCK72_022182.t1	 0.1534
GCK72_010507.t1	 0.1277
GCK72_024407.t1	 0.1476
GCK72_010047.t1	 0.2024
GCK72_024648.t1	 0.1588
GCK72_009366.t1	 0.0804
GCK72_006772.t1	 0.1218
GCK72_002345.t1	 0.1281
GCK72_004618.t1	 0.1272
GCK72_002405.t1	 0.0321
GCK72_003682.t1	 0.1756
GCK72_005087.t1	 0.1373
GCK72_014639.t1	 0.1153
GCK72_005032.t1	 0.0809
GCK72_014167.t1	 0.0286
GCK72_008828.t1	 0.0575
GCK72_009733.t1	 0.1231
GCK72_018486.t1	 0.1224
GCK72_024344.t1	 0.2178
GCK72_001492.t1	 0.1021
GCK72_016453.t1	 0.1622
GCK72_024335.t1	 0.1915
GCK72_011701.t1	 0.2442
GCK72_012880.t1	 0.0997
GCK72_014136.t1	 0.1642
GCK72_025918.t1	 0.2271
GCK72_013068.t1	 0.1387
GCK72_017502.t1	 0.1047
GCK72_001613.t1	 0.1553
GCK72_000350.t1	 0.2328
GCK72_013955.t1	 0.0671
GCK72_010800.t1	 0.0688
GCK72_009882.t1	 0.1198
GCK72_004819.t1	 0.1131
GCK72_005588.t1	 0.0894
GCK72_006590.t1	 0.1823
GCK72_015730.t1	 0.3064
GCK72_010393.t1	 0.0746
GCK72_001360.t1	 0.0645
GCK72_014508.t1	 0.1140
GCK72_018854.t1	 0.0909
GCK72_009589.t1	 0.1842
GCK72_016167.t1	 0.0355
GCK72_005828.t1	 0.1628
GCK72_016564.t1	 0.2429
GCK72_013975.t1	 0.0760
GCK72_011901.t1	 0.1591
GCK72_005361.t1	 0.1114
GCK72_022161.t1	 0.1621
GCK72_002707.t1	 0.1357
GCK72_002443.t1	 0.0948
GCK72_001724.t1	 0.1932
GCK72_019598.t1	 0.1604
GCK72_008702.t1	 0.1164
GCK72_019187.t1	 0.1483
GCK72_005575.t1	 0.1417
GCK72_000837.t1	 0.1019
GCK72_001678.t1	 0.0648
GCK72_009118.t1	 0.0912
GCK72_024847.t1	 0.1955
GCK72_009697.t1	 0.1458
GCK72_003295.t1	 0.2204
GCK72_023605.t1	 0.1360
GCK72_010053.t1	 0.0748
GCK72_014301.t1	 0.1328
GCK72_016277.t1	 0.2230
GCK72_004998.t1	 0.1258
GCK72_020830.t1	 0.0368
GCK72_009427.t1	 0.1560
GCK72_014589.t1	 0.0841
GCK72_007807.t1	70.8040
GCK72_014519.t1	 0.2010
GCK72_021989.t1	 0.1636
GCK72_020165.t1	 0.1974
GCK72_012859.t1	 0.0157
GCK72_018140.t1	 0.1630
GCK72_009606.t1	 0.1378
GCK72_023173.t1	 0.2418
GCK72_005512.t1	 0.1193
GCK72_023595.t1	 0.0965
GCK72_017742.t1	 0.1122
GCK72_013386.t1	 0.1652
GCK72_018226.t1	 0.1281
GCK72_021849.t1	 0.2064
GCK72_002442.t1	 0.1329
GCK72_000437.t1	 0.1332
GCK72_018609.t1	 0.1448
GCK72_022586.t1	 0.1937
GCK72_005295.t1	 0.1534
GCK72_009523.t1	 0.1054
GCK72_004835.t1	 0.2121
GCK72_010652.t1	 0.0947
GCK72_001713.t1	 0.1094
GCK72_025384.t1	 0.2187
GCK72_017737.t1	 0.0891
GCK72_001488.t1	 0.1491
GCK72_005446.t1	 0.1902
GCK72_001013.t1	 0.1686
GCK72_016461.t1	 0.1858
GCK72_002139.t1	 0.1011
GCK72_015749.t1	 0.2903
GCK72_004057.t1	 0.1828
GCK72_010934.t1	 0.1641
GCK72_002548.t1	 0.0987
GCK72_015004.t1	 0.0497
GCK72_002130.t1	 0.1070
GCK72_001950.t1	 0.1275
GCK72_017024.t1	 0.2525
GCK72_004681.t1	 0.1468
GCK72_014186.t1	 0.0069
GCK72_025502.t1	 0.2645
GCK72_023820.t1	 0.2029
GCK72_002427.t1	 0.0911
GCK72_006222.t1	 0.0911
GCK72_002835.t1	 0.1450
GCK72_003701.t1	 0.2270
GCK72_009451.t1	 0.0880
GCK72_004968.t1	 0.1019
GCK72_001444.t1	 0.1529
GCK72_018375.t1	 0.0974
GCK72_005815.t1	 0.1448
GCK72_007978.t1	 0.1731
GCK72_010533.t1	 0.1568
GCK72_001485.t1	 0.0183
GCK72_014092.t1	 0.1200
GCK72_009386.t1	 0.1206
GCK72_006650.t1	 0.2446
GCK72_001836.t1	 0.0959
GCK72_018170.t1	 0.1339
GCK72_002552.t1	 0.1124
GCK72_000563.t1	 0.1297
GCK72_010388.t1	 0.1366
GCK72_002590.t1	 0.1833
GCK72_002821.t1	 0.1174
GCK72_017991.t1	 0.1788
GCK72_016980.t1	 0.3047
GCK72_013779.t1	 0.1054
GCK72_002533.t1	 0.1219
GCK72_015180.t1	 0.1711
GCK72_024331.t1	 0.1108
GCK72_007080.t1	 0.1959
GCK72_009367.t1	 0.0917
GCK72_004725.t1	 0.1456
GCK72_010754.t1	 0.1300
GCK72_008128.t1	 0.1518
GCK72_009959.t1	 0.0937
GCK72_006246.t1	 0.1629
GCK72_017941.t1	 0.0933
GCK72_001754.t1	 0.1418
GCK72_010147.t1	 0.1560
GCK72_006152.t1	 0.1509
GCK72_024157.t1	 0.1337
GCK72_000384.t1	 0.3116
GCK72_024891.t1	 0.0341
GCK72_001477.t1	 0.1293
GCK72_009674.t1	 0.1134
GCK72_003367.t1	 0.1946
GCK72_009983.t1	 0.0863
GCK72_017592.t1	 0.1109
GCK72_001226.t1	 0.1706
GCK72_000067.t1	 0.2009
GCK72_024039.t1	 0.1290
GCK72_000908.t1	 0.0313
GCK72_007995.t1	 0.1976
GCK72_025344.t1	 0.1627
GCK72_023436.t1	 0.1547
GCK72_000407.t1	 0.2243
GCK72_006401.t1	 0.1250
GCK72_001838.t1	 0.1292
GCK72_017418.t1	 0.1814
GCK72_017467.t1	 0.1151
GCK72_014037.t1	 0.1218
GCK72_009538.t1	 0.0960
GCK72_010313.t1	 0.1428
GCK72_000248.t1	 0.0469
GCK72_010048.t1	 0.1528
GCK72_010564.t1	 0.1226
GCK72_010092.t1	 0.0800
GCK72_008524.t1	 0.0891
GCK72_005231.t1	 0.1671
GCK72_008281.t1	 0.1755
GCK72_010483.t1	 0.1733
GCK72_022172.t1	 0.1959
GCK72_001193.t1	 0.1183
GCK72_018883.t1	 0.0600
GCK72_006751.t1	 0.1172
GCK72_016573.t1	 0.1851
GCK72_022266.t1	 0.1453
GCK72_014661.t1	 0.2853
GCK72_014551.t1	 0.2039
GCK72_010718.t1	 0.1549
GCK72_004670.t1	 0.2218
GCK72_018072.t1	 0.0864
GCK72_009677.t1	 0.1531
GCK72_012804.t1	 1.3283
GCK72_003696.t1	 0.2182
GCK72_005731.t1	 0.1066
GCK72_006652.t1	 0.1769
GCK72_024507.t1	 0.1181
GCK72_005356.t1	 0.0954
GCK72_009472.t1	 0.1273
GCK72_022216.t1	 0.1705
GCK72_014689.t1	 0.1089
GCK72_006935.t1	 0.1907
GCK72_005330.t1	 0.0852
GCK72_003107.t1	 0.1827
GCK72_022584.t1	 0.2383
GCK72_013416.t1	 0.1491
GCK72_013080.t1	 0.0973
GCK72_024043.t1	 0.0882
GCK72_002901.t1	 0.0862
GCK72_000547.t1	 0.1233
GCK72_005719.t1	 0.0787
GCK72_010003.t1	 0.1087
GCK72_011629.t1	 0.2498
GCK72_000631.t1	 0.1075
GCK72_002381.t1	 0.1460
GCK72_009776.t1	 0.1237
GCK72_013146.t1	 0.1467
GCK72_014978.t1	 0.1457
GCK72_014409.t1	 0.1122
GCK72_002499.t1	 0.0788
GCK72_006770.t1	 0.2944
GCK72_014275.t1	 0.0877
GCK72_010527.t1	 0.0756
GCK72_013889.t1	 0.1453
GCK72_000096.t1	 0.2155
GCK72_006320.t1	 0.1115
GCK72_014298.t1	 0.1098
GCK72_025245.t1	 0.1912
GCK72_024505.t1	 0.1201
GCK72_021855.t1	 0.0044
GCK72_008189.t1	 0.1603
GCK72_002528.t1	 0.0653
GCK72_024270.t1	 0.1957
GCK72_022279.t1	 0.1332
GCK72_002161.t1	 0.1234
GCK72_007821.t1	 0.1158
GCK72_010034.t1	 0.1215
GCK72_025659.t1	 0.1453
GCK72_024299.t1	 0.2006
GCK72_006437.t1	 0.0837
GCK72_018400.t1	 0.1035
GCK72_000715.t1	 0.1473
GCK72_003607.t1	 0.1625
GCK72_009823.t1	 0.2145
GCK72_006330.t1	 0.1029
GCK72_011781.t1	 0.1619
GCK72_009702.t1	 0.1458
GCK72_013846.t1	 0.1783
GCK72_001311.t1	 0.0676
GCK72_008626.t1	 0.1484
GCK72_016279.t1	 0.3083
GCK72_008463.t1	 0.1807
GCK72_023598.t1	 0.2176
GCK72_005443.t1	 0.1430
GCK72_006032.t1	 0.0743
GCK72_018325.t1	 0.1488
GCK72_023284.t1	 0.1878
GCK72_011057.t1	 0.2035
GCK72_003588.t1	 0.0103
GCK72_016672.t1	 0.2389
GCK72_002536.t1	 0.1063
GCK72_010289.t1	 0.1259
GCK72_008520.t1	 0.2358
GCK72_006658.t1	 0.1339
GCK72_008512.t1	 0.2500
GCK72_022233.t1	 0.1547
GCK72_016633.t1	 0.1878
GCK72_023896.t1	 0.1300
GCK72_007239.t1	 0.2183
GCK72_004886.t1	 0.1886
GCK72_014533.t1	 0.0121
GCK72_009704.t1	 0.1504
GCK72_017456.t1	 0.1532
GCK72_010715.t1	 0.0650
GCK72_018042.t1	 0.1107
GCK72_011787.t1	 0.1896
GCK72_011910.t1	 0.0971
GCK72_023430.t1	 0.1029
GCK72_010570.t1	 0.0851
GCK72_025249.t1	 0.3202
GCK72_003695.t1	 0.1271
GCK72_005732.t1	 0.1343
GCK72_022281.t1	 0.1402
GCK72_003819.t1	 0.2125
GCK72_001716.t1	 0.1254
GCK72_010134.t1	 0.1808
GCK72_014065.t1	 0.0964
GCK72_009638.t1	 0.1892
GCK72_010604.t1	 0.0290
GCK72_024878.t1	 0.1448
GCK72_003197.t1	 0.1465
GCK72_018243.t1	 0.1202
GCK72_000630.t1	 0.0304
GCK72_009428.t1	 0.0984
GCK72_005655.t1	 0.0303
GCK72_009979.t1	 0.1516
GCK72_010651.t1	 0.1719
GCK72_000004.t1	 0.1591
GCK72_016208.t1	 0.3313
GCK72_023623.t1	 0.2104
GCK72_019136.t1	 0.0555
GCK72_005616.t1	 0.1206
GCK72_001782.t1	 0.1766
GCK72_002200.t1	 0.1352
GCK72_005163.t1	 0.1980
GCK72_010228.t1	 0.1253
GCK72_000265.t1	 0.2880
GCK72_001239.t1	 0.0862
GCK72_019045.t1	 0.1132
GCK72_001035.t1	 0.0965
GCK72_001589.t1	 0.0794
GCK72_008791.t1	 0.1521
GCK72_009098.t1	 0.1356
GCK72_014371.t1	 0.1239
GCK72_005935.t1	 0.1652
GCK72_017538.t1	 0.0454
GCK72_002473.t1	 0.1760
GCK72_005987.t1	 0.2871
GCK72_019253.t1	 0.1228
GCK72_010064.t1	 0.1821
GCK72_014234.t1	 0.0708
GCK72_010168.t1	 0.1345
GCK72_023530.t1	 0.1157
GCK72_002168.t1	 0.1014
GCK72_018102.t1	 0.1041
GCK72_024149.t1	 0.2129
GCK72_003585.t1	 0.0821
GCK72_011443.t1	 0.3585
GCK72_001252.t1	 0.0200
GCK72_016487.t1	 0.0646
GCK72_009441.t1	 0.0961
GCK72_002378.t1	 0.1644
GCK72_004679.t1	 0.0837
GCK72_000119.t1	 0.0770
GCK72_024825.t1	 0.1298
GCK72_009187.t1	 0.1457
GCK72_010415.t1	 0.1137
GCK72_019152.t1	 0.1070
GCK72_008855.t1	 0.1152
GCK72_014843.t1	 0.0678
GCK72_010588.t1	 0.1689
GCK72_010860.t1	 0.1441
GCK72_010813.t1	 0.1391
GCK72_011978.t1	 0.1969
GCK72_024179.t1	 0.2415
GCK72_001241.t1	 0.1081
GCK72_005872.t1	 0.1214
GCK72_001368.t1	 0.1460
GCK72_001115.t1	 0.1637
GCK72_001074.t1	 0.0152
GCK72_018848.t1	 0.1037
GCK72_000031.t1	 0.1130
GCK72_011889.t1	 0.2088
GCK72_024541.t1	 0.1433
GCK72_014555.t1	 0.1243
GCK72_010730.t1	 0.0289
GCK72_012475.t1	 0.2726
GCK72_001758.t1	 0.1423
GCK72_003576.t1	 0.2891
GCK72_006518.t1	 0.1947
GCK72_010566.t1	 0.1286
GCK72_018888.t1	 0.1451
GCK72_005178.t1	 0.1461
GCK72_019051.t1	 0.1511
GCK72_018586.t1	 0.1644
GCK72_002406.t1	 0.0911
GCK72_001272.t1	 0.1117
GCK72_005098.t1	 0.1404
GCK72_006576.t1	 0.1737
GCK72_016315.t1	 0.1868
GCK72_005714.t1	 0.1184
GCK72_005928.t1	 0.1588
GCK72_013263.t1	 0.0597
GCK72_009477.t1	 0.1043
GCK72_010292.t1	 0.1254
GCK72_011989.t1	 0.1893
GCK72_003421.t1	 0.2763
GCK72_004230.t1	 0.1438
GCK72_000197.t1	 0.3424
GCK72_002522.t1	 0.1372
GCK72_005627.t1	 0.1548
GCK72_001084.t1	 0.1412
GCK72_018101.t1	 0.1859
GCK72_002626.t1	 0.0811
GCK72_023786.t1	 0.2599
GCK72_024434.t1	 0.2194
GCK72_002630.t1	 0.0668
GCK72_011373.t1	 0.2682
GCK72_004956.t1	 0.1986
GCK72_011471.t1	 0.2603
GCK72_016754.t1	 0.1251
GCK72_013547.t1	 0.0956
GCK72_002579.t1	 0.0927
GCK72_014239.t1	 0.1486
GCK72_001556.t1	 0.1454
GCK72_002531.t1	 0.1958
GCK72_022062.t1	 0.2898
GCK72_009997.t1	 0.1799
GCK72_023869.t1	 0.1846
GCK72_015324.t1	71.6639
GCK72_018474.t1	 0.1077
GCK72_024994.t1	 0.1840
GCK72_010243.t1	 0.1182
GCK72_022259.t1	 0.2245
GCK72_009903.t1	 0.1492
GCK72_018117.t1	 0.1217
GCK72_019607.t1	 0.0587
GCK72_006180.t1	 0.1547
GCK72_018616.t1	 0.1155
GCK72_015715.t1	 0.2578
GCK72_006293.t1	 0.0040
GCK72_006208.t1	 0.1178
GCK72_024728.t1	 0.1456
GCK72_005389.t1	 0.0873
GCK72_018012.t1	 0.0843
GCK72_021560.t1	 0.1367
GCK72_003548.t1	 0.6299
GCK72_008929.t1	 0.1493
GCK72_024462.t1	 0.1115
GCK72_011739.t1	 0.4961
GCK72_018607.t1	 0.1506
GCK72_002158.t1	 0.1412
GCK72_005636.t1	 0.2081
GCK72_000576.t1	 0.0301
GCK72_024256.t1	 0.0977
GCK72_012872.t1	 0.0693
GCK72_002681.t1	 0.1310
GCK72_001637.t1	 0.1026
GCK72_011920.t1	 0.1239
GCK72_009474.t1	 0.0804
GCK72_010195.t1	 0.1251
GCK72_009313.t1	 0.1178
GCK72_009602.t1	 0.0269
GCK72_014242.t1	 0.0936
GCK72_002078.t1	 0.1037
GCK72_000209.t1	 0.2904
GCK72_017973.t1	 0.1193
GCK72_005932.t1	 0.1543
GCK72_018176.t1	 0.1500
GCK72_010035.t1	 0.0643
GCK72_017873.t1	 0.1631
GCK72_001503.t1	 0.0998
GCK72_004616.t1	 0.1894
GCK72_010340.t1	 0.1464
GCK72_011762.t1	 0.1785
GCK72_004315.t1	 0.3768
GCK72_014102.t1	 0.1015
GCK72_025715.t1	 0.2601
GCK72_002178.t1	 0.1312
GCK72_011933.t1	 0.0770
GCK72_014547.t1	 0.0742
GCK72_023187.t1	 0.2174
GCK72_000654.t1	 0.2549
GCK72_002180.t1	 0.0786
GCK72_023905.t1	 0.1476
GCK72_014517.t1	 0.0215
GCK72_002185.t1	 0.1228
GCK72_019006.t1	 0.1307
GCK72_009933.t1	 0.1794
GCK72_000465.t1	 0.0485
GCK72_023989.t1	 0.1108
GCK72_002257.t1	 0.0575
GCK72_025297.t1	 0.2584
GCK72_013812.t1	 0.1449
GCK72_006547.t1	 0.1385
GCK72_000097.t1	 0.1318
GCK72_006594.t1	 0.2184
GCK72_017966.t1	 0.1812
GCK72_004347.t1	 0.2056
GCK72_017359.t1	 0.1409
GCK72_009739.t1	 0.1557
GCK72_022224.t1	 0.1065
GCK72_005873.t1	 0.1306
GCK72_010339.t1	 0.1406
GCK72_002407.t1	 0.0928
GCK72_005695.t1	 0.1277
GCK72_016630.t1	 0.0251
GCK72_018768.t1	 0.1230
GCK72_024262.t1	 0.1045
GCK72_023897.t1	 0.1362
GCK72_017417.t1	 0.1732
GCK72_013580.t1	 0.1315
GCK72_021987.t1	 0.1196
GCK72_003431.t1	 0.1133
GCK72_005364.t1	 0.0806
GCK72_011740.t1	 0.1420
GCK72_017882.t1	 0.1674
GCK72_003112.t1	 0.2142
GCK72_002598.t1	 0.1324
GCK72_014540.t1	 0.1777
GCK72_000003.t1	 0.1701
GCK72_008914.t1	 0.0548
GCK72_009787.t1	 0.0788
GCK72_004677.t1	 0.1122
GCK72_014842.t1	 0.1370
GCK72_016207.t1	 0.1824
GCK72_000060.t1	 0.2370
GCK72_008036.t1	 0.1293
GCK72_009830.t1	 0.1626
GCK72_004868.t1	 0.1608
GCK72_001019.t1	 0.1077
GCK72_001283.t1	 0.2449
GCK72_006424.t1	 0.1376
GCK72_003916.t1	 0.1266
GCK72_010835.t1	 0.1199
GCK72_005889.t1	 0.1455
GCK72_016197.t1	 0.1852
GCK72_025289.t1	 0.1742
GCK72_006292.t1	 0.0000
GCK72_002900.t1	 0.0966
GCK72_010160.t1	 0.2200
GCK72_008833.t1	 0.1474
GCK72_001375.t1	 0.0858
GCK72_017985.t1	 0.0872
GCK72_019324.t1	 0.0077
GCK72_009672.t1	 0.0999
GCK72_018378.t1	 0.1624
GCK72_023521.t1	 0.1099
GCK72_002909.t1	 0.1079
GCK72_003219.t1	 0.3236
GCK72_006592.t1	 0.1215
GCK72_001177.t1	 0.1585
GCK72_010810.t1	 0.1061
GCK72_001133.t1	 0.0558
GCK72_017767.t1	 0.1261
GCK72_010066.t1	 0.0715
GCK72_016880.t1	 0.4538
GCK72_002718.t1	 0.1161
GCK72_024862.t1	 0.1463
GCK72_006153.t1	 0.1553
GCK72_000657.t1	 0.0436
GCK72_004072.t1	 0.2434
GCK72_007984.t1	 0.2526
GCK72_023150.t1	 0.2229
GCK72_010994.t1	 0.2227
GCK72_010958.t1	 0.1995
GCK72_002074.t1	 0.1416
GCK72_010740.t1	 0.1406
GCK72_000924.t1	 0.1433
GCK72_017940.t1	 0.0837
GCK72_018122.t1	 0.1144
GCK72_001707.t1	 0.1358
GCK72_010291.t1	 0.1086
GCK72_001902.t1	 0.0305
GCK72_014758.t1	 0.1497
GCK72_022012.t1	 0.1129
GCK72_001512.t1	 0.0806
GCK72_010346.t1	 0.1139
GCK72_013194.t1	 0.1496
GCK72_011895.t1	 0.1206
GCK72_010438.t1	 0.1393
GCK72_010448.t1	 0.1086
GCK72_008320.t1	 0.2410
GCK72_001081.t1	 0.0810
GCK72_016511.t1	 0.2307
GCK72_018314.t1	 0.1211
GCK72_000090.t1	 0.0933
GCK72_008701.t1	 0.1025
GCK72_016081.t1	 0.2373
GCK72_024050.t1	 0.1883
GCK72_023268.t1	 0.1773
GCK72_021312.t1	 0.1726
GCK72_020808.t1	 0.1115
GCK72_014034.t1	 0.1551
GCK72_014580.t1	 0.1413
GCK72_010189.t1	 0.1492
GCK72_022238.t1	 0.1909
GCK72_024114.t1	 0.1564
GCK72_002450.t1	 0.0960
GCK72_022194.t1	 0.1134
GCK72_023867.t1	 0.1092
GCK72_018737.t1	 0.1624
GCK72_005341.t1	 0.0729
GCK72_002896.t1	 0.1560
GCK72_005911.t1	 0.1500
GCK72_001501.t1	 0.1417
GCK72_001229.t1	 0.2394
GCK72_001504.t1	 0.1654
GCK72_018275.t1	 0.0922
GCK72_010362.t1	 0.1409
GCK72_010294.t1	 0.0513
GCK72_008038.t1	 0.1581
GCK72_019258.t1	 0.1138
GCK72_008165.t1	 0.0622
GCK72_006422.t1	 0.0705
GCK72_025346.t1	 0.0543
GCK72_024305.t1	 0.1549
GCK72_005890.t1	 0.0889
GCK72_022180.t1	 0.1537
GCK72_009740.t1	 0.1496
GCK72_000463.t1	 0.2284
GCK72_014342.t1	 0.1012
GCK72_001260.t1	 0.1208
GCK72_009439.t1	 0.1487
GCK72_013725.t1	 0.1440
GCK72_003111.t1	 0.3091
GCK72_009269.t1	 0.0733
GCK72_001072.t1	 0.0851
GCK72_015946.t1	 0.3382
GCK72_009475.t1	 0.0810
GCK72_014493.t1	 0.1601
GCK72_001065.t1	 0.1736
GCK72_018732.t1	 0.0778
GCK72_016168.t1	 0.0738
GCK72_002686.t1	 0.1114
GCK72_014224.t1	 0.0379
GCK72_005340.t1	 0.0609
GCK72_006494.t1	 0.1070
GCK72_002755.t1	 0.2208
GCK72_010440.t1	 0.0936
GCK72_001489.t1	 0.1128
GCK72_002135.t1	 0.0851
GCK72_005179.t1	 0.0642
GCK72_017934.t1	 0.0790
GCK72_004932.t1	 0.2212
GCK72_013743.t1	70.0868
GCK72_006076.t1	 0.2215
GCK72_025353.t1	 0.1045
GCK72_019357.t1	 0.0832
GCK72_003462.t1	 0.2259
GCK72_013815.t1	 0.0641
GCK72_000458.t1	 0.1933
GCK72_016052.t1	 0.2071
GCK72_010481.t1	 0.1189
GCK72_003450.t1	 0.0760
GCK72_002621.t1	 0.1934
GCK72_000192.t1	 0.2334
GCK72_018651.t1	 0.1228
GCK72_014090.t1	 0.1718
GCK72_017453.t1	 0.1471
GCK72_021949.t1	 0.2057
GCK72_005898.t1	 0.1072
GCK72_010577.t1	 0.1082
GCK72_005697.t1	 0.1217
GCK72_016424.t1	 0.1406
GCK72_014546.t1	 0.1074
GCK72_010343.t1	 0.1435
GCK72_009016.t1	 0.1426
GCK72_010196.t1	 0.1136
GCK72_006768.t1	 0.1988
GCK72_016150.t1	 0.0559
GCK72_003964.t1	 0.2526
GCK72_001000.t1	 0.1136
GCK72_002554.t1	 0.1182
GCK72_010856.t1	 0.2111
GCK72_024510.t1	 0.1904
GCK72_004926.t1	 0.1229
GCK72_018592.t1	 0.0762
GCK72_016164.t1	 0.2794
GCK72_009613.t1	 0.0000
GCK72_018247.t1	 0.1351
GCK72_025745.t1	 0.2167
GCK72_005773.t1	 0.1566
GCK72_013600.t1	 0.1132
GCK72_023540.t1	 0.1827
GCK72_008413.t1	 0.1330
GCK72_016728.t1	 0.1866
GCK72_010737.t1	 0.1067
GCK72_008464.t1	 0.0433
GCK72_017765.t1	 0.1125
GCK72_000134.t1	 0.3182
GCK72_025037.t1	 0.1233
GCK72_000756.t1	 0.1449
GCK72_022255.t1	 0.0862
GCK72_016856.t1	 0.1770
GCK72_010171.t1	 0.0986
GCK72_010664.t1	 0.0835
GCK72_024058.t1	 0.0989
GCK72_009716.t1	 0.1210
GCK72_020161.t1	 0.1534
GCK72_008614.t1	 0.2752
GCK72_017438.t1	 0.1301
GCK72_000835.t1	 0.1405
GCK72_005591.t1	 0.1309
GCK72_010413.t1	 0.1119
GCK72_005379.t1	 0.1240
GCK72_010329.t1	 0.0809
GCK72_002065.t1	 0.0783
GCK72_018639.t1	 0.0820
GCK72_010817.t1	 0.1182
GCK72_013941.t1	 0.1531
GCK72_011631.t1	 0.0000
GCK72_025120.t1	 0.1549
GCK72_023573.t1	 0.1629
GCK72_001310.t1	 0.1025
GCK72_013723.t1	 0.1256
GCK72_018763.t1	 0.1558
GCK72_000760.t1	 0.0924
GCK72_010597.t1	 0.0606
GCK72_022031.t1	 0.2381
GCK72_001441.t1	 0.0707
GCK72_005883.t1	 0.1749
GCK72_024354.t1	 0.1034
GCK72_014582.t1	 0.1204
GCK72_024661.t1	 0.1858
GCK72_011829.t1	 0.1231
GCK72_008838.t1	 0.2330
GCK72_002260.t1	 0.1750
GCK72_000326.t1	 0.1600
GCK72_021976.t1	 0.1336
GCK72_016710.t1	 0.2993
GCK72_001240.t1	 0.1161
GCK72_008884.t1	 0.1308
GCK72_010131.t1	 0.0916
GCK72_010227.t1	 0.1792
GCK72_005244.t1	 0.1028
GCK72_010120.t1	 0.1209
GCK72_010430.t1	 0.1606
GCK72_017618.t1	 0.1176
GCK72_000661.t1	 0.1408
GCK72_013676.t1	 0.0788
GCK72_014754.t1	 0.1401
GCK72_017793.t1	 0.1409
GCK72_017840.t1	 0.1115
GCK72_016780.t1	 0.2136
GCK72_024385.t1	 0.0591
GCK72_020854.t1	 0.1735
GCK72_014541.t1	 0.1129
GCK72_017716.t1	 0.0606
GCK72_010465.t1	 0.1582
GCK72_024330.t1	 0.0926
GCK72_015019.t1	 0.1387
GCK72_014265.t1	 0.1937
GCK72_010432.t1	 0.0838
GCK72_006472.t1	 0.1511
GCK72_001167.t1	 0.1841
GCK72_017605.t1	 0.0367
GCK72_010785.t1	 0.1443
GCK72_014286.t1	 0.1314
GCK72_010985.t1	 0.1364
GCK72_009543.t1	 0.1407
GCK72_009305.t1	 0.1013
GCK72_009595.t1	 0.1422
GCK72_010568.t1	 0.0000
GCK72_005417.t1	 0.0751
GCK72_016169.t1	 0.2990
GCK72_014137.t1	 0.1376
GCK72_025308.t1	 0.1287
GCK72_010230.t1	 0.1212
GCK72_006492.t1	 0.1212
GCK72_004753.t1	 0.1427
GCK72_023921.t1	 0.1556
GCK72_014525.t1	 0.1321
GCK72_000297.t1	 0.0529
GCK72_005075.t1	 0.0934
GCK72_017809.t1	 0.0737
GCK72_023902.t1	 0.1572
GCK72_009625.t1	 0.1318
GCK72_002267.t1	 0.1292
GCK72_010370.t1	 0.1438
GCK72_022258.t1	 0.1660
GCK72_018637.t1	 0.1686
GCK72_006006.t1	 0.1382
GCK72_009912.t1	 0.1348
GCK72_010162.t1	 0.1056
GCK72_010963.t1	 0.1600
GCK72_023466.t1	 0.0986
GCK72_024360.t1	 0.0882
GCK72_024298.t1	 0.1526
GCK72_004299.t1	 0.1449
GCK72_004043.t1	 0.2115
GCK72_002274.t1	 0.1415
GCK72_008939.t1	 0.0941
GCK72_003575.t1	 0.1528
GCK72_001413.t1	 0.0968
GCK72_009116.t1	 0.2113
GCK72_018267.t1	 0.0776
GCK72_013545.t1	 0.1016
GCK72_007850.t1	 0.2946
GCK72_005088.t1	 0.1139
GCK72_018221.t1	 0.0953
GCK72_022160.t1	 0.2023
GCK72_001550.t1	 0.1203
GCK72_025303.t1	 0.1566
GCK72_000551.t1	 0.0866
GCK72_005581.t1	 0.1274
GCK72_015304.t1	 0.2049
GCK72_024339.t1	 0.1237
GCK72_001208.t1	 0.1000
GCK72_020052.t1	 0.1073
GCK72_006026.t1	 0.0381
GCK72_015409.t1	 0.2115
GCK72_016152.t1	 0.3987
GCK72_010156.t1	 0.1659
GCK72_023665.t1	 0.1969
GCK72_019251.t1	 0.1557
GCK72_017822.t1	 0.0677
GCK72_010395.t1	 0.1453
GCK72_024826.t1	 0.0485
GCK72_002275.t1	 0.1353
GCK72_006345.t1	 0.2158
GCK72_005691.t1	 0.1292
GCK72_009651.t1	 0.1321
GCK72_019453.t1	 0.1211
GCK72_002420.t1	 0.1855
GCK72_013974.t1	 0.2075
GCK72_000898.t1	 0.1080
GCK72_006083.t1	 0.1046
GCK72_010126.t1	 0.1172
GCK72_004437.t1	 0.1316
GCK72_001798.t1	 0.1367
GCK72_000182.t1	 0.2591
GCK72_009637.t1	 0.1470
GCK72_011138.t1	 0.1414
GCK72_001108.t1	 0.0634
GCK72_017566.t1	 0.2150
GCK72_009302.t1	 0.1378
GCK72_000467.t1	 0.0766
GCK72_017133.t1	 0.1235
GCK72_014963.t1	 0.1446
GCK72_006414.t1	 0.1660
GCK72_000443.t1	 0.1307
GCK72_010272.t1	 0.0903
GCK72_010498.t1	 0.1280
GCK72_008460.t1	 0.2003
GCK72_025226.t1	 0.2242
GCK72_004711.t1	 0.1197
GCK72_006227.t1	 0.1647
GCK72_015395.t1	 0.3204
GCK72_024224.t1	 0.0988
GCK72_002134.t1	 0.1680
GCK72_009662.t1	 0.1028
GCK72_017727.t1	 0.1004
GCK72_009647.t1	 0.1492
GCK72_018200.t1	 0.1674
GCK72_001309.t1	 0.1292
GCK72_001329.t1	 0.1354
GCK72_000093.t1	 0.2892
GCK72_014061.t1	 0.0993
GCK72_002429.t1	 0.0946
GCK72_016714.t1	 0.1482
GCK72_006455.t1	 0.1695
GCK72_010359.t1	 0.2328
GCK72_005089.t1	 0.1413
GCK72_004060.t1	 0.0834
GCK72_009535.t1	 0.0724
GCK72_010010.t1	 0.1097
GCK72_025617.t1	 0.2096
GCK72_019365.t1	 0.0938
GCK72_017127.t1	 0.1893
GCK72_023376.t1	 0.1699
GCK72_001513.t1	 0.0931
GCK72_002602.t1	 0.1068
GCK72_002092.t1	 0.0919
GCK72_001417.t1	 0.1546
GCK72_009110.t1	 0.0920
GCK72_018431.t1	 0.0951
GCK72_001949.t1	 0.2057
GCK72_001835.t1	 0.2287
GCK72_025564.t1	 0.1881
GCK72_019108.t1	 0.2104
GCK72_008291.t1	 0.2413
GCK72_001883.t1	 0.0351
GCK72_005807.t1	 0.1333
GCK72_006820.t1	 0.2041
GCK72_001740.t1	 0.1787
GCK72_014636.t1	 0.1333
GCK72_010029.t1	 0.2200
GCK72_010127.t1	 0.1187
GCK72_009552.t1	 0.1465
GCK72_010125.t1	 0.1283
GCK72_001439.t1	 0.1315
GCK72_010117.t1	 0.1252
GCK72_002234.t1	 0.1218
GCK72_005122.t1	 0.2061
GCK72_023885.t1	 0.1993
GCK72_017763.t1	 0.1737
GCK72_016055.t1	 0.1247
GCK72_006628.t1	 0.1233
GCK72_021950.t1	 0.0968
GCK72_017751.t1	 0.1435
GCK72_024445.t1	 0.1032
GCK72_017786.t1	 0.0986
GCK72_014530.t1	 0.2029
GCK72_015255.t1	66.1828
GCK72_000866.t1	 0.0171
GCK72_009497.t1	 0.1679
GCK72_003541.t1	 0.1597
GCK72_011627.t1	 0.0724
GCK72_003727.t1	 0.0979
GCK72_016568.t1	 0.0001
GCK72_017670.t1	 0.1015
GCK72_022011.t1	 0.1833
GCK72_005033.t1	 0.1384
GCK72_001719.t1	 0.0975
GCK72_021922.t1	 0.1975
GCK72_008296.t1	 0.1164
GCK72_006365.t1	 0.0973
GCK72_022185.t1	 0.1575
GCK72_025770.t1	 0.2174
GCK72_000869.t1	 0.1289
GCK72_006296.t1	 0.1684
GCK72_002181.t1	 0.0168
GCK72_015848.t1	 0.2475
GCK72_010964.t1	 0.1092
GCK72_005271.t1	 0.1520
GCK72_006350.t1	 0.1396
GCK72_016526.t1	 0.2219
GCK72_003483.t1	 0.1195
GCK72_005159.t1	 0.1270
GCK72_009619.t1	 0.0299
GCK72_024461.t1	 0.1436
GCK72_002811.t1	 0.0625
GCK72_006107.t1	 0.0744
GCK72_006395.t1	 0.1019
GCK72_019084.t1	 0.1049
GCK72_011786.t1	 0.1057
GCK72_000862.t1	 0.0676
GCK72_024324.t1	 0.2035
GCK72_008868.t1	 0.0542
GCK72_019390.t1	 0.0951
GCK72_006643.t1	 0.0205
GCK72_002754.t1	 0.1452
GCK72_001684.t1	 0.0904
GCK72_025813.t1	 0.0833
GCK72_009974.t1	 0.0985
GCK72_008448.t1	 0.2393
GCK72_010602.t1	 0.1387
GCK72_023381.t1	 0.1316
GCK72_009324.t1	 0.1457
GCK72_005126.t1	 0.1254
GCK72_011904.t1	 0.1202
GCK72_005338.t1	 0.0869
GCK72_009218.t1	 0.1320
GCK72_008616.t1	 0.1598
GCK72_007081.t1	 0.3560
GCK72_023976.t1	67.4731
GCK72_016433.t1	 0.1422
GCK72_005248.t1	 0.0584
GCK72_011977.t1	 0.2111
GCK72_014144.t1	 0.0592
GCK72_024829.t1	 0.1648
GCK72_025596.t1	 0.1474
GCK72_011268.t1	 0.2242
GCK72_023850.t1	 0.1827
GCK72_000901.t1	 0.0773
GCK72_005652.t1	 0.1224
GCK72_016165.t1	 0.3029
GCK72_010408.t1	 0.1230
GCK72_018622.t1	 0.1115
GCK72_024880.t1	 0.1145
GCK72_019329.t1	 0.1131
GCK72_001495.t1	 0.1703
GCK72_011637.t1	 0.0695
GCK72_023702.t1	 0.2035
GCK72_009537.t1	 0.1330
GCK72_009189.t1	 0.1684
GCK72_004919.t1	 0.0241
GCK72_000435.t1	 0.1126
GCK72_006425.t1	 0.0439
GCK72_003535.t1	 0.1332
GCK72_009622.t1	 0.1183
GCK72_001435.t1	 0.1011
GCK72_001174.t1	 0.1384
GCK72_023742.t1	 0.1740
GCK72_017969.t1	 0.0190
GCK72_019165.t1	 0.1635
GCK72_016198.t1	 0.2343
GCK72_010706.t1	 0.0906
GCK72_005101.t1	 0.1123
GCK72_001090.t1	 0.1726
GCK72_018652.t1	 0.1541
GCK72_003551.t1	 0.2005
GCK72_015466.t1	 0.1698
GCK72_003584.t1	 0.1180
GCK72_023986.t1	 0.2386
GCK72_006600.t1	 0.1082
GCK72_011708.t1	 0.2540
GCK72_014821.t1	 0.0440
GCK72_009984.t1	 0.1055
GCK72_001197.t1	 0.1543
GCK72_000704.t1	 0.1628
GCK72_001222.t1	 0.1667
GCK72_016086.t1	 0.1925
GCK72_007128.t1	 0.1481
GCK72_019155.t1	 0.1293
GCK72_002280.t1	 0.0742
GCK72_003419.t1	 0.1692
GCK72_001142.t1	 0.0850
GCK72_009225.t1	 0.1659
GCK72_016668.t1	 0.2234
GCK72_025639.t1	 0.1710
GCK72_018095.t1	 0.1341
GCK72_008911.t1	 0.1082
GCK72_013160.t1	 0.0821
GCK72_023299.t1	 0.1640
GCK72_010212.t1	 0.1356
GCK72_003428.t1	 0.1281
GCK72_000945.t1	 0.0809
GCK72_011035.t1	 0.1501
GCK72_010475.t1	 0.1770
GCK72_009939.t1	 0.1210
GCK72_023781.t1	 0.1096
GCK72_007981.t1	 0.4052
GCK72_015516.t1	 0.1794
GCK72_024945.t1	 0.1148
GCK72_005795.t1	 0.0870
GCK72_025818.t1	 0.1622
GCK72_001848.t1	 0.1092
GCK72_005444.t1	 0.1540
GCK72_010283.t1	 0.1473
GCK72_001478.t1	 0.0836
GCK72_023520.t1	 0.1542
GCK72_011636.t1	 0.0998
GCK72_004505.t1	 0.1203
GCK72_009107.t1	 0.0324
GCK72_024110.t1	 0.1518
GCK72_011803.t1	 0.1419
GCK72_009113.t1	 0.0456
GCK72_000907.t1	 0.1714
GCK72_006143.t1	 0.1340
GCK72_010091.t1	 0.0795
GCK72_014174.t1	 0.0681
GCK72_014150.t1	 0.0893
GCK72_005786.t1	 0.1704
GCK72_000288.t1	 0.2511
GCK72_017604.t1	 0.1318
GCK72_014572.t1	 0.0841
GCK72_017357.t1	 0.1048
GCK72_011244.t1	 0.1371
GCK72_009832.t1	 0.0411
GCK72_005484.t1	 0.1650
GCK72_005250.t1	 0.0996
GCK72_001892.t1	 0.1834
GCK72_013780.t1	 0.1118
GCK72_009870.t1	 0.0954
GCK72_018710.t1	 0.1245
GCK72_025562.t1	 0.1675
GCK72_018566.t1	 0.1216
GCK72_005589.t1	 0.0773
GCK72_000564.t1	 0.1620
GCK72_009671.t1	 0.0843
GCK72_000692.t1	 0.0890
GCK72_011965.t1	 0.1755
GCK72_018633.t1	 0.1540
GCK72_010151.t1	 0.1082
GCK72_022237.t1	 0.0986
GCK72_004961.t1	 0.1838
GCK72_008795.t1	 0.1699
GCK72_018050.t1	 0.1420
GCK72_009850.t1	 0.1111
GCK72_000468.t1	 0.1121
GCK72_002373.t1	 0.1130
GCK72_016338.t1	 0.1929
GCK72_025786.t1	 0.3689
GCK72_019050.t1	 0.1470
GCK72_006000.t1	 0.0971
GCK72_024992.t1	 0.1345
GCK72_002550.t1	 0.0762
GCK72_000980.t1	 0.0951
GCK72_010660.t1	 0.1334
GCK72_011772.t1	 0.1499
GCK72_008050.t1	 0.1175
GCK72_000918.t1	 0.2278
GCK72_013192.t1	 0.0866
GCK72_008797.t1	 0.1138
GCK72_001276.t1	 0.0632
GCK72_003337.t1	 0.2772
GCK72_022268.t1	 0.2459
GCK72_002553.t1	 0.1252
GCK72_024065.t1	 0.2847
GCK72_002459.t1	 0.0682
GCK72_004461.t1	 0.2798
GCK72_021860.t1	 0.3028
GCK72_001373.t1	 0.1142
GCK72_000658.t1	 0.1440
GCK72_006016.t1	 0.1720
GCK72_001899.t1	 0.1472
GCK72_016471.t1	 0.2347
GCK72_016779.t1	 0.3195
GCK72_024517.t1	 0.1523
GCK72_024506.t1	 0.0793
GCK72_003238.t1	 0.2962
GCK72_009615.t1	 0.0000
GCK72_000562.t1	 0.0355
GCK72_001558.t1	 0.0736
GCK72_002152.t1	 0.1165
GCK72_008193.t1	 0.2254
GCK72_025310.t1	 0.1783
GCK72_013657.t1	 0.0189
GCK72_002119.t1	 0.0521
GCK72_006126.t1	 0.1199
GCK72_010606.t1	 0.1080
GCK72_009853.t1	 0.2358
GCK72_005489.t1	 0.0693
GCK72_002620.t1	 0.1829
GCK72_002503.t1	 0.1427
GCK72_018881.t1	 0.1142
GCK72_003610.t1	 0.1676
GCK72_014160.t1	 0.0184
GCK72_004550.t1	 0.1851
GCK72_002149.t1	 0.1176
GCK72_010037.t1	 0.1381
GCK72_022013.t1	 0.1828
GCK72_024052.t1	 0.1799
GCK72_023586.t1	 0.2628
GCK72_006127.t1	 0.1412
GCK72_023526.t1	 0.2649
GCK72_016139.t1	 0.2020
GCK72_001664.t1	 0.1218
GCK72_024637.t1	 0.2393
GCK72_010095.t1	 0.1298
GCK72_025345.t1	 0.2070
GCK72_019454.t1	 0.2641
GCK72_010699.t1	 0.1041
GCK72_018850.t1	 0.1697
GCK72_009624.t1	 0.0753
GCK72_001547.t1	 0.0618
GCK72_011033.t1	 0.1963
GCK72_004623.t1	 0.1164
GCK72_009772.t1	 0.1423
GCK72_011848.t1	 0.0809
GCK72_004071.t1	 0.1870
GCK72_014103.t1	 0.1515
GCK72_014210.t1	 0.0536
GCK72_002601.t1	 0.1413
GCK72_000552.t1	 0.1256
GCK72_023266.t1	 0.2220
GCK72_014100.t1	 0.1560
GCK72_014848.t1	 0.0772
GCK72_014718.t1	 0.0975
GCK72_002453.t1	 0.1872
GCK72_001211.t1	 0.0323
GCK72_019696.t1	 0.1488
GCK72_001128.t1	 0.1421
GCK72_023838.t1	 0.2302
GCK72_008806.t1	 0.0832
GCK72_000424.t1	 0.2805
GCK72_016054.t1	 0.3543
GCK72_016803.t1	 0.3603
GCK72_013855.t1	 0.0825
GCK72_024433.t1	 0.1358
GCK72_005260.t1	 0.1029
GCK72_017912.t1	 0.1401
GCK72_008360.t1	 0.1420
GCK72_018859.t1	 0.1676
GCK72_002319.t1	 0.0723
GCK72_001720.t1	 0.1418
GCK72_003627.t1	 0.1419
GCK72_010184.t1	 0.1374
GCK72_006519.t1	 0.1579
GCK72_022215.t1	 0.1094
GCK72_004496.t1	 0.2186
GCK72_020810.t1	 0.2340
GCK72_007983.t1	 0.2954
GCK72_011811.t1	 0.2124
GCK72_023731.t1	 0.2185
GCK72_023210.t1	 0.2054
GCK72_002371.t1	 0.1258
GCK72_024319.t1	 0.1118
GCK72_001407.t1	 0.1002
GCK72_011553.t1	 0.1738
GCK72_014062.t1	 0.1018
GCK72_006091.t1	 0.1682
GCK72_001016.t1	 0.1498
GCK72_010235.t1	 0.1063
GCK72_004286.t1	 0.2167
GCK72_013150.t1	 0.1122
GCK72_013976.t1	 0.1315
GCK72_016159.t1	 0.2284
GCK72_024126.t1	 0.2220
GCK72_001493.t1	 0.0780
GCK72_018610.t1	 0.1278
GCK72_011550.t1	 0.1055
GCK72_024402.t1	 0.1320
GCK72_006191.t1	 0.1671
GCK72_025381.t1	 0.1461
GCK72_005107.t1	 0.1382
GCK72_015971.t1	 0.4187
GCK72_010094.t1	 0.1290
GCK72_014760.t1	 0.1000
GCK72_005152.t1	 0.1761
GCK72_018860.t1	 0.1279
GCK72_017890.t1	 0.1897
GCK72_005991.t1	 0.0137
GCK72_000544.t1	 0.1554
GCK72_002631.t1	 0.0208
GCK72_002247.t1	 0.1250
GCK72_009383.t1	 0.0990
GCK72_005744.t1	 0.1540
GCK72_023608.t1	 0.1870
GCK72_001535.t1	 0.1405
GCK72_008153.t1	 0.1402
GCK72_006149.t1	 0.1479
GCK72_014520.t1	 0.0883
GCK72_010378.t1	 0.1993
GCK72_002894.t1	 0.0975
GCK72_002587.t1	 0.1108
GCK72_009359.t1	 0.1485
GCK72_000196.t1	 0.2189
GCK72_005500.t1	 0.1359
GCK72_010919.t1	 0.1317
GCK72_010274.t1	 0.0955
GCK72_016425.t1	 0.2391
GCK72_000052.t1	 0.2397
GCK72_001073.t1	 0.0655
GCK72_017895.t1	 0.1063
GCK72_005376.t1	 0.1237
GCK72_016689.t1	 0.4363
GCK72_001425.t1	 0.1645
GCK72_002652.t1	 0.1151
GCK72_010673.t1	 0.0931
GCK72_010055.t1	 0.1316
GCK72_011073.t1	 0.2258
GCK72_017286.t1	 0.1853
GCK72_010701.t1	 0.1354
GCK72_010242.t1	 0.1231
GCK72_011702.t1	65.0888
GCK72_014238.t1	 0.1451
GCK72_025654.t1	 0.1688
GCK72_017924.t1	 0.1078
GCK72_010506.t1	 0.1183
GCK72_009767.t1	 0.1083
GCK72_001236.t1	 0.1044
GCK72_011906.t1	 0.2771
GCK72_009119.t1	 0.0811
GCK72_014618.t1	 0.0676
GCK72_011900.t1	 0.1971
GCK72_005650.t1	 0.1153
GCK72_000086.t1	 0.3757
GCK72_017678.t1	 0.0350
GCK72_001458.t1	 0.1940
GCK72_002179.t1	 0.2359
GCK72_018653.t1	 0.1174
GCK72_014236.t1	 0.1872
GCK72_008282.t1	 0.2406
GCK72_014716.t1	 0.2680
GCK72_023428.t1	 0.2139
GCK72_015006.t1	 0.1416
GCK72_000915.t1	 0.0897
GCK72_008532.t1	 0.1215
GCK72_001924.t1	 0.0779
GCK72_000081.t1	 0.2890
GCK72_014984.t1	 0.0983
GCK72_015929.t1	 0.3032
GCK72_019262.t1	 0.6511
GCK72_005383.t1	 0.1308
GCK72_008847.t1	 0.0465
GCK72_007920.t1	 0.4822
GCK72_014755.t1	 0.0453
GCK72_023218.t1	 0.1380
GCK72_005647.t1	 0.0747
GCK72_014019.t1	 0.0160
GCK72_006192.t1	 0.0656
GCK72_003430.t1	 0.0629
GCK72_002445.t1	 0.0736
GCK72_001789.t1	 0.1169
GCK72_018608.t1	 0.1470
GCK72_018182.t1	 0.2051
GCK72_009492.t1	 0.1172
GCK72_001147.t1	 0.0178
GCK72_001431.t1	 0.1646
GCK72_019287.t1	 0.1621
GCK72_001418.t1	 0.1820
GCK72_024498.t1	 0.0965
GCK72_001955.t1	 0.1092
GCK72_023375.t1	 0.2234
GCK72_014501.t1	 0.0664
GCK72_010044.t1	 0.1276
GCK72_005467.t1	 0.1137
GCK72_001866.t1	 0.0907
GCK72_006239.t1	 0.1576
GCK72_001320.t1	 0.1355
GCK72_004991.t1	 0.1093
GCK72_009627.t1	 0.0731
GCK72_010082.t1	 0.1455
GCK72_007996.t1	 0.2820
GCK72_023929.t1	 0.1659
GCK72_024750.t1	 0.0623
GCK72_012083.t1	 0.2083
GCK72_010251.t1	 0.1612
GCK72_015127.t1	 0.1463
GCK72_019053.t1	 0.1041
GCK72_019174.t1	 0.1152
GCK72_023765.t1	 0.2026
GCK72_005004.t1	 0.2614
GCK72_014235.t1	 0.1098
GCK72_010076.t1	 0.1500
GCK72_003496.t1	 0.2123
GCK72_024476.t1	 0.1606
GCK72_005035.t1	 0.0730
GCK72_005664.t1	 0.1101
GCK72_012094.t1	 0.2072
GCK72_023420.t1	 0.2049
GCK72_023427.t1	 0.1943
GCK72_002700.t1	 0.0904
GCK72_007083.t1	 0.1875
GCK72_001847.t1	 0.1712
GCK72_016729.t1	 0.1006
GCK72_025611.t1	 0.1974
GCK72_025623.t1	 0.1912
GCK72_009947.t1	 0.1323
GCK72_005160.t1	 0.1766
GCK72_005577.t1	 0.0960
GCK72_005626.t1	 0.0764
GCK72_017361.t1	 0.1317
GCK72_015917.t1	 0.2805
GCK72_002331.t1	 0.1410
GCK72_001134.t1	 0.1488
GCK72_002098.t1	 0.1431
GCK72_024694.t1	 0.1549
GCK72_019306.t1	 0.1132
GCK72_025665.t1	 0.2095
GCK72_024223.t1	 0.1526
GCK72_005779.t1	 0.1374
GCK72_012055.t1	 0.1310
GCK72_010366.t1	 0.1049
GCK72_024193.t1	 0.1119
GCK72_006591.t1	 0.1276
GCK72_023878.t1	 0.1227
GCK72_001473.t1	 0.1264
GCK72_001166.t1	 0.1216
GCK72_023979.t1	 0.1679
GCK72_024104.t1	 0.1262
GCK72_005439.t1	 0.1067
GCK72_002844.t1	 0.0748
GCK72_002409.t1	 0.0473
GCK72_008389.t1	 0.1541
GCK72_002665.t1	 0.1040
GCK72_023332.t1	 0.2407
GCK72_004898.t1	 0.1548
GCK72_010382.t1	 0.1399
GCK72_005687.t1	 0.1495
GCK72_018172.t1	 0.1379
GCK72_000318.t1	 0.2241
GCK72_018648.t1	 0.1501
GCK72_017679.t1	 0.0655
GCK72_010545.t1	 0.1009
GCK72_009401.t1	 0.1201
GCK72_005109.t1	 0.2344
GCK72_001508.t1	 0.1112
GCK72_001509.t1	 0.1731
GCK72_019403.t1	 0.1404
GCK72_016323.t1	 0.1790
GCK72_025514.t1	 0.1753
GCK72_003592.t1	 0.1737
GCK72_006024.t1	 0.1562
GCK72_004180.t1	 0.2113
GCK72_005564.t1	 0.0730
GCK72_009406.t1	 0.0905
GCK72_008930.t1	 0.1252
GCK72_016336.t1	 0.0305
GCK72_024201.t1	 0.1365
GCK72_005461.t1	 0.1118
GCK72_006213.t1	 0.0436
GCK72_011624.t1	 0.1709
GCK72_009908.t1	 0.1259
GCK72_009583.t1	 0.1093
GCK72_005820.t1	 0.2119
GCK72_008638.t1	 0.1555
GCK72_009679.t1	 0.0907
GCK72_001131.t1	 0.1445
GCK72_002960.t1	 0.1570
GCK72_005622.t1	 0.1138
GCK72_021573.t1	 0.2458
GCK72_017965.t1	 0.1608
GCK72_014130.t1	 0.0587
GCK72_005335.t1	 0.1359
GCK72_025393.t1	 0.1108
GCK72_002586.t1	 0.0818
GCK72_009090.t1	 0.1647
GCK72_008697.t1	 0.1157
GCK72_023354.t1	 0.1925
GCK72_002518.t1	 0.0490
GCK72_001045.t1	 0.1018
GCK72_001296.t1	 0.1404
GCK72_002653.t1	 0.1164
GCK72_008052.t1	 0.1390
GCK72_010314.t1	 0.1452
GCK72_010884.t1	 0.0386
GCK72_002344.t1	 0.0159
GCK72_004780.t1	 0.1049
GCK72_023785.t1	 0.1157
GCK72_023507.t1	 0.1977
GCK72_007986.t1	 0.2027
GCK72_025754.t1	 0.2067
GCK72_010738.t1	 0.0978
GCK72_000718.t1	 0.0632
GCK72_003375.t1	 0.2436
GCK72_021597.t1	 0.1269
GCK72_001318.t1	 0.1410
GCK72_012093.t1	 0.2055
GCK72_003425.t1	 0.1664
GCK72_010004.t1	 0.1644
GCK72_014575.t1	 0.0679
GCK72_006460.t1	 0.1949
GCK72_002368.t1	 0.0724
GCK72_017747.t1	 0.0761
GCK72_013844.t1	 0.0723
GCK72_005511.t1	 0.0681
GCK72_001008.t1	 0.1346
GCK72_010285.t1	 0.0791
GCK72_014165.t1	 0.0296
GCK72_008315.t1	 0.1620
GCK72_003693.t1	 0.2075
GCK72_006234.t1	 0.0912
GCK72_002975.t1	 3.9425
GCK72_005992.t1	 0.1167
GCK72_001173.t1	 0.1393
GCK72_020832.t1	 0.2280
GCK72_002549.t1	 0.1061
GCK72_019360.t1	 0.1695
GCK72_014095.t1	 0.1140
GCK72_010658.t1	 0.1153
GCK72_005901.t1	 0.1598
GCK72_002812.t1	 0.1531
GCK72_010347.t1	 0.0860
GCK72_016666.t1	 0.2325
GCK72_023700.t1	 0.1053
GCK72_010409.t1	 0.0347
GCK72_024813.t1	 0.1281
GCK72_019082.t1	 0.1560
GCK72_005141.t1	 0.1103
GCK72_010717.t1	 0.0974
GCK72_001052.t1	 0.0942
GCK72_001475.t1	 0.1806
GCK72_005085.t1	 0.1210
GCK72_018847.t1	 0.0406
GCK72_008051.t1	 0.1609
GCK72_000716.t1	 0.1316
GCK72_001911.t1	 0.0804
GCK72_002532.t1	 0.0860
GCK72_017489.t1	 0.1626
GCK72_014360.t1	 0.1504
GCK72_015118.t1	 0.1199
GCK72_019175.t1	 0.0999
GCK72_001755.t1	 0.1307
GCK72_025586.t1	 0.1232
GCK72_009310.t1	 0.1131
GCK72_006224.t1	 0.0808
GCK72_025631.t1	 0.1422
GCK72_010771.t1	 0.1640
GCK72_019380.t1	 0.0846
GCK72_024699.t1	 0.2500
GCK72_024774.t1	 0.1745
GCK72_021961.t1	 0.2841
GCK72_009833.t1	 0.0404
GCK72_016625.t1	 0.1662
GCK72_014213.t1	 0.0968
GCK72_008444.t1	 0.1634
GCK72_010288.t1	 0.1855
GCK72_001405.t1	 0.1232
GCK72_001055.t1	 0.0638
GCK72_023689.t1	 0.2705
GCK72_006289.t1	 0.0075
GCK72_006170.t1	 0.1313
GCK72_010373.t1	 0.1842
GCK72_006660.t1	 0.1156
GCK72_009420.t1	 0.1166
GCK72_005646.t1	 0.1316
GCK72_023627.t1	 0.0988
GCK72_009038.t1	 0.1797
GCK72_005445.t1	 0.1377
GCK72_002577.t1	 0.0758
GCK72_014440.t1	 0.1991
GCK72_024905.t1	 0.0972
GCK72_024480.t1	 0.1987
GCK72_007967.t1	 0.3038
GCK72_002283.t1	 0.1066
GCK72_002236.t1	 0.1010
GCK72_024307.t1	 0.2042
GCK72_001705.t1	 0.1018
GCK72_024603.t1	 0.1044
GCK72_000379.t1	 0.2151
GCK72_001284.t1	 0.0769
GCK72_006407.t1	 0.1711
GCK72_014403.t1	 0.0995
GCK72_008618.t1	 0.1518
GCK72_022199.t1	 0.1198
GCK72_024611.t1	 0.1886
GCK72_009163.t1	 0.1798
GCK72_001141.t1	 0.1250
GCK72_016462.t1	 0.1444
GCK72_017132.t1	 0.2777
GCK72_000507.t1	 0.1210
GCK72_005937.t1	 0.1488
GCK72_005938.t1	 0.1475
GCK72_009421.t1	 0.0835
GCK72_010680.t1	 0.1513
GCK72_004311.t1	 0.2289
GCK72_006605.t1	 0.0823
GCK72_017379.t1	 0.0726
GCK72_009044.t1	 0.2618
GCK72_017649.t1	 0.0471
GCK72_002359.t1	 0.1391
GCK72_010402.t1	 0.1141
GCK72_023704.t1	 0.1505
GCK72_018598.t1	 0.1030
GCK72_001286.t1	 0.2579
GCK72_006894.t1	 0.2686
GCK72_024294.t1	 0.1583
GCK72_008824.t1	 0.1260
GCK72_003423.t1	 0.2396
GCK72_003906.t1	 0.2886
GCK72_001910.t1	 0.1562
GCK72_009011.t1	 0.1003
GCK72_016512.t1	 0.1583
GCK72_005310.t1	 0.1195
GCK72_024576.t1	 0.1946
GCK72_023834.t1	 0.1724
GCK72_010726.t1	 0.0905
GCK72_014436.t1	 0.1515
GCK72_002232.t1	 0.1570
GCK72_010510.t1	 0.1555
GCK72_000597.t1	 0.0985
GCK72_010513.t1	 0.1675
GCK72_014573.t1	 0.3738
GCK72_014143.t1	 0.1024
GCK72_019083.t1	 0.1964
GCK72_024821.t1	 0.1552
GCK72_006037.t1	 0.1496
GCK72_006491.t1	 0.1634
GCK72_009692.t1	 0.1234
GCK72_024163.t1	 0.0789
GCK72_001304.t1	 0.1180
GCK72_006007.t1	 0.1418
GCK72_010575.t1	 0.0948
GCK72_002437.t1	 0.1138
GCK72_002701.t1	 0.1511
GCK72_019366.t1	 0.1271
GCK72_016284.t1	 0.1979
GCK72_010492.t1	 0.1766
GCK72_024137.t1	 0.1577
GCK72_014514.t1	 0.0742
GCK72_006215.t1	 0.1161
GCK72_024674.t1	 0.0723
GCK72_010541.t1	 0.0928
GCK72_021832.t1	 0.4095
GCK72_006399.t1	 0.1219
GCK72_006017.t1	 0.1214
GCK72_014921.t1	 0.1074
GCK72_014695.t1	 0.1319
GCK72_008996.t1	 0.1208
GCK72_005262.t1	 0.1174
GCK72_015948.t1	 0.4454
GCK72_000623.t1	 0.0965
GCK72_018059.t1	 0.1589
GCK72_013516.t1	 0.0911
GCK72_009715.t1	 0.0601
GCK72_025529.t1	 0.2157
GCK72_005640.t1	 0.0821
GCK72_004817.t1	 0.0786
GCK72_005449.t1	 0.1114
GCK72_000931.t1	 0.0660
GCK72_010078.t1	 0.1307
GCK72_017472.t1	 0.0819
GCK72_022186.t1	 0.1993
GCK72_014528.t1	 0.0162
GCK72_006121.t1	 0.1276
GCK72_001640.t1	 0.0406
GCK72_016096.t1	 0.1487
GCK72_013544.t1	 0.1952
GCK72_010410.t1	 0.1640
GCK72_025541.t1	 0.1648
GCK72_023355.t1	 0.1338
GCK72_002279.t1	 0.1518
GCK72_018336.t1	 0.1849
GCK72_005788.t1	 0.0805
GCK72_017598.t1	 0.0615
GCK72_005217.t1	 0.0948
GCK72_004614.t1	 0.3364
GCK72_014433.t1	 0.3100
GCK72_017839.t1	 0.0953
GCK72_013896.t1	 0.2166
GCK72_023932.t1	 0.1199
GCK72_002515.t1	 0.1110
GCK72_002258.t1	 0.0863
GCK72_000655.t1	 0.2693
GCK72_012972.t1	 0.1414
GCK72_010221.t1	 0.1307
GCK72_001291.t1	 0.1426
GCK72_016100.t1	 0.3632
GCK72_025653.t1	 0.1945
GCK72_018731.t1	 0.1190
GCK72_006582.t1	 0.0758
GCK72_003663.t1	 0.2025
GCK72_001247.t1	 0.1224
GCK72_000240.t1	 0.1996
GCK72_010844.t1	 0.0994
GCK72_020769.t1	 0.1911
GCK72_018849.t1	 0.1032
GCK72_000616.t1	 0.1130
GCK72_002066.t1	 0.1129
GCK72_006813.t1	 0.1770
GCK72_000596.t1	 0.1911
GCK72_001795.t1	 0.1200
GCK72_013781.t1	 0.0923
GCK72_009432.t1	 0.0735
GCK72_018227.t1	 0.1481
GCK72_018046.t1	 0.1785
GCK72_025594.t1	 0.1166
GCK72_002573.t1	 0.1089
GCK72_006787.t1	 0.2775
GCK72_006406.t1	 0.0998
GCK72_010480.t1	 0.0538
GCK72_021313.t1	 0.2903
GCK72_014563.t1	 0.1747
GCK72_000549.t1	 0.1579
GCK72_002126.t1	 0.1218
GCK72_022198.t1	 0.1403
GCK72_003108.t1	 0.3848
GCK72_000687.t1	 0.1146
GCK72_008206.t1	 0.0709
GCK72_023696.t1	 0.1677
GCK72_022249.t1	 0.2356
GCK72_011896.t1	 0.1566
GCK72_002540.t1	 0.1329
GCK72_018204.t1	 0.1045
GCK72_010459.t1	 0.1084
GCK72_001850.t1	 0.1223
GCK72_000199.t1	 0.2590
GCK72_000198.t1	 0.2236
GCK72_004997.t1	 0.1233
GCK72_004255.t1	 0.2451
GCK72_013151.t1	 0.1703
GCK72_020333.t1	 0.1642
GCK72_005817.t1	 0.0223
GCK72_008366.t1	 0.1128
GCK72_014638.t1	 0.1532
GCK72_008150.t1	 0.2148
GCK72_008863.t1	 0.1334
GCK72_001242.t1	 0.1157
GCK72_002454.t1	 0.1236
GCK72_001423.t1	 0.2241
GCK72_005614.t1	 0.1523
GCK72_025112.t1	 0.2468
GCK72_004818.t1	 0.0566
GCK72_010681.t1	 0.1084
GCK72_005478.t1	 0.1171
GCK72_009661.t1	 0.0996
GCK72_018594.t1	 0.1775
GCK72_016671.t1	 0.2939
GCK72_003630.t1	 0.2623
GCK72_019044.t1	 0.1210
GCK72_023894.t1	 0.1502
GCK72_017787.t1	 0.1025
GCK72_016506.t1	 0.2578
GCK72_005425.t1	 0.2083
GCK72_014406.t1	 0.0811
GCK72_024599.t1	 0.3146
GCK72_016047.t1	 0.1810
GCK72_004918.t1	 0.1173
GCK72_018245.t1	 0.1284
GCK72_019767.t1	 0.0817
GCK72_023546.t1	 0.1504
GCK72_025305.t1	 0.2185
GCK72_009072.t1	 0.0995
GCK72_012845.t1	 0.0967
GCK72_022113.t1	 0.2359
GCK72_001443.t1	 0.2063
GCK72_004979.t1	 0.1081
GCK72_023740.t1	 0.1455
GCK72_008536.t1	 0.1628
GCK72_003639.t1	 0.1439
GCK72_002076.t1	 0.1133
GCK72_000250.t1	 0.2685
GCK72_017607.t1	 0.1351
GCK72_002906.t1	 0.1347
GCK72_022262.t1	 0.1828
GCK72_017531.t1	 0.0444
GCK72_018506.t1	 0.0945
GCK72_017481.t1	 0.1809
GCK72_002388.t1	 0.2778
GCK72_017978.t1	 0.1217
GCK72_014815.t1	 0.1090
GCK72_016085.t1	 0.2643
GCK72_010518.t1	 0.1286
GCK72_002202.t1	 0.1525
GCK72_022015.t1	 0.1535
GCK72_014069.t1	 0.1170
GCK72_010152.t1	 0.1191
GCK72_005319.t1	 0.1148
GCK72_005038.t1	 0.1066
GCK72_017091.t1	 0.1466
GCK72_006228.t1	 0.1351
GCK72_001092.t1	 0.0670
GCK72_019610.t1	 0.2010
GCK72_001514.t1	 0.1590
GCK72_014340.t1	 0.0876
GCK72_011626.t1	 0.2059
GCK72_023621.t1	 0.0805
GCK72_005339.t1	 0.1199
GCK72_010110.t1	 0.0689
GCK72_019401.t1	 0.1233
GCK72_010301.t1	 0.2064
GCK72_015041.t1	 0.1447
GCK72_024741.t1	 0.1048
GCK72_011075.t1	 0.2440
GCK72_001254.t1	 0.1114
GCK72_006475.t1	 0.0734
GCK72_010920.t1	 0.1214
GCK72_006554.t1	 0.2373
GCK72_008507.t1	 0.1312
GCK72_009415.t1	 0.1397
GCK72_018623.t1	 0.1008
GCK72_009109.t1	 0.2090
GCK72_005377.t1	 0.0875
GCK72_014021.t1	 0.1519
GCK72_014384.t1	 0.1645
GCK72_004976.t1	 0.1725
GCK72_021912.t1	 0.2472
GCK72_024235.t1	 0.2271
GCK72_001619.t1	 0.1541
GCK72_022246.t1	 0.2058
GCK72_009607.t1	 0.0674
GCK72_005036.t1	 0.1979
GCK72_010072.t1	 0.0893
GCK72_009791.t1	 0.1211
GCK72_003183.t1	 0.2311
GCK72_003114.t1	 0.3837
GCK72_009431.t1	 0.1510
GCK72_009329.t1	 0.0991
GCK72_011923.t1	 0.1019
GCK72_008714.t1	 0.1301
GCK72_010784.t1	 0.0169
GCK72_005216.t1	 0.1321
GCK72_010595.t1	 0.0478
GCK72_005291.t1	 0.1221
GCK72_009834.t1	 0.0442
GCK72_010709.t1	 0.1484
GCK72_000783.t1	 0.1360
GCK72_017045.t1	 0.2087
GCK72_023722.t1	 0.1491
GCK72_006655.t1	 0.1540
GCK72_018987.t1	 0.1388
GCK72_005257.t1	 0.2388
GCK72_001582.t1	 0.1167
GCK72_002456.t1	 0.1299
GCK72_009898.t1	 0.1075
GCK72_015112.t1	 0.1446
