OVOC2734	 0.0117
OVOC5325	 0.0391
OVOC9820	 0.0281
OVOC10506	 0.0048
OVOC11465	 0.0018
OVOC8601	 0.0063
OVOC10092	 0.0000
OVOC11524	 0.0036
OVOC2477	 0.0101
OVOC11230	 0.0000
OVOC11452	 0.0051
OVOC5386	 0.0000
OVOC3859	 0.0000
OVOC9118	 0.0065
OVOC11468	 0.0038
OVOC5626	 0.0038
OVOC10227	 0.0343
OVOC5256	 0.0000
OVOC15	 0.0199
OVOC3588	 0.0000
OVOC11456	 0.0750
OVOC718	 0.0043
OVOC8108	 0.0149
OVOC9967	 0.0254
OVOC8918	 0.0069
OVOC3117	 0.0094
OVOC6614	 0.0000
OVOC8496	 0.0377
OVOC11706	 0.0063
OVOC10299	 0.0067
OVOC1967	 0.0075
OVOC547	 0.0196
OVOC10860	 0.0000
OVOC754	 0.0297
OVOC3823	 0.0076
OVOC8828	 0.0029
OVOC1605	 0.0237
OVOC7950	 0.0147
OVOC8868	 0.0069
OVOC132	 0.0070
OVOC8689	 0.0522
OVOC5069	 0.0056
OVOC5919	 0.0000
OVOC1174	 0.0297
OVOC12062	 0.0019
OVOC3329	 0.0032
OVOC379	 0.0000
OVOC8187	 0.0484
OVOC8063	 0.0248
OVOC5964	 0.0086
OVOC9083	 0.0116
OVOC7911	 0.0055
OVOC2148	 0.0043
OVOC1697	 0.0196
OVOC9367	 0.0042
OVOC8877	 0.0000
OVOC11542	 0.0221
OVOC6394	 0.0102
OVOC1745	 0.0000
OVOC10225	 0.0162
OVOC7365	 0.0045
OVOC3711	 0.0047
OVOC305	 0.0185
OVOC8383	 0.0000
OVOC9380	 0.2011
OVOC8599	 0.0058
OVOC996	 0.0000
OVOC7710	 0.0088
OVOC11744	 0.0094
OVOC11852	 0.0112
OVOC9853	 0.0987
OVOC4545	 0.0249
OVOC5053	 0.0298
OVOC7576	 0.0000
OVOC3197	 0.0341
OVOC5711	 0.0050
OVOC1084	 0.0000
OVOC8392	 0.0088
OVOC8930	 0.1040
OVOC4443	 0.0476
OVOC2480	 0.0000
OVOC1260	 0.0063
OVOC1765	 0.0203
OVOC11707	 0.0053
OVOC752	 0.0408
OVOC3879	 0.0027
OVOC13427	 0.0001
OVOC1267	 0.0057
OVOC2568	 0.0000
OVOC6251	 0.0077
OVOC7579	 0.0287
OVOC2890	 0.0000
OVOC11135	 0.0026
OVOC6579	 0.0326
OVOC11619	 0.0042
OVOC436	 0.0036
OVOC6448	 0.0000
OVOC5446	 0.0199
OVOC2730	 0.0025
OVOC8098	 0.0061
OVOC9321	 0.0920
OVOC1766	 0.0019
OVOC8760	 0.0054
OVOC3059	 0.0070
OVOC8181	 0.0037
OVOC8137	 0.0129
OVOC11345	 0.0079
OVOC10908	 0.0166
OVOC7804	 0.0023
OVOC4817	 0.0021
OVOC2955	 0.0122
OVOC4177	 0.0045
OVOC584	 0.0070
OVOC7357	 0.0692
OVOC9302	 0.0070
OVOC1384	 0.0098
OVOC4904	 0.0049
OVOC4962	 0.0137
OVOC9008	 0.0000
OVOC7694	 0.0833
OVOC3344	 0.0160
OVOC7826	 0.0111
OVOC10518	 0.0195
OVOC10574	 0.0063
OVOC5621	 0.0299
OVOC1519	 0.0032
OVOC11132	 0.0044
OVOC704	 0.0072
OVOC8585	 0.0076
OVOC8790	 0.0090
OVOC10759	 0.0162
OVOC8065	 0.0093
OVOC12079	 0.0030
OVOC5638	 0.0064
OVOC9907	 0.0351
OVOC6871	 0.0035
OVOC11143	 0.0126
OVOC837	 0.0094
OVOC2590	 0.0067
OVOC12076	 0.0235
OVOC2748	 0.0000
OVOC2406	 0.0000
OVOC3241	 0.0000
OVOC10162	 0.0039
OVOC11764	 0.0037
OVOC3794	 0.0040
OVOC7753	 0.0070
OVOC1642	 0.0000
OVOC101	 0.0002
OVOC3107	 0.0580
OVOC9473	 0.0000
OVOC10653	 0.0286
OVOC642	 0.0055
OVOC2474	 0.0057
OVOC1264	 0.0141
OVOC3227	 0.0000
OVOC7965	 0.0132
OVOC8564	 0.0000
OVOC3420	 0.0082
OVOC5355	 0.0118
OVOC2915	 0.0330
OVOC585	 0.0000
OVOC7259	 0.0003
OVOC4994	 0.0103
OVOC5789	 0.0000
OVOC1042	 0.0000
OVOC3097	 0.0172
OVOC11125	 0.0000
OVOC7522	 0.0258
OVOC11703	 0.0074
OVOC7104	 0.0337
OVOC1266a	 0.0083
OVOC9800	 0.0254
OVOC8440	 0.0000
OVOC11968	 0.0570
OVOC7236	 0.0128
OVOC7774	 0.0047
OVOC12122	 0.0168
OVOC3928	 0.0001
OVOC10702	 0.0044
OVOC4440	 0.0095
OVOC2674	 0.0043
OVOC6647	 0.0000
OVOC8549	 0.0507
OVOC12149	 0.0241
OVOC6719	 0.0329
OVOC10409	 0.0000
OVOC12093	 0.0064
OVOC5489	 0.0045
OVOC11364	 0.0044
OVOC12119	 0.0041
OVOC1054	 0.0524
OVOC1649	 0.0199
OVOC4720	 0.0000
OVOC618	 0.0063
OVOC6748	 0.0039
OVOC8769	 0.0608
OVOC11734	 0.0346
OVOC4952	 0.0273
OVOC10273	 0.0000
OVOC2327	 0.0067
OVOC405	 0.0000
OVOC10610	 0.0065
OVOC7701	 0.0205
OVOC2133	 0.0039
OVOC5245	 0.0033
OVOC12111	 0.0016
OVOC7692	 0.0069
OVOC8595	 0.0091
OVOC4610	 0.0124
OVOC2917	 0.0000
OVOC8262	 0.0153
OVOC10594	 0.0037
OVOC5619	 0.0100
OVOC2498	 0.0046
OVOC8516	 0.0151
OVOC8167	 0.0169
OVOC1031	 0.0000
OVOC8857	 0.0045
OVOC4145	 0.0099
OVOC3481	 0.0112
OVOC5054	 0.0044
OVOC8606	 0.0087
OVOC6928	 0.0038
OVOC566	 0.0048
OVOC533	 0.0419
OVOC6027	 0.0054
OVOC5267	 0.0068
OVOC11410	 0.0077
OVOC8000	 0.0121
OVOC8432	 0.0000
OVOC8269	 0.0031
OVOC6700	 0.0073
OVOC3001	 0.0177
OVOC4115	 0.0143
OVOC4538	 0.0000
OVOC4234	 0.0238
OVOC12317	 0.0225
OVOC9883	 0.0311
OVOC2368	 0.0000
OVOC216	 0.0181
OVOC3605	 0.0508
OVOC3732	 0.0090
OVOC7734	 0.0577
OVOC8074	 0.0036
OVOC3532	 0.0401
OVOC10846	 0.0060
OVOC4129	 0.0065
OVOC7769	 0.0050
OVOC3041	 0.0094
OVOC10560	 0.0000
OVOC7162	 0.0000
OVOC3325	 0.0165
OVOC36	 0.0000
OVOC11920	 0.0000
OVOC4948	 0.0195
OVOC698	 0.0098
OVOC9235	 0.0000
OVOC1215	 0.0000
OVOC8060	 0.0000
OVOC905	 0.0053
OVOC11137	 0.0187
OVOC7036	 0.0222
OVOC4798	 0.0205
OVOC7131	 0.1493
OVOC5072	 0.0069
OVOC7935	 0.0358
OVOC2878	 0.0153
OVOC326	 0.0000
OVOC6962	 0.0021
OVOC3226	 0.0082
OVOC4619	 0.0187
OVOC7960	 0.1298
OVOC6219	 0.0697
OVOC8637	 0.0000
OVOC8574	 0.0104
OVOC6604	 0.0092
OVOC1673	 0.0107
OVOC11771	 0.0053
OVOC6773	 0.0263
OVOC1287	 0.0163
OVOC1929	 0.0228
OVOC9950	 0.1200
OVOC11912	 0.0169
OVOC9249	 0.0303
OVOC11200	 0.0000
OVOC12143	 0.1255
OVOC19	 0.0020
OVOC8132	 0.0334
OVOC11262	 0.0129
OVOC4423	 0.0081
OVOC1896	 0.0821
OVOC6492	 0.0191
OVOC7817	 0.0087
OVOC6715	 0.0102
OVOC783	 0.0000
OVOC5790	 0.0291
OVOC228	 0.0164
OVOC1885	 0.0080
OVOC6666	 0.0015
OVOC503	 0.0613
OVOC10727	 0.0030
OVOC6307	 0.0000
OVOC10933	 0.0000
OVOC13501	 0.0036
OVOC3179	 0.0000
OVOC5420	 0.0082
OVOC934	 0.0000
OVOC10158a	 0.0121
OVOC11497	 0.0045
OVOC11718	 0.0060
OVOC8527	 0.0077
OVOC13463	 0.0799
OVOC9201	 0.0109
OVOC10138	 0.0086
OVOC7790	 0.0357
OVOC2625	 0.0534
OVOC540	 0.0160
OVOC11305	 0.0000
OVOC4574	 0.0054
OVOC234	 0.0040
OVOC13429	 0.0045
OVOC1596	 0.0133
OVOC9953	 0.0062
OVOC9386	 0.0078
OVOC9965	 0.0432
OVOC5214	 0.0000
OVOC267	 0.0000
OVOC7411	 0.0029
OVOC3051	 0.0000
OVOC12060	 0.0948
OVOC1261	 0.0079
OVOC12228	 0.0095
OVOC10978	 0.0018
OVOC9423	 0.0113
OVOC8486	 0.0382
OVOC682	 0.0128
OVOC1455	 0.0028
OVOC4056	 0.0532
OVOC7029	 0.0071
OVOC5599	 0.0000
OVOC3254	 0.0160
OVOC552	 0.0118
OVOC7303	 0.0115
OVOC3024	 0.0492
OVOC10878	 0.0071
OVOC6136	 0.0000
OVOC9240	 0.0116
OVOC4162	 0.0038
OVOC4082	 0.0000
OVOC622	 0.0000
OVOC10252	 0.0318
OVOC10298	 0.0003
OVOC8970	 0.0000
OVOC4393	 0.0110
OVOC8678	 0.0027
OVOC6460	 0.0295
OVOC1377	 0.0188
OVOC8612	 0.0071
OVOC2987	 0.0034
OVOC3009	 0.0095
OVOC5243	 0.0027
OVOC3641	 0.0014
OVOC1580	 0.0088
OVOC5169	 0.0054
OVOC1768	 0.0122
OVOC9964	 0.0000
OVOC10236	 0.0062
OVOC10663	 0.0665
OVOC8913	 0.0000
OVOC11219	 0.0017
OVOC9949	 0.0041
OVOC9582	 0.0085
OVOC8075	 0.0168
OVOC9538	 0.0068
OVOC4844	 0.0032
OVOC10593	 0.0036
OVOC8555	 0.0020
OVOC8404	 0.0000
OVOC9226	 0.0167
OVOC8056	 0.0059
OVOC8655	 0.0093
OVOC11266	 0.0118
OVOC11929	 0.0026
OVOC10969	 0.0059
OVOC5244	 0.0039
OVOC4684	 0.0274
OVOC3127	 0.0043
OVOC10832	 0.0026
OVOC5602	 0.0427
OVOC11925	 0.0078
OVOC91	 0.0000
OVOC8568	 0.0000
OVOC6494	 0.0040
OVOC9630	 0.0012
OVOC2564	 0.0076
OVOC3986	 0.0265
OVOC10915	 0.0103
OVOC4159	 0.0161
OVOC5464	 0.0018
OVOC565	 0.0462
OVOC10688	 0.0069
OVOC6061	 0.0000
OVOC10566	 0.0088
OVOC7771	 0.0001
OVOC11924	 0.0511
OVOC10104	 0.0033
OVOC2512	 0.0042
OVOC2906	 0.0049
OVOC3576	 0.0479
OVOC11659	 0.0037
OVOC4777	 0.0080
OVOC3387	 0.0105
OVOC6455	 0.0244
OVOC4312	 0.0035
OVOC7636	 0.0036
OVOC8334	 0.0649
OVOC4175	 0.0045
OVOC8231	 0.0000
OVOC3914	 0.0111
OVOC8522	 0.0095
OVOC10600	 0.0000
OVOC2605	 0.0132
OVOC2665	 0.0000
OVOC11766	 0.0717
OVOC9337	 0.0221
OVOC12295	 0.0093
OVOC7884	 0.0854
OVOC870	 0.0297
OVOC9393	 0.1005
OVOC1051	 0.0037
OVOC8100	 0.0000
OVOC6301	 0.0087
OVOC10665	 0.0028
OVOC5297	 0.0039
OVOC6813	 0.0001
OVOC6186	 0.0134
OVOC4498	 0.0001
OVOC3533	 0.0063
OVOC5271	 0.0316
OVOC9484	 0.0380
OVOC3668	 0.0152
OVOC8250	 0.0023
OVOC188	 0.0023
OVOC3741	 0.0000
OVOC9822	 0.0095
OVOC11166	 0.0252
OVOC8050	 0.0032
OVOC10403	 0.0093
OVOC1039	 0.0026
OVOC3224	 0.0127
OVOC195	 0.0095
OVOC1552	 0.0000
OVOC2861	 0.0000
OVOC3531	 0.0798
OVOC6886	 0.1149
OVOC8295	 0.0042
OVOC7644	 0.0153
OVOC329	 0.0830
OVOC3602	 0.0058
OVOC9289	 0.0095
OVOC11392	 0.0184
OVOC7676	 0.0101
OVOC6393	 0.0145
OVOC4261	 0.0000
OVOC5306	 0.0368
OVOC829	 0.0040
OVOC8703	 0.0998
OVOC459	 0.0228
OVOC11919	 0.0000
OVOC7924	 0.0399
OVOC10803	 0.0052
OVOC440	 0.0000
OVOC5802	 0.0212
OVOC6623	 0.0140
OVOC1553	 0.0125
OVOC2818	 0.0208
OVOC6058	 0.0333
OVOC304	 0.0000
OVOC5956	 0.0179
OVOC6041	 0.0059
OVOC8418	 0.0000
OVOC5498	 0.0049
OVOC3738	 0.0213
OVOC5692	 0.0000
OVOC10482	 0.2256
OVOC10367	 0.0053
OVOC8724	 0.0195
OVOC7368	 0.0000
OVOC5014	 0.0026
OVOC1515	 0.0000
OVOC2793	 0.0033
OVOC6983	74.7337
OVOC714	 0.0001
OVOC507	 0.0036
OVOC3044	 0.0126
OVOC4719	 0.0000
OVOC11221	 0.0032
OVOC1386	 0.0107
OVOC3014	 0.0202
OVOC12006	 0.0078
OVOC6593	 0.0436
OVOC5094	 0.0000
OVOC4382	 0.0066
OVOC10622	 0.0075
OVOC2749	 0.0117
OVOC1653	 0.0050
OVOC35	 0.0039
OVOC5101	 0.0176
OVOC3599	 0.0000
OVOC5410	 0.0649
OVOC6619	 0.0022
OVOC4400	 0.0096
OVOC3069	 0.0074
OVOC13450	 0.0139
OVOC7033	 0.0045
OVOC820	 0.0094
OVOC4131	 0.0022
OVOC13462	 0.0579
OVOC2822	 0.0000
OVOC2204	 0.0000
OVOC11458	 0.0107
OVOC3201	 0.0060
OVOC2579	 0.0546
OVOC5121	 0.0019
OVOC1057	 0.0038
OVOC8396	 0.0125
OVOC7669	 0.0047
OVOC9168	 0.0112
OVOC12997	 0.0000
OVOC221	 0.0415
OVOC614	 0.0000
OVOC5212	 0.0130
OVOC5734	 0.0000
OVOC3414	 0.0086
OVOC1150	 0.0037
OVOC5131	 0.0051
OVOC3537	 0.0581
OVOC10651	 0.0064
OVOC4988	 0.0081
OVOC6553	 0.0039
OVOC3104	 0.0043
OVOC2364	 0.0119
OVOC7388	 0.0087
OVOC6767	 0.0000
OVOC5733	 0.0109
OVOC8176	 0.0000
OVOC2670	 0.0001
OVOC6272	 0.0000
OVOC9744	 0.0741
OVOC5001	 0.0000
OVOC11834	 0.0000
OVOC1255	 0.0036
OVOC10901	 0.0000
OVOC4764	 0.0104
OVOC13464	 0.0002
OVOC902	 0.0024
OVOC12269	 0.0001
OVOC10235	 0.0159
OVOC5881	 0.0286
OVOC8593	 0.0118
OVOC10293	 0.0221
OVOC4893	 0.0140
OVOC4910	 0.0000
OVOC8124	 0.0021
OVOC3010	 0.0039
OVOC8468	 0.0244
OVOC517	 0.0000
OVOC8141	 0.0064
OVOC7707	 0.0104
OVOC9839	 0.0359
OVOC539	 0.0000
OVOC7830	 0.0021
OVOC8337	 0.0050
OVOC4972	 0.0092
OVOC9425	 0.0071
OVOC10914	 0.0774
OVOC9165	 0.0000
OVOC11018	 0.0000
OVOC7397	 0.0000
OVOC5552	 0.0031
OVOC10684	 0.0633
OVOC10051	 0.0132
OVOC4296	 0.0113
OVOC5287	 0.0033
OVOC4696	 0.0276
OVOC12354	 0.0908
OVOC4434	 0.0071
OVOC6598	 0.0103
OVOC1154	 0.0527
OVOC9017	 0.0000
OVOC10967	 0.0083
OVOC8849	 0.0074
OVOC10130	 0.0048
OVOC4810	 0.0000
OVOC9176	 0.0241
OVOC8552	 0.0046
OVOC967	 0.0046
OVOC7521	 0.0015
OVOC9693	 0.0090
OVOC11336	 0.0148
OVOC10829	 0.0038
OVOC3074	 0.0007
OVOC5445	 0.0000
OVOC792	 0.0535
OVOC4863	 0.0064
OVOC9149	 0.0000
OVOC2660	 0.0000
OVOC3706	 0.1244
OVOC4366	 0.0000
OVOC11926	 0.0077
OVOC1549	 0.0051
OVOC6424	 0.0352
OVOC240	 0.0000
OVOC11467	 0.0001
OVOC10548	 0.0000
OVOC8545	 0.0000
OVOC6801	 0.0060
OVOC1871	 0.0112
OVOC3545	 0.0264
OVOC5421	 0.0028
OVOC1223	 0.0063
OVOC11314	 0.0000
OVOC742	 0.0000
OVOC561	 0.0030
OVOC1573	 0.0106
OVOC2758	 0.0000
OVOC7998	 0.0161
OVOC8767	 0.0120
OVOC3220	 0.0000
OVOC10916	 0.0939
OVOC9	 0.0309
OVOC11459	 0.0142
OVOC8253	 0.0070
OVOC6388	 0.0126
OVOC5041a	 0.0000
OVOC4300	 0.0040
OVOC10658	 0.0043
OVOC4024	 0.0000
OVOC11247	 0.0233
OVOC8811	 0.0052
OVOC10306	 0.0149
OVOC274	 0.0154
OVOC4507	 0.0041
OVOC865	 0.0055
OVOC10516	 0.0184
OVOC2970	 0.0083
OVOC8175	 0.0198
OVOC8526	 0.0040
OVOC7827	 0.0040
OVOC3105	 0.0757
OVOC1070	 0.0000
OVOC2620	 0.0051
OVOC9192	 0.0075
OVOC10222	 0.0255
OVOC1415	 0.0017
OVOC4772	 0.0129
OVOC10854	 0.0023
OVOC8589	 0.0414
OVOC3800	 0.0120
OVOC3412	 0.0164
OVOC8905	 0.0000
OVOC131	 0.0190
OVOC5002	 0.0011
OVOC205	 0.0065
OVOC3198	 0.0063
OVOC1108	 0.0000
OVOC10418	 0.0063
OVOC4553	 0.0000
OVOC9203	 0.0000
OVOC4504	 0.0337
OVOC4222	 0.0000
OVOC8895	 0.0000
OVOC8567	 0.0292
OVOC7263	 0.0084
OVOC812	 0.0000
OVOC10229	 0.0000
OVOC12139	 0.0043
OVOC10247	10.8031
OVOC6170	 0.0126
OVOC3618	 0.0000
OVOC1419	 0.0210
OVOC10028	 0.0107
OVOC10491	 0.0462
OVOC1578	 0.0408
OVOC8068	 0.0035
OVOC11911	 0.0117
OVOC376	 0.0144
OVOC8207	 0.0262
OVOC11891	 0.0071
OVOC7626	 0.0000
OVOC6292	 0.0061
OVOC1636	 0.0059
OVOC11511	 0.0072
OVOC3813	 0.0037
OVOC7512	 0.0054
OVOC6080	 0.0015
OVOC3351	 0.0000
OVOC2542	 0.0000
OVOC11921	 0.0000
OVOC8592	 0.0082
OVOC5102	 0.0953
OVOC11084	 0.0217
OVOC11349	 0.0056
OVOC2375	 0.0000
OVOC1723	 0.0000
OVOC7530	 0.0039
OVOC1601	 0.0000
OVOC4643	 0.0000
OVOC1383	 0.0123
OVOC9661	 0.0029
OVOC8628	 0.0087
OVOC1402	 0.0129
OVOC4759	 0.0000
OVOC10291	 0.0064
OVOC2369	 0.1144
OVOC4179	 0.0108
OVOC8477	 0.0725
OVOC3245	 0.0171
OVOC1123	 0.0000
OVOC8908	 0.0082
OVOC11129	 0.0101
OVOC784	 0.0269
OVOC8960	 0.0415
OVOC13442	 0.0272
OVOC2828	 0.0063
OVOC7990	 0.0317
OVOC5059	 0.0087
OVOC11820	 0.0296
OVOC1035	 0.0000
OVOC7883	 0.0101
OVOC3918	 0.0029
OVOC6836	 0.0051
OVOC5787	 0.0143
OVOC1700	 0.0457
OVOC823	 0.0000
OVOC5074	 0.0504
OVOC4120	 0.0038
OVOC12302	 0.0156
OVOC10105	 0.0036
OVOC8069	 0.0001
OVOC11397	 0.0044
OVOC5864	 0.0027
OVOC8782	 0.0052
OVOC6845	 0.0001
OVOC2164	 0.0095
OVOC2484	 0.0059
OVOC1226	 0.0069
OVOC2883	 0.0053
OVOC11871	 0.0230
OVOC4080	 0.0086
OVOC2533	 0.0051
OVOC8883	 0.0047
OVOC11550	 0.0118
OVOC2899	 0.0385
OVOC4960	 0.0001
OVOC9036	 0.0000
OVOC6781	 0.0000
OVOC6764	 0.0047
OVOC2324	 0.0022
OVOC8438	 0.0000
OVOC7698	 0.0001
OVOC11109	 0.0068
OVOC10381	 0.0079
OVOC3182	 0.0000
OVOC8286	 0.0058
OVOC2	 0.0076
OVOC9303	 0.0000
OVOC9940	 0.0101
OVOC2662	 0.0137
OVOC9417	 0.0064
OVOC4968	 0.0025
OVOC6685	 0.0028
OVOC2523	 0.0059
OVOC2836	 0.0023
OVOC9649	 0.0082
OVOC7784	 0.0069
OVOC2491	 0.0166
OVOC95	 0.0149
OVOC8153	 0.0054
OVOC5575	 0.0060
OVOC9684	 0.0100
OVOC5157	 0.0195
OVOC6663	 0.0079
OVOC109	 0.0090
OVOC7075	 0.0513
OVOC1133	 0.0122
OVOC5075	 0.0000
OVOC9057	 0.0110
OVOC6167	 0.0172
OVOC11850	 0.0045
OVOC2981	 0.0000
OVOC6857	 0.0067
OVOC11793	 0.0122
OVOC11845	 0.0251
OVOC480	 0.0000
OVOC10434	 0.0084
OVOC5375	 0.0523
OVOC11043	 0.0114
OVOC4749	 0.0000
OVOC6800	 0.0209
OVOC6925	 0.0308
OVOC8694	 0.0024
OVOC8385	 0.0397
OVOC878	 0.0037
OVOC9924	 0.0069
OVOC3603	 0.0000
OVOC5531	 0.0267
OVOC7897	 0.0099
OVOC1585	 0.0098
OVOC7240	 0.0159
OVOC4194	 0.0070
OVOC11558	 0.0263
OVOC1397	 0.0034
OVOC483	 0.0040
OVOC7448	 0.0032
OVOC11640	 0.0098
OVOC6475	 0.0132
OVOC6351	 0.0227
OVOC5066	 0.0000
OVOC1469	 0.0001
OVOC8515	 0.0029
OVOC7938	 0.0416
OVOC2841	 0.0001
OVOC8765	 0.0306
OVOC2304	 0.0000
OVOC12008	 0.0036
OVOC8756	 0.0022
OVOC193	 0.0301
OVOC8541	 0.0000
OVOC7677	 0.0024
OVOC8704	 0.0140
OVOC7844	 0.0049
OVOC7977	 0.0037
OVOC6667	 0.0087
OVOC10613	 0.0000
OVOC10867	 0.0087
OVOC4447	 0.0449
OVOC631	 0.0000
OVOC10674	 0.0043
OVOC8140	 0.0045
OVOC2638	 0.0086
OVOC1561	 0.0173
OVOC985	 0.0073
OVOC4397	 0.0050
OVOC9902	 0.0159
OVOC1511	 0.0069
OVOC3267	 0.0082
OVOC7524	 0.0417
OVOC190	 0.0109
OVOC6223	 0.0000
OVOC11282	 0.0252
OVOC2462	 0.0177
OVOC8723	 0.0000
OVOC12072	 0.0973
OVOC506	 0.0000
OVOC924	 0.0065
OVOC3008	 0.0070
OVOC9050	 0.0296
OVOC7372	 0.0223
OVOC5501	 0.0000
OVOC4626	 0.0000
OVOC8658	 0.0062
OVOC1248	 0.0116
OVOC1134	 0.0773
OVOC2365	 0.0680
OVOC7914	 0.0000
OVOC10285	 0.0514
OVOC6904	 0.0092
OVOC664	 0.0633
OVOC3029	 0.0204
OVOC11081	 0.0150
OVOC144	 0.0001
OVOC8586	 0.0059
OVOC935	 0.0000
OVOC11819	 0.0412
OVOC5051	 0.0587
OVOC1083	 0.0000
OVOC3896	 0.0037
OVOC2961	 0.0097
OVOC10331	 0.0086
OVOC8882	 0.0081
OVOC2276	 0.0404
OVOC6723	 0.0000
OVOC3239	 0.0244
OVOC1595	 0.0068
OVOC2977	 0.0158
OVOC1023	 0.0068
OVOC11617	 0.0107
OVOC34	 0.0441
OVOC9944	 0.0000
OVOC773	 0.0027
OVOC3876	 0.0088
OVOC4973	 0.0078
OVOC1954	 0.0855
OVOC7885	 0.0172
OVOC8562	 0.0212
OVOC7766	 0.0131
OVOC8801	 0.0573
OVOC10323	 0.0000
OVOC11649	 0.0000
OVOC11545	 0.0095
OVOC4093	 0.0070
OVOC10683	 0.0375
OVOC9858	 0.0222
OVOC11251	 0.0037
OVOC10177	 0.0108
OVOC1948	 0.2151
OVOC4784	 0.0039
OVOC9508	 0.0093
OVOC8889	 0.0146
OVOC2316	 0.0059
OVOC4615	 0.0024
OVOC11851	 0.0000
OVOC6812	 0.0081
OVOC4404	 0.0050
OVOC4580	 0.0138
OVOC3703	 0.0061
OVOC5642	 0.0170
OVOC4548	 0.0000
OVOC3510	 0.0190
OVOC8445	 0.0000
OVOC4799	 0.0000
OVOC7148	 0.0417
OVOC244	 0.0000
OVOC2868	 0.0037
OVOC8469	 0.0622
OVOC4178	 0.0000
OVOC10820	 0.0109
OVOC8332	 0.0069
OVOC9544	 0.0088
OVOC6152	 0.0053
OVOC9871	 0.0035
OVOC393	 0.0000
OVOC9928	 0.0144
OVOC5432	 0.0040
OVOC8721	 0.0023
OVOC4713	 0.0078
OVOC5905	 0.0000
OVOC12467	 0.0255
OVOC11077	 0.0495
OVOC6131	 0.0419
OVOC3087	 0.0249
OVOC9565	 0.0034
OVOC3970	 0.0000
OVOC48	 0.0047
OVOC1277	 0.0033
OVOC13428	 0.0164
OVOC5996	 0.0340
OVOC8757	 0.0000
OVOC12537	 0.0237
OVOC11448	 0.0000
OVOC5288	 0.0386
OVOC2087	 0.0251
OVOC8845	 0.0220
OVOC1020	 0.0031
OVOC5107	 0.0214
OVOC7044	 0.0085
OVOC8455	 0.0220
OVOC5779	 0.0011
OVOC5020	 0.0035
OVOC11171	 0.0033
OVOC6603	 0.0091
OVOC10096	 0.0690
OVOC8311	 0.0350
OVOC10292	 0.0096
OVOC427a	 0.0063
OVOC710	 0.0049
OVOC6569	 0.0024
OVOC6646	 0.0024
OVOC9893	 0.0313
OVOC5860	 0.0395
OVOC4325	 0.0000
OVOC7519	 0.0053
OVOC813	 0.0099
OVOC4321	 0.0524
OVOC6052	 0.0441
OVOC9287	 0.0052
OVOC6753	 0.0059
OVOC5983	 0.0086
OVOC8152	 0.0081
OVOC380	 0.0043
OVOC5817	 0.0195
OVOC2305	 0.0000
OVOC5696	 0.0073
OVOC10502	 0.0135
OVOC8413	 0.0075
OVOC11296	 0.0000
OVOC7515	 0.0057
OVOC520	 0.0213
OVOC5097	 0.0402
OVOC89	 0.0099
OVOC12428	 0.0106
OVOC265	 0.0000
OVOC3123	 0.0036
OVOC5853	 0.0017
OVOC4500	 0.0205
OVOC10219	 0.0057
OVOC8755	 0.0057
OVOC771	 0.0048
OVOC3882	 0.0062
OVOC733	 0.0029
OVOC11879	 0.0542
OVOC4425	 0.0138
OVOC11445	 0.0058
OVOC11315	 0.0087
OVOC4327	 0.0097
OVOC5284	 0.0157
OVOC525	 0.0058
OVOC10769	 0.0110
OVOC1052	 0.0602
OVOC8312	 0.0073
OVOC11248	 0.0000
OVOC8692	 0.0327
OVOC10535	 0.0190
OVOC11140	 0.0104
OVOC2761	 0.0073
OVOC7028	 0.0000
OVOC11181	 0.0264
OVOC13494	 0.0336
OVOC2809	 0.0031
OVOC419	 0.0617
OVOC5639	 0.0000
OVOC9979	 0.0065
OVOC953	 0.0000
OVOC6423	 0.0202
OVOC6332	 0.0193
OVOC2307	 0.0067
OVOC7840	 0.0042
OVOC616	 0.0078
OVOC262	 0.0074
OVOC6415	 0.0000
OVOC6000	 0.0131
OVOC3471	 0.0000
OVOC7346	 0.0651
OVOC5743	 0.0000
OVOC11130	 0.0000
OVOC7765	 0.0060
OVOC10616	 0.0037
OVOC10237	 0.0137
OVOC2570	 0.0119
OVOC10680	 0.0141
OVOC5965	 0.0078
OVOC424	 0.0130
OVOC9331	 0.0093
OVOC10466	 0.0117
OVOC4651	 0.0056
OVOC1041	 0.0000
OVOC11423	 0.0096
OVOC5227	 0.0306
OVOC5957	 0.0047
OVOC692	 0.0041
OVOC2619	 0.0056
OVOC11151	 0.0017
OVOC9150	 0.0075
OVOC5950	 0.0179
OVOC9189	 0.0027
OVOC13432	 0.0376
OVOC1364	 0.0277
OVOC13430	 0.0234
OVOC10592	 0.0420
OVOC2046	 0.0000
OVOC3126	 0.0020
OVOC658	 0.0107
OVOC10144	 0.0049
OVOC11163	 0.0085
OVOC471	 0.0058
OVOC4008	 0.0151
OVOC12466	 0.0000
OVOC11980	 0.0061
OVOC4153	 0.0001
OVOC7649	 0.0131
OVOC1050	 0.0000
OVOC1737	 0.0000
OVOC9011	 0.0460
OVOC8094	 0.0071
OVOC8959	 0.0036
OVOC4975	 0.0083
OVOC6405	 0.0045
OVOC5670	 0.0325
OVOC3149	 0.0222
OVOC7030	 0.0363
OVOC10295	 0.0043
OVOC3169	 0.0287
OVOC997	 0.0201
OVOC7353	 0.0061
OVOC4103	 0.0160
OVOC6028	 0.0000
OVOC4821	 0.0064
OVOC4842	 0.0407
OVOC2349	 0.0037
OVOC8727	 0.0038
OVOC9030	 0.0194
OVOC10732	 0.0077
OVOC8420	 0.0076
OVOC3652	 0.0022
OVOC11252	 0.0079
OVOC10365	 0.0314
OVOC11097	 0.0054
OVOC954	 0.0000
OVOC652	 0.0663
OVOC8814	 0.0267
OVOC4517	 0.0448
OVOC5078b	 0.0311
OVOC3158	 0.0035
OVOC10098	 0.0239
OVOC65	 0.0000
OVOC2306	 0.0069
OVOC4982	 0.0046
OVOC5770	 0.0015
OVOC3684	 0.0000
OVOC5852	 0.0052
OVOC7582	 0.0054
OVOC243	 0.0004
OVOC7654	 0.0047
OVOC11904	 0.0219
OVOC1047	 0.0033
OVOC8053	 0.0000
OVOC2877	 0.0072
OVOC2795	 0.0033
OVOC6076	 0.0032
OVOC5135	 0.0000
OVOC4166	 0.0218
OVOC4838	 0.0000
OVOC411	 0.0051
OVOC9947	 0.0124
OVOC8847	 0.0000
OVOC5265	 0.0000
OVOC5546	 0.0372
OVOC9743	 0.0057
OVOC7252	 0.0051
OVOC7786a	 0.0000
OVOC645	 0.0087
OVOC4953	 0.0117
OVOC2424	 0.0000
OVOC283	 0.0000
OVOC990	 0.0067
OVOC7596	 0.0046
OVOC4921	 0.0047
OVOC5727	 0.0137
OVOC3411	 0.0082
OVOC11270	 0.0578
OVOC6977	 0.0091
OVOC178	 0.0180
OVOC1512	 0.0042
OVOC7648	 0.0045
OVOC5705	 0.0000
OVOC8879	 0.0375
OVOC1541	 0.0239
OVOC2543	 0.0176
OVOC4298	 0.0067
OVOC10614	 0.0106
OVOC4196	 0.0032
OVOC10272	 0.0442
OVOC8626	 0.0030
OVOC11327	 0.0541
OVOC11134	 0.0711
OVOC10623	 0.0028
OVOC5286	 0.0047
OVOC391	 0.0000
OVOC5846	 0.0172
OVOC1361	 0.0055
OVOC8747	 0.0141
OVOC10492	 0.0042
OVOC9775	 0.0012
OVOC9066	 0.0072
OVOC3305	 0.0016
OVOC3662	 0.0055
OVOC10779	 0.0796
OVOC4657	 0.0000
OVOC10337	 0.0201
OVOC5096	 0.0048
OVOC11428	 0.0171
OVOC8408	 0.0137
OVOC6661	 0.0000
OVOC8342	 0.0095
OVOC8096a	 0.0038
OVOC5184	 0.0955
OVOC8971	 0.0127
OVOC1602	 0.0051
OVOC5359	 0.0000
OVOC10899	 0.0072
OVOC10724	 0.0034
OVOC2986	 0.0000
OVOC11068	 0.0001
OVOC11229	 0.0571
OVOC439	 0.0144
OVOC5419	 0.0122
OVOC9292	 0.0293
OVOC9114	 0.0000
OVOC5548	 0.0037
OVOC518	 0.0429
OVOC5891	 0.0053
OVOC218	 0.0000
OVOC11520	 0.0036
OVOC8306	 0.0032
OVOC1358	 0.0000
OVOC9808	 0.0067
OVOC7799	 0.0031
OVOC3687	 0.0114
OVOC822	 0.0068
OVOC8763	 0.0061
OVOC11699	 0.0073
OVOC10137	 0.0435
OVOC6889	 0.0033
OVOC11450	 0.0046
OVOC1071	 0.0019
OVOC5352	 0.0091
OVOC10706	 0.0021
OVOC1555	 0.0000
OVOC6514	 0.0000
OVOC2394	 0.0406
OVOC542	 0.0031
OVOC8500	 0.0164
OVOC1524	 0.0000
OVOC8647	 0.0041
OVOC4575	 0.0000
OVOC12128	 0.0073
OVOC11480	 0.0181
OVOC10008	 0.0065
OVOC3664	 0.0000
OVOC62	 0.0042
OVOC10612	 0.0000
OVOC7124	 0.0069
OVOC8122	 0.0078
OVOC3854	 0.0039
OVOC8856	 0.0088
OVOC7846	 0.0000
OVOC4341	 0.0281
OVOC1165	 0.0081
OVOC5347	 0.0026
OVOC7495	 0.0305
OVOC5744	 0.0000
OVOC11878	 0.0076
OVOC8441	 0.0029
OVOC1688	 0.0000
OVOC7545	 0.0088
OVOC10238	 0.1046
OVOC1670	 0.0001
OVOC10149	 0.0000
OVOC1679	 0.0082
OVOC2759	 0.0094
OVOC9658	 0.0000
OVOC9698	 0.0070
OVOC3413	 0.0167
OVOC8198	 0.0057
OVOC8265	 0.0000
OVOC7667	 0.0287
OVOC5439	 0.0023
OVOC3363	 0.0136
OVOC1230	 0.0428
OVOC1709	 0.0254
OVOC11760	 0.0341
OVOC11222	 0.0025
OVOC1567	 0.0167
OVOC1439	 0.0000
OVOC7094	 0.0106
OVOC9793	 0.0091
OVOC638	 0.0404
OVOC9214	 0.0029
OVOC11544	 0.0000
OVOC3712	 0.0100
OVOC4068	 0.0054
OVOC1379	 0.0716
OVOC4625	 0.0036
OVOC10615	 0.0021
OVOC142	 0.0210
OVOC11862	77.2277
OVOC5115	 0.0000
OVOC9751	 0.0095
OVOC10166	 0.0135
OVOC6717	 0.0043
OVOC11056	 0.0155
OVOC6151	 0.0000
OVOC6707	 0.0173
OVOC5154	 0.0150
OVOC9794	 0.0128
OVOC4544	 0.0144
OVOC11589	 0.0069
OVOC10850	 0.0017
OVOC7266	 0.0099
OVOC5423	 0.0030
OVOC1696b	 0.0157
OVOC1739	 0.0025
OVOC1412	 0.0030
OVOC9129	 0.0122
OVOC7493	 0.1787
OVOC3568	 0.0269
OVOC2920	 0.0089
OVOC564	 0.0096
OVOC8270	 0.0043
OVOC11621	 0.0172
OVOC8708	 0.0298
OVOC6124	 0.0000
OVOC9955	 0.0063
OVOC4225	 0.0065
OVOC651	 0.0088
OVOC4268	 0.0117
OVOC936	 0.0290
OVOC662	 0.0000
OVOC7719	 0.0064
OVOC276	 0.0116
OVOC3600	 0.0000
OVOC5808	 0.0062
OVOC3969	 0.0001
OVOC4497	 0.0000
OVOC5884	 0.0115
OVOC3666	 0.0100
OVOC12115	 0.0063
OVOC10793	 0.0000
OVOC6924	 0.0186
OVOC9889	 0.0000
OVOC10050	 0.0000
OVOC10971	 0.0041
OVOC2966	 0.0075
OVOC10462	 0.0070
OVOC6697	 0.0056
OVOC6060	 0.0000
OVOC3550	 0.0009
OVOC1582	 0.0205
OVOC8036	 0.0208
OVOC5357	 0.0023
OVOC9366	 0.0584
OVOC9451	 0.0000
OVOC7006	 0.0115
OVOC10133	 0.0337
OVOC357	 0.0253
OVOC4872	 0.0179
OVOC3942	 0.0008
OVOC8109	 0.0231
OVOC6762	 0.0380
OVOC715	 0.0053
OVOC2407	 0.0131
OVOC8926	17.9205
OVOC8778	 0.0063
OVOC9431	 0.0097
OVOC8501	 0.0085
OVOC6752	 0.0677
OVOC8583	 0.0000
OVOC5116	 0.0022
OVOC8234	 0.0248
OVOC4585	 0.0341
OVOC627	 0.0000
OVOC6268	 0.0130
OVOC10006	 0.0086
OVOC6233	 0.0048
OVOC6704	 0.0042
OVOC2473	 0.0024
OVOC8702	 0.0034
OVOC12213	 0.0077
OVOC437	 0.0035
OVOC3178	 0.0037
OVOC7961	 0.0559
OVOC6681	 0.0232
OVOC5769	 0.0321
OVOC5533	 0.0171
OVOC793	 0.0000
OVOC1025	 0.0000
OVOC3966	 0.0079
OVOC8067	 0.0097
OVOC139	 0.0141
OVOC6659	 0.0056
OVOC11440	 0.0026
OVOC8284	 0.0039
OVOC1378	 0.0099
OVOC3098	 0.0000
OVOC1501	 0.0000
OVOC4636	 0.0083
OVOC10258	 0.4477
OVOC10676	 0.0108
OVOC8596	 0.0068
OVOC1095	 0.0137
OVOC8985	 0.0032
OVOC6775	 0.0061
OVOC9818	 0.0276
OVOC6710	 0.0288
OVOC5697	 0.0745
OVOC7251	 0.0106
OVOC4426	 0.0114
OVOC2720	 0.1357
OVOC11179	 0.0000
OVOC12132	 0.0017
OVOC5815	 0.0000
OVOC10628	 0.0161
OVOC3717	 0.0000
OVOC4007	 0.0042
OVOC4537	 0.0029
OVOC6885	 0.0000
OVOC6344	 0.0075
OVOC3509	 0.0000
OVOC10348	 0.0116
OVOC8135	 0.0001
OVOC7213	 0.0041
OVOC11856	 0.0526
OVOC3054	 0.0096
OVOC209	 0.0458
OVOC847	 0.0715
OVOC7623	 0.0001
OVOC9371	 0.0030
OVOC10968	 0.0400
OVOC5506	 0.0171
OVOC4181	 0.0000
OVOC1571	 0.0093
OVOC12120	 0.0000
OVOC8278	 0.0056
OVOC8251	 0.0000
OVOC955	 0.0059
OVOC8148	 0.0034
OVOC356	 0.0197
OVOC11611	71.4456
OVOC10638	 0.0196
OVOC8070	 0.0305
OVOC10226	 0.0255
OVOC10708	 0.0135
OVOC2858	 0.0152
OVOC10666	 0.0000
OVOC2155	 0.1152
OVOC746	 0.0713
OVOC7788	 0.0000
OVOC7900	 0.0004
OVOC1268	 0.0100
OVOC6755	 0.0056
OVOC6117	 0.0000
OVOC5555	 0.0120
OVOC9299	 0.0000
OVOC6229	 0.0000
OVOC5045	 0.0038
OVOC4243	 0.0478
OVOC11877	 0.0000
OVOC9025	 0.0160
OVOC516	 0.0066
OVOC406	 0.0025
OVOC11263	 0.0038
OVOC2263	 0.0028
OVOC5738	 0.0067
OVOC11839	 0.0080
OVOC7645	 0.0330
OVOC4401	 0.0579
OVOC1282	 0.0449
OVOC3902	 0.0057
OVOC10922	 0.0374
OVOC550	 0.0286
OVOC10345	 0.0001
OVOC9727	 0.0041
OVOC2587	 0.0000
OVOC6284	 0.0098
OVOC1341	 0.0000
OVOC1586	 0.0000
OVOC10565	 0.0303
OVOC969	 0.0372
OVOC5967	 0.1165
OVOC1423	 0.0000
OVOC8901	 0.0030
OVOC160	 0.0046
OVOC12124	 0.0000
OVOC6746	 0.0042
OVOC6413	 0.0099
OVOC7547	 0.0062
OVOC10470	 0.0155
OVOC8415	 0.0053
OVOC8225	 0.0117
OVOC1456	 0.0000
OVOC2673	 0.0001
OVOC1413	 0.0144
OVOC6602	 0.0058
OVOC6901	 0.0034
OVOC700	 0.0000
OVOC12133	 0.0789
OVOC10333	 0.0000
OVOC3766	 0.0346
OVOC5455	 0.0053
OVOC12110	 0.0198
OVOC5197	 0.0060
OVOC10547	 0.0128
OVOC9320	 0.0381
OVOC3475	 0.0029
OVOC1993	 0.0000
OVOC981	 0.0117
OVOC5500	 0.0024
OVOC3968	 0.0000
OVOC10649	 0.0015
OVOC10863	 0.0104
OVOC9987	 0.0074
OVOC831	 0.0041
OVOC10896	 0.0046
OVOC9657	 0.0000
OVOC1194	 0.0420
OVOC10392	 0.0000
OVOC9279	 0.0343
OVOC8474	 0.0028
OVOC6391	 0.0190
OVOC8457	 0.0414
OVOC10106	 0.0157
OVOC8961	 0.0083
OVOC3528	 0.0043
OVOC10709	 0.0073
OVOC3873	 0.0037
OVOC1492	 0.0141
OVOC11557	 0.0075
OVOC5647	 0.0022
OVOC9983	 0.0080
OVOC8855	 0.0161
OVOC110	 0.0000
OVOC2788	 0.0001
OVOC4174	 0.0392
OVOC11857	 0.0221
OVOC7082	 0.3465
OVOC1437	 0.0000
OVOC67	 0.0000
OVOC407	 0.0000
OVOC5269	 0.0045
OVOC1244	 0.0085
OVOC6724	 0.0061
OVOC6855	 0.0000
OVOC2699	 0.0063
OVOC8249	 0.0063
OVOC9709	 0.0122
OVOC2863	 0.0057
OVOC4228	 0.0089
OVOC9980	 0.0131
OVOC1537	 0.0044
OVOC8523	 0.0670
OVOC1420	 0.0412
OVOC11271	 0.0071
OVOC1103	 0.0052
OVOC10748	 0.0020
OVOC11418	 0.0080
OVOC8577	 0.0000
OVOC299	 0.0124
OVOC10504	 0.0644
OVOC105	 0.0627
OVOC8344	 0.0000
OVOC4634	 0.0018
OVOC12316	 0.0243
OVOC325	 0.0065
OVOC1375	 0.0185
OVOC8534	 0.0079
OVOC442	 0.0124
OVOC800	 0.0042
OVOC8294	 0.0015
OVOC5435	 0.0586
OVOC12147	 0.0033
OVOC2126	 0.0121
OVOC11014	 0.0130
OVOC7102	 0.0134
OVOC7808	 0.0030
OVOC10275	 0.0172
OVOC6230	 0.0353
OVOC4845	 0.0812
OVOC3935	 0.0001
OVOC10324	 0.0095
OVOC4911	 0.0000
OVOC10632	 0.0066
OVOC790	 0.0750
OVOC1162	 0.0000
OVOC10849	 0.0064
OVOC8107	 0.0408
OVOC2586	 0.0101
OVOC10818	 0.0069
OVOC7110	 0.0000
OVOC4157	71.6889
OVOC6726	 0.0000
OVOC2262	 0.0642
OVOC10097	 0.0118
OVOC4710	 0.0076
OVOC5127	 0.0201
OVOC8810	 0.1002
OVOC9342	 0.1121
OVOC8627	 0.0022
OVOC6397	 0.0001
OVOC1517	 0.0126
OVOC2706	 0.0128
OVOC6043	 0.0121
OVOC4239	 0.0415
OVOC10139	 0.0000
OVOC9419	 0.0136
OVOC3302	 0.0055
OVOC7722	 0.0429
OVOC11268	 0.0050
OVOC6421	 0.0018
OVOC1934	 0.0055
OVOC6585	 0.0000
OVOC10474	 0.0091
OVOC1414	 0.0033
OVOC4242	 0.0163
OVOC10824	 0.0057
OVOC6551a	 0.0036
OVOC363	 0.0000
OVOC1738	 0.0035
OVOC12011	 0.0041
OVOC7599	 0.0084
OVOC5493	 0.0143
OVOC5792	 0.0098
OVOC7655	 0.0097
OVOC4493	 0.0038
OVOC6736	 0.0155
OVOC743	 0.0396
OVOC7409	 0.0173
OVOC1006	 0.0000
OVOC8105	 0.0235
OVOC1495	 0.0000
OVOC11918	 0.0195
OVOC5099	 0.0781
OVOC8673	 0.0087
OVOC5380	 0.0031
OVOC9195	 0.0106
OVOC7836	 0.0053
OVOC2518	 0.0318
OVOC73	 0.0340
OVOC6943	 0.0088
OVOC1222	 0.0139
OVOC2713	 0.0029
OVOC3347	 0.0066
OVOC9040	 0.0082
OVOC9959	 0.0286
OVOC7624	 0.0165
OVOC3030	 0.0050
OVOC8202	 0.0212
OVOC5985	 0.0052
OVOC7330	 0.0075
OVOC11952	 0.0039
OVOC3869	 0.0000
OVOC11727	 0.0095
OVOC5009	 0.0029
OVOC1032	 0.0886
OVOC3835	73.8488
OVOC12103	 0.0000
OVOC211	 0.0044
OVOC5520	 0.0000
OVOC9623	 0.0094
OVOC7620	 0.0229
OVOC8513	 0.0036
OVOC9968	 0.0138
OVOC168	 0.0131
OVOC1547	 0.0061
OVOC6607	 0.0073
OVOC8553	 0.0027
OVOC5048	 0.0029
OVOC9368	 0.0092
OVOC10330	 0.0718
OVOC3100	 0.0303
OVOC10648	 0.0333
OVOC10591	 0.0133
OVOC7901	 0.0057
OVOC9264	 0.0207
OVOC10283	 0.0807
OVOC2525	 0.0036
OVOC5600	 0.0674
OVOC4843	 0.0070
OVOC4197	 0.0055
OVOC4860	 0.1019
OVOC7697	 0.0059
OVOC3215	 0.0198
OVOC930	 0.0058
OVOC10609	 0.0026
OVOC5978	 0.0001
OVOC140	 0.0237
OVOC2182	 0.0000
OVOC1520	 0.0000
OVOC8409	 0.0029
OVOC2592	 0.0000
OVOC3516	 0.0040
OVOC6570	 0.0117
OVOC11174	 0.0498
OVOC8981	 0.0000
OVOC1978	 0.0000
OVOC8590	 0.0033
OVOC5364	 0.0049
OVOC4529	 0.0091
OVOC5785	 0.1057
OVOC6766	 0.0019
OVOC1543	 0.0042
OVOC6320	 0.0296
OVOC9358	 0.1322
OVOC512	 0.0047
OVOC413	 0.0032
OVOC4943	 0.0454
OVOC4221	 0.0073
OVOC4044	 0.0137
OVOC9697	 0.0097
OVOC10844	 0.0058
OVOC7098	10.5187
OVOC4969	 0.0038
OVOC4073	 0.0088
OVOC604	 0.0331
OVOC2729	 0.0035
OVOC6224	 0.0054
OVOC4173	 0.0019
OVOC5342	 0.0077
OVOC6065	 0.0160
OVOC6097	 0.0094
OVOC452	 0.0176
OVOC11098	 0.0811
OVOC4163	 0.0432
OVOC4579	 0.0099
OVOC13425	 0.0278
OVOC1979	 0.0098
OVOC6947	 0.0122
OVOC6821	 0.0249
OVOC580	 0.0103
OVOC2692	 0.0000
OVOC10520	 0.0233
OVOC10382	 0.0030
OVOC3403	 0.0036
OVOC2008	 0.0000
OVOC71	 0.0016
OVOC2873a	 0.0088
OVOC809	 0.0000
OVOC3393	 0.0159
OVOC9094	 0.0438
OVOC848	 0.0000
OVOC2884	 0.0000
OVOC11469	 0.0088
OVOC11946	 0.0048
OVOC11648	 0.0617
OVOC2332	 0.0000
OVOC9293	 0.0346
OVOC8151	 0.0127
OVOC961	 0.0429
OVOC7384	 0.0128
OVOC6807	 0.0000
OVOC8843	 0.0063
OVOC1637	 0.0078
OVOC7361	 0.0028
OVOC881	 0.0190
OVOC1694	 0.0174
OVOC9629	 0.0000
OVOC9170	 0.0204
OVOC8625	 0.0034
OVOC5532	 0.0084
OVOC11009	 0.0082
OVOC5468	 0.0037
OVOC10481	 0.0000
OVOC4866	 0.0000
OVOC9896	 0.0000
OVOC1376	 0.0077
OVOC7647	 0.0010
OVOC5762	 0.0000
OVOC7190	 0.0169
OVOC7743	 0.0275
OVOC10126	 0.0067
OVOC8356	 0.0089
OVOC571	 0.0043
OVOC5065	 0.0066
OVOC1098	 0.0182
OVOC6942	 0.0000
OVOC8588a	 0.0000
OVOC11169	 0.0000
OVOC11161	 0.0060
OVOC7693	 0.0348
OVOC11447	 0.0027
OVOC7562	 0.0086
OVOC2622	 0.0045
OVOC6371	 0.0000
OVOC6209	 0.0033
OVOC1906	 0.0227
OVOC1612	 0.0088
OVOC100	 0.0077
OVOC1094	 0.0053
OVOC2628	 0.0000
OVOC8815	 0.0000
OVOC11006	 0.0046
OVOC6006	 0.0425
OVOC11748	 0.0421
OVOC222	 0.0062
OVOC5230	 0.0637
OVOC6916	 0.0000
OVOC8402	 0.0029
OVOC860	 0.0000
OVOC9998	 0.0344
OVOC5077	 0.0026
OVOC11004	 0.0108
OVOC8412	 0.0069
OVOC266	 0.0132
OVOC8615	 0.0041
OVOC9597	 0.0059
OVOC697	 0.0026
OVOC1048	 0.0047
OVOC5589	 0.0053
OVOC6398	 0.0772
OVOC2544	 0.0103
OVOC4043	 0.0198
OVOC11196	 0.0000
OVOC5946	 0.0000
OVOC491	 0.2074
OVOC3484	 0.0000
OVOC6686	 0.0166
OVOC9353	 0.0388
OVOC685	 0.0050
OVOC2612	 0.0132
OVOC4227	 0.0000
OVOC6050	 0.0045
OVOC8699	 0.0087
OVOC721	 0.0429
OVOC7879	 0.0081
OVOC9923	 0.0056
OVOC6088	 0.0000
OVOC161	 0.0040
OVOC7136	 0.1246
OVOC10998	 0.0088
OVOC227	 0.0020
OVOC12480	 0.0090
OVOC194	 0.0000
OVOC8359	 0.0086
OVOC6864	 0.0547
OVOC9163	 0.0132
OVOC8675	 0.0058
OVOC4858	 0.0440
OVOC4353	 0.0434
OVOC3	 0.0093
OVOC1024	 0.0000
OVOC9063	 0.0069
OVOC4898	 0.0000
OVOC8591	 0.0216
OVOC10461	 0.0279
OVOC10071	 0.0227
OVOC5913	 0.0024
OVOC690	 0.0170
OVOC10795a	 0.0236
OVOC8977	 0.0414
OVOC5089	 0.0077
OVOC570	 0.0026
OVOC923	 0.0061
OVOC8649	 0.0229
OVOC11249	 0.0000
OVOC4381	 0.0036
OVOC10010	 0.0032
OVOC6510	 0.0018
OVOC8005	 0.0082
OVOC1477	 0.0000
OVOC5522	 0.0173
OVOC8481	 5.3274
OVOC5854	 0.0090
OVOC6675	 0.0167
OVOC600	 0.0000
OVOC2385	 0.0000
OVOC8672	 0.0317
OVOC8636	 0.0017
OVOC8400	 0.0678
OVOC3704	 0.0529
OVOC8078	 0.0039
OVOC13482	 0.0274
OVOC8885	 0.0306
OVOC11220	 0.0057
OVOC9429	 0.0180
OVOC8178	 0.0656
OVOC11131	 0.0015
OVOC2086	 0.0099
OVOC6950	 0.0237
OVOC3884	 0.0082
OVOC4488	 0.0041
OVOC2807	 0.0138
OVOC5809	 0.0053
OVOC5220	 0.0127
OVOC5327	 0.0101
OVOC8613	 0.0127
OVOC4661	 0.0068
OVOC4130	 0.0392
OVOC10401	 0.0103
OVOC6618	 0.0331
OVOC4559	 0.0071
OVOC8566	 0.0026
OVOC4343	 0.0036
OVOC732	 0.0045
OVOC9330	 0.0000
OVOC4667	 0.0048
OVOC8559	 0.0027
OVOC9917	 0.0356
OVOC365	 0.0228
OVOC8484	 0.0064
OVOC5422	 0.0934
OVOC5889	 0.0131
OVOC843	 0.0000
OVOC336	 0.0129
OVOC5139	 0.0054
OVOC6234	 0.0000
OVOC6429	 0.0034
OVOC8695	 0.0515
OVOC9250	 0.0203
OVOC8866	 0.0112
OVOC11908	 0.0047
OVOC6488	 0.0098
OVOC1175	 0.0054
OVOC4254	 0.0208
OVOC1363	 0.0087
OVOC3473	 0.0088
OVOC5133	 0.0000
OVOC11310	 0.0000
OVOC9151	 0.0000
OVOC1014	 0.0181
OVOC1401	 0.0111
OVOC4787	 0.0573
OVOC6971	 0.0039
OVOC4441	 0.0032
OVOC7132	 0.1785
OVOC968	 0.0000
OVOC575	 0.0063
OVOC1166	 0.0000
OVOC671	 0.0091
OVOC8047	 0.0049
OVOC12223	 0.0078
OVOC3801	 0.0626
OVOC500	 0.0030
OVOC7621	 0.0081
OVOC4384a	 0.0034
OVOC2844	 0.0072
OVOC702	 0.0435
OVOC4479	 0.0840
OVOC8157	 0.0716
OVOC8542	 0.0084
OVOC327	 0.0000
OVOC8921b	 0.0522
OVOC4299	 0.0163
OVOC5539	 0.0059
OVOC3958	 0.0052
OVOC4535	 0.1085
OVOC5553	 0.0098
OVOC11446	 0.0114
OVOC8048a	 0.0077
OVOC2341	 0.0145
OVOC11917	 0.0078
OVOC7685	 0.0074
OVOC1258	 0.0080
OVOC9911	 0.0001
OVOC855	 0.0035
OVOC5367	 0.0895
OVOC9329	 0.0132
OVOC10599	 0.0189
OVOC8745	 0.0082
OVOC3754	 0.0281
OVOC2572	 0.0062
OVOC8939	 0.1132
OVOC2999	 0.0071
OVOC6679	 0.0011
OVOC1421	 0.0086
OVOC10964	 0.0059
OVOC8093	 0.0043
OVOC3941	 0.0000
OVOC2038	 0.0057
OVOC10277	 0.0284
OVOC6496	 0.0092
OVOC2285	 0.0463
OVOC7019	 0.0841
OVOC11747	 0.0061
OVOC7925	 0.0068
OVOC613	 0.0325
OVOC3864	 0.0018
OVOC6402	 0.0188
OVOC2996	 0.0392
OVOC4708	 0.0000
OVOC6941	 0.0530
OVOC12231	 0.0882
OVOC10224	 0.0069
OVOC3036	 0.0109
OVOC8493	 0.0000
OVOC756	 0.0062
OVOC10426	 0.0040
OVOC4084	 0.0303
OVOC6606	 0.0185
OVOC2632	 0.0052
OVOC10837	 0.0061
OVOC7700	 0.0114
OVOC6998	 0.0000
OVOC1657	 0.0000
OVOC819	 0.0074
OVOC8931	 0.0356
OVOC5042	 0.0000
OVOC796	 0.0029
OVOC2317	 0.1293
OVOC12025	 0.0556
OVOC2817	 0.0018
OVOC7516	 0.0000
OVOC915	 0.0055
OVOC11741	 0.0214
OVOC8454	 0.0025
OVOC11277	 0.0042
OVOC832	 0.0000
OVOC5370	 0.0289
OVOC811	 0.0049
OVOC6325	 0.0018
OVOC6368	 0.0000
OVOC1701	 0.0000
OVOC3202	 0.0040
OVOC6403	 0.0036
OVOC10003a	 0.0103
OVOC1659	 0.0493
OVOC549	 0.0000
OVOC7828	 0.0156
OVOC5700	 0.0419
OVOC513	 0.0369
OVOC11812	 0.0449
OVOC1558	 0.0322
OVOC1523	 0.0000
OVOC1196	 0.0503
OVOC2534	 0.0000
OVOC5148	 0.0015
OVOC5056	 0.0208
OVOC2825	 0.0000
OVOC858	 0.0072
OVOC10541	 0.0052
OVOC1305	 0.0163
OVOC10262	 0.0052
OVOC8607	 0.0000
OVOC2916	 0.0196
OVOC4295	 0.0085
OVOC11890	 0.0069
OVOC9696	 0.0000
OVOC7074	 0.0334
OVOC11500	 0.0036
OVOC2065	 0.0000
OVOC10774	 0.0047
OVOC460	 0.0167
OVOC8944	 0.0541
OVOC4663	 0.0170
OVOC12186	 0.0623
OVOC2808	 0.0083
OVOC2728	 0.0027
OVOC9951	 0.0086
OVOC940	 0.0046
OVOC3480	 0.0108
OVOC8965	 0.0049
OVOC6955	 0.0087
OVOC7934	 0.0000
OVOC7369	 0.0218
OVOC8485	 0.0040
OVOC7302	 0.0548
OVOC9460	 0.0039
OVOC2402	 0.0028
OVOC9491	 0.0034
OVOC2881	 0.0713
OVOC11757	 0.0124
OVOC9887	 0.0001
OVOC983	 0.0025
OVOC5117	 0.0057
OVOC8846	 0.0080
OVOC1684	 0.1479
OVOC10344	 0.0043
OVOC6782	 0.0051
OVOC10200	 0.0139
OVOC4076	 0.0047
OVOC4903	 0.0081
OVOC97	 0.0000
OVOC217	 0.0043
OVOC6340	 0.0063
OVOC2256	 0.0182
OVOC1043	 0.0426
OVOC6155	 0.0000
OVOC964	 0.0021
OVOC11866	 0.0031
OVOC6778	 0.0000
OVOC8472	 0.0230
OVOC1138	 0.0284
OVOC7657	 0.0053
OVOC1699	 0.0019
OVOC10047	 0.0069
OVOC4138	 0.0020
OVOC7483	 0.0322
OVOC9897	 0.0013
OVOC2921	 0.0053
OVOC5388	 0.0026
OVOC3318	 0.0118
OVOC683	 0.0000
OVOC684	 0.0091
OVOC543	 0.0026
OVOC8618	 0.0097
OVOC10416	 0.0384
OVOC10763	 0.0038
OVOC8508	 0.0737
OVOC11287	 0.0740
OVOC8403	 0.0047
OVOC11055	 0.0074
OVOC8155	 0.0148
OVOC3032	 0.0036
OVOC434	 0.0025
OVOC5428	 0.0001
OVOC4915	 0.0206
OVOC537	 0.0000
OVOC7973	 0.0046
OVOC5064	 0.0043
OVOC6005	 0.0150
OVOC5268	 0.0258
OVOC11205	 0.0000
OVOC7800	 0.0045
OVOC10830	 0.0101
OVOC4589	 0.0000
OVOC5071	 0.0228
OVOC4512	 0.0000
OVOC11837	 0.0058
OVOC7067	 0.0089
OVOC582	 0.0000
OVOC2925	 0.0082
OVOC4892	 0.0001
OVOC8986	 0.0045
OVOC5330	 0.0030
OVOC8990	 0.0135
OVOC4986	 0.0097
OVOC10805	 0.0049
OVOC6702	 0.0168
OVOC7172	 0.0000
OVOC11535	 0.0259
OVOC1145	 0.0067
OVOC11790	 0.0221
OVOC153	 0.0013
OVOC2398	 0.0055
OVOC1176	 0.0110
OVOC4329	 0.0065
OVOC10696	 0.0337
OVOC5577	 0.0000
OVOC9117	 0.0000
OVOC1891	 0.0609
OVOC9246	 0.0023
OVOC9127	 0.0074
OVOC7174	 0.0281
OVOC759	 0.0038
OVOC11382	 0.0073
OVOC4458	 0.0358
OVOC2857	 0.0001
OVOC7410	 0.0095
OVOC1438	 0.0087
OVOC10821	 0.0016
OVOC4945	 0.0396
OVOC196	 0.0031
OVOC2799	 0.0062
OVOC5986	 0.0295
OVOC8643	 0.0000
OVOC9594	 0.0113
OVOC2715	 0.0047
OVOC7721	 0.0000
OVOC5625	 0.0022
OVOC5337	 0.0029
OVOC152	 0.0068
OVOC11025	 0.0035
OVOC7910	 0.0000
OVOC8784	 0.0273
OVOC1021	 0.0094
OVOC11553	 0.0217
OVOC8267	 0.0047
OVOC7668	 0.0058
OVOC4340	 0.0000
OVOC4796	 0.0111
OVOC8375	 0.0000
OVOC10784	 0.0072
OVOC11742	 0.0000
OVOC4286	 0.0024
OVOC9145	 0.0029
OVOC1184	 0.0121
OVOC6486	 0.0074
OVOC4015	 0.0070
OVOC9015	 0.0044
OVOC208	 0.0113
OVOC5165	 0.0072
OVOC4940a	 0.0150
OVOC834	 0.0000
OVOC8771	 0.0019
OVOC762	 0.0062
OVOC40	 0.0046
OVOC6161	 0.0057
OVOC10195	 0.0220
OVOC9086	 0.0000
OVOC11101	 0.0172
OVOC4954	 0.0000
OVOC3477	 0.0000
OVOC461	 0.0212
OVOC10942	 0.0334
OVOC9494	 0.0081
OVOC4217	 0.0955
OVOC11426	 0.0000
OVOC1049	 0.0000
OVOC8226	 0.0054
OVOC982	 0.0000
OVOC237	 0.0288
OVOC6175	 0.0037
OVOC7806	 0.0057
OVOC6485	 0.0509
OVOC6882	 0.0000
OVOC7683	 0.0000
OVOC207	 0.0179
OVOC75	 0.0243
OVOC970a	 0.0080
OVOC6701	 0.0041
OVOC11788	 0.0000
OVOC4935	 0.0558
OVOC90	 0.0076
OVOC2697	 0.0388
OVOC8860	 0.1076
OVOC5079	 0.0050
OVOC8463	 0.0187
OVOC1122	 0.0000
OVOC7856	 0.0091
OVOC7868	 0.0062
OVOC8058	 0.0000
OVOC11449	 0.0102
OVOC2738	 0.0053
OVOC5382	 0.0108
OVOC7729	 0.0093
OVOC4534	 0.0064
OVOC6823	 0.0024
OVOC12225	 0.0116
OVOC3222	 0.0308
OVOC11567	 0.0055
OVOC4450	 0.0033
OVOC1045	 0.0043
OVOC1831	 0.0038
OVOC11383	 0.0000
OVOC1214	 0.0000
OVOC5353	 0.0050
OVOC1396	 0.0000
OVOC2688	 0.0063
OVOC9016	 0.0036
OVOC5166	 0.0125
OVOC11334	 0.0054
OVOC11916	 0.0070
OVOC8288	 0.0049
OVOC5151	 0.0017
OVOC8693	 0.0080
OVOC11117	 0.0001
OVOC11368	 0.0076
OVOC6711	 0.0311
OVOC4596	 0.0060
OVOC7487	 0.0115
OVOC1502	 0.0067
OVOC1263	 0.0414
OVOC2833	 0.0303
OVOC4702	 0.0043
OVOC8424	 0.0000
OVOC11587	 0.0000
OVOC1889	 0.0408
OVOC9501	 0.0000
OVOC10974	 0.0284
OVOC310	 0.0064
OVOC5397	 0.0115
OVOC1764	 0.0054
OVOC12151	 0.1070
OVOC3606	 0.0774
OVOC3290	 0.0231
OVOC5391	 0.0284
OVOC10377	 0.0160
OVOC11698	 0.0000
OVOC2789	 0.0000
OVOC3324	 0.0138
OVOC11841	 0.0257
OVOC5201	 0.0039
OVOC9007	 0.0000
OVOC482	 0.0528
OVOC10479	 0.0167
OVOC6434	 0.0253
OVOC7122	 0.0108
OVOC12481	 0.0530
OVOC5824	 0.0053
OVOC10855	 0.0227
OVOC431	 0.0000
OVOC1286	 0.0165
OVOC6653	 0.0020
OVOC5052	 0.0046
OVOC3251	 0.0128
OVOC1597	 0.0090
OVOC6036	 0.0506
OVOC6014	 0.0061
OVOC5183	 0.0019
OVOC10644	 0.0044
OVOC12007	 0.0056
OVOC8575	 0.0000
OVOC7870	 0.0000
OVOC8514	 0.0025
OVOC2293	 0.0000
OVOC3839	 0.0385
OVOC11408	 0.0085
OVOC7936	 0.0236
OVOC7631	 0.0281
OVOC3389	 0.0283
OVOC11028a	 0.0000
OVOC8884	 0.0000
OVOC4641	 0.0059
OVOC269	 0.0000
OVOC11066	 0.0943
OVOC2626	 0.0070
OVOC6694	 0.0055
OVOC11115	 0.0000
OVOC11269	 0.0080
OVOC5385	 0.0042
OVOC11931	 0.0002
OVOC5015	 0.0182
OVOC3701	 0.0049
OVOC1132	 0.0000
OVOC11848	 0.0059
OVOC7513	 0.0649
OVOC438	 0.0044
OVOC13	 0.0158
OVOC10673	 0.0030
OVOC9202	 0.0036
OVOC9825	 0.0654
OVOC8914	 0.0000
OVOC11685	 0.0213
OVOC10848	 0.0070
OVOC9308	 0.0084
OVOC2482	 0.0000
OVOC3926	 0.0096
OVOC11588	 0.0084
OVOC6542	 0.0068
OVOC8872	 0.0180
OVOC1127	 0.0063
OVOC7529	 0.0000
OVOC9901	 0.0172
OVOC10668	 0.0000
OVOC9834	 0.0563
OVOC8632	 0.0056
OVOC8223	 0.0102
OVOC6401	 0.0062
OVOC11003	 0.0043
OVOC2919	 0.0375
OVOC1069	 0.0000
OVOC8343	 0.0000
OVOC443	 0.0029
OVOC3630	 0.0000
OVOC10459	 0.0023
OVOC1663	 0.0102
OVOC7532	 0.0207
OVOC9014	 0.0170
OVOC9851	 0.0000
OVOC794	 0.0000
OVOC11537	 0.0064
OVOC6411	 0.1117
OVOC12083	 0.0377
OVOC1587	 0.0000
OVOC3946	 0.0043
OVOC2275	 0.0052
OVOC10831	 0.0063
OVOC2006	 0.0013
OVOC7548	 0.0000
OVOC3057	 0.0060
OVOC7138	 0.0225
OVOC4664	 0.0023
OVOC8565	 0.0051
OVOC2653	 0.0061
OVOC6518	 0.0072
OVOC2963	 0.0759
OVOC11825	 0.0193
OVOC10976	 0.0024
OVOC11227	 0.0001
OVOC1064a	 0.0000
OVOC11416	 0.0149
OVOC6944	 0.0000
OVOC4539	 0.0341
OVOC11278	 0.0470
OVOC11807	 0.0019
OVOC669	 0.0000
OVOC689	 0.0036
OVOC1178	 0.0761
OVOC5943	 0.0000
OVOC511	 0.0023
OVOC9529	 0.0069
OVOC10911	 0.0000
OVOC11705	 0.0354
OVOC4240	 0.0063
OVOC9304	 0.0092
OVOC2762	 0.0423
OVOC3676	 0.0000
OVOC6040	 0.0788
OVOC7926	 0.0000
OVOC12121	 0.0000
OVOC4989	 0.0049
OVOC1352	 0.0126
OVOC1058	 0.0000
OVOC3780	 0.0207
OVOC10545	 0.0052
OVOC6350	 0.0023
OVOC10553	 0.0058
OVOC7996	 0.0116
OVOC2405	 0.0068
OVOC7686	 0.0070
OVOC5517	 0.0118
OVOC8858	 0.0054
OVOC10745	 0.0073
OVOC988	 0.0429
OVOC623	 0.0096
OVOC5187	 0.0044
OVOC1060	 0.0043
OVOC8318	 0.0216
OVOC2220	 0.0000
OVOC10404	 0.0056
OVOC572	 0.0047
OVOC1004	 0.0021
OVOC3567	 0.0094
OVOC2539	 0.0018
OVOC772	 0.0000
OVOC5251	 0.0048
OVOC2088	82.5454
OVOC10985	 0.0040
OVOC10808a	 0.0112
OVOC9725	 0.0000
OVOC3834	 0.0064
OVOC2378	 0.0061
OVOC5888	 0.0039
OVOC4797	 0.0042
OVOC10157	 0.0065
OVOC1872	 0.0084
OVOC233	 0.0218
OVOC11036	 0.0049
OVOC11046	 0.0452
OVOC9462	 0.0249
OVOC6283	 0.0001
OVOC11774	 0.0087
OVOC8989	 0.0141
OVOC9642	 0.0046
OVOC4668	 0.0235
OVOC5833	 0.0088
OVOC68	 0.0177
OVOC6304	 0.0080
OVOC5104	 0.0045
OVOC8287	 0.0138
OVOC159	 0.0000
OVOC10870	 0.0000
OVOC668	 0.0000
OVOC7939	 0.0102
OVOC6600	 0.0071
OVOC2962	 0.0000
OVOC3672	 0.0000
OVOC8869	 0.0054
OVOC5730	 0.0102
OVOC1669	 0.0116
OVOC5057	 0.0035
OVOC10346	 0.1017
OVOC5942	 0.0032
OVOC6847	 0.0000
OVOC977	 0.0023
OVOC8014	 0.0052
OVOC4199	 0.0034
OVOC911	 0.0080
OVOC2776	 0.0436
OVOC6511	 0.0000
OVOC2154	 0.0038
OVOC10519	 0.0030
OVOC11057	 0.0130
OVOC7527	 0.0000
OVOC2819b	 0.0486
OVOC777	 0.0000
OVOC738	 0.0100
OVOC9753	 0.0069
OVOC8582	 0.0103
OVOC6341	 0.0021
OVOC1493	 0.0000
OVOC5693	 0.0055
OVOC133	 0.0041
OVOC5887	 0.0000
OVOC5019	 0.0052
OVOC9004	 0.0178
OVOC5018	 0.0148
OVOC11586	 0.0000
OVOC5200	 0.0176
OVOC2524	 0.0019
OVOC7286	 0.0128
OVOC10857	 0.0150
OVOC6034	 0.0199
OVOC6561	 0.0246
OVOC987	 0.0011
OVOC8587	 0.0040
OVOC6345	 0.0522
OVOC13440	 0.0324
OVOC7922	 0.0000
OVOC8659	 0.0000
OVOC4072	 0.0183
OVOC1922	 0.0208
OVOC10889	 0.0061
OVOC7796	 0.0139
OVOC11031	 0.0146
OVOC10302	 0.0227
OVOC3353	 0.0188
OVOC7066	 0.0000
OVOC4950	 0.0083
OVOC7386	 0.0058
OVOC9798	 0.0047
OVOC7449	 0.0112
OVOC8008	 0.0181
OVOC291	 0.0024
OVOC4679	 0.0148
OVOC8095	 0.0050
OVOC3831	 0.0121
OVOC576	 0.0026
OVOC1560	 0.0500
OVOC468	 0.0096
OVOC6327	 0.0000
OVOC9755	 0.0181
OVOC2333	 0.0338
OVOC12113	 0.0129
OVOC3106	 0.0000
OVOC782	 0.0032
OVOC557	 0.0108
OVOC2188	 0.0131
OVOC11342	 0.1338
OVOC3543	 0.0075
OVOC9595	 0.0199
OVOC9685	 0.0070
OVOC4677	 0.0069
OVOC5365	 0.0023
OVOC2183	 0.0064
OVOC9966	 0.0000
OVOC10827	 0.0022
OVOC2531	 0.0078
OVOC84	 0.0141
OVOC6336	 0.0095
OVOC11881	 0.0126
OVOC536	 0.0000
OVOC10945	 0.0068
OVOC1143	 0.0081
OVOC7847	 0.0189
OVOC3866	 0.0600
OVOC2216	 0.0000
OVOC11907	 0.0091
OVOC6834	 0.0093
OVOC8092	 0.0119
OVOC6115	 0.0000
OVOC3238	 0.0086
OVOC3773	 0.0703
OVOC553	 0.0065
OVOC3446	 0.0050
OVOC3858	 0.0041
OVOC10231	 0.0089
OVOC8119	 0.0197
OVOC7373	 0.0000
OVOC4438	 0.0134
OVOC242	 0.1740
OVOC720	 0.0061
OVOC10342	 0.0743
OVOC4850	 0.0067
OVOC64	 0.0016
OVOC11753	 0.0403
OVOC272	 0.0035
OVOC5179	 0.0075
OVOC2952	 0.0025
OVOC8614	 0.0000
OVOC1594	 0.0121
OVOC8158	 0.0054
OVOC1112	 0.0037
OVOC225	 0.0081
OVOC1613	 0.0095
OVOC11531	 0.0032
OVOC11240	 0.0041
OVOC10267	 0.0180
OVOC4961	 0.0000
OVOC7179	 0.0097
OVOC2717	 0.0074
OVOC11704	 0.0000
OVOC11822	 0.0292
OVOC10027	 0.0092
OVOC9540	 0.0149
OVOC1155	 0.0167
OVOC963	 0.0102
OVOC1487	 0.0046
OVOC10990	 0.0079
OVOC4758	 0.0019
OVOC10890	 0.0248
OVOC8258	 0.0066
OVOC9720	 0.0702
OVOC8365	 0.0000
OVOC96	 0.0047
OVOC4344	 0.0113
OVOC10029	 0.0173
OVOC6515	 0.0082
OVOC4723	 0.0016
OVOC6138	 0.0050
OVOC3419	 0.0100
OVOC11486	 0.0333
OVOC6432	 0.0300
OVOC9013	 0.0000
OVOC1475	 0.0077
OVOC7829	 0.0330
OVOC10228	 0.0088
OVOC10140	 0.0023
OVOC82	 0.0261
OVOC11569	 0.0309
OVOC7032	 0.0197
OVOC12145	 0.0001
OVOC5796	 0.0033
OVOC10526	 0.0209
OVOC9020	 0.0041
OVOC7340	 0.0065
OVOC11114	 0.0210
OVOC9954	 0.0016
OVOC2493	 0.0124
OVOC6608	 0.0040
OVOC280	 0.0086
OVOC3782	 0.0112
OVOC6042	 0.0281
OVOC12217	 0.0163
OVOC5904	 0.0223
OVOC722	 0.0073
OVOC10806	 0.0059
OVOC5037	 0.0049
OVOC846	 0.0015
OVOC8580	 0.0616
OVOC7218	 0.0044
OVOC703	 0.0308
OVOC1360	 0.0063
OVOC8966	 0.0095
OVOC151	 0.0000
OVOC9836	 0.0158
OVOC11123	 0.0097
OVOC10783	 0.0406
OVOC2460	 0.0000
OVOC8399	 0.0046
OVOC5396	 0.0044
OVOC1406	 0.0245
OVOC6682	 0.0090
OVOC1568	 0.0095
OVOC3160	 0.0000
OVOC4114	 0.0059
OVOC9399	 0.0051
OVOC341	 0.0065
OVOC8173	 0.0111
OVOC3346	 0.0396
OVOC10862	 0.0203
OVOC8832	 0.0178
OVOC7445	 0.0100
OVOC7625	 0.0083
OVOC9615	 0.0012
OVOC3745	 0.0058
OVOC1846	 0.0099
OVOC5124	 0.0000
OVOC10281	 0.0000
OVOC9415	 0.0290
OVOC10167	 0.0000
OVOC9238	 0.0028
OVOC3017	 0.0269
OVOC3216	 0.0212
OVOC7812	 0.0093
OVOC3686	 0.0094
OVOC4223	 0.0000
OVOC4191	 0.0079
OVOC10904	 0.0000
OVOC3710	 0.0029
OVOC246	 0.0085
OVOC3272	 0.0285
OVOC9588	 0.0039
OVOC2218	 0.0000
OVOC2794	 0.0761
OVOC8511	 0.0083
OVOC2051	 0.0141
OVOC10711	 0.0039
OVOC17	 0.0063
OVOC9739	 0.0110
OVOC7916	 0.0000
OVOC9172	 0.0146
OVOC2190	 0.0000
OVOC9648	 0.0000
OVOC5981	 0.0278
OVOC8168	 0.0099
OVOC10751	 0.0061
OVOC430	 0.0069
OVOC10647	 0.0058
OVOC7928	 0.0000
OVOC8489	 0.0000
OVOC10415	 0.0026
OVOC5979	 0.0000
OVOC2146	 0.0391
OVOC4756	 0.0090
OVOC11381	 0.0130
OVOC7307	 0.0222
OVOC4614	 0.1031
OVOC1093	 0.0037
OVOC1664	 0.0000
OVOC5777	 0.0160
OVOC8154	 0.0012
OVOC1075	 0.0031
