buscoID	query_chr	position	assigned_chr
0at6231	IV	69526123.0	D
6at6231	V	15670959.5	E
7at6231	III	41640522.5	C
9at6231	III	102983567.0	C
18at6231	I	84791529.0	A
19at6231	V	62808923.5	E
22at6231	I	98222087.5	A
23at6231	III	76408498.5	C
25at6231	X	79701762.0	X
28at6231	III	63921036.0	C
29at6231	IV	50259877.5	D
35at6231	V	30207625.5	E
39at6231	II	56333961.0	N
40at6231	I	36412857.0	E
43at6231	I	1840561.0	A
48at6231	I	85546294.0	A
55at6231	III	37056849.5	C
57at6231	I	49662488.0	A
60at6231	IV	106286885.0	D
63at6231	IV	18594293.5	D
65at6231	II	109653334.5	B
67at6231	X	25236281.5	X
68at6231	I	63289028.5	A
72at6231	III	9435185.0	C
74at6231	I	44243159.0	A
76at6231	I	7225445.0	A
86at6231	X	35346173.0	X
88at6231	V	63232066.5	E
91at6231	IV	104553372.5	D
92at6231	III	94712256.5	C
96at6231	IV	26048110.5	D
100at6231	II	69416274.5	B
101at6231	X	61935757.5	N
107at6231	II	7278406.0	B
117at6231	I	45083649.5	A
119at6231	III	73653152.0	C
121at6231	I	13586087.5	A
125at6231	V	17565043.5	E
131at6231	II	912681.5	B
132at6231	III	6417663.5	C
137at6231	III	16334168.5	C
144at6231	IV	82887700.5	N
146at6231	II	4027452.0	B
147at6231	X	83579213.5	N
149at6231	II	7952352.5	B
151at6231	III	29627068.0	C
152at6231	II	19522298.5	B
161at6231	II	38717910.5	B
165at6231	IV	113168515.0	X
166at6231	III	12755730.0	C
170at6231	IV	38333735.5	D
172at6231	IV	100433713.5	D
175at6231	I	68178956.5	A
185at6231	III	6738116.0	C
189at6231	X	70492239.5	N
190at6231	II	24422203.0	B
194at6231	IV	72338540.5	D
196at6231	III	15933346.5	C
197at6231	II	58936539.5	B
198at6231	X	61586540.0	N
201at6231	II	42758142.5	B
210at6231	III	70648878.0	C
211at6231	III	97862894.0	C
216at6231	I	2540364.5	A
217at6231	V	47346604.5	E
219at6231	II	1200188.0	B
232at6231	X	71160022.5	N
233at6231	IV	72430133.0	D
238at6231	I	72489525.5	A
243at6231	IV	15352766.0	D
252at6231	X	21381906.0	X
255at6231	III	55367564.0	C
265at6231	III	25151567.5	C
271at6231	I	86070896.5	A
286at6231	V	41596813.5	E
287at6231	V	105038288.0	E
288at6231	I	11650237.0	A
293at6231	III	48627200.0	C
294at6231	I	1757526.0	A
299at6231	III	17486620.5	C
300at6231	III	54718141.0	C
301at6231	IV	96346977.0	D
302at6231	II	65632578.5	B
318at6231	I	95112725.0	A
319at6231	II	24066003.0	B
322at6231	X	88750284.0	N
323at6231	IV	34982559.5	D
327at6231	I	44025391.5	A
333at6231	I	92902580.5	A
344at6231	IV	81844924.5	D
350at6231	IV	67155274.5	D
364at6231	IV	109919284.5	D
366at6231	I	11794848.5	A
369at6231	IV	112487695.0	D
375at6231	X	69491406.0	N
382at6231	II	19972718.5	B
384at6231	II	40908450.5	B
390at6231	II	74264764.5	B
394at6231	X	80082875.5	N
401at6231	V	36878525.0	E
402at6231	X	89604773.5	N
405at6231	II	89361916.5	B
411at6231	I	98625518.5	A
416at6231	V	46998505.5	E
420at6231	V	72500610.0	E
421at6231	X	28803599.5	X
423at6231	III	94552785.5	C
425at6231	IV	108233126.0	D
428at6231	III	40812659.5	C
430at6231	I	71145409.5	A
435at6231	III	42634049.5	C
438at6231	X	42400749.5	N
446at6231	II	61195906.5	B
450at6231	II	38375085.0	B
451at6231	III	110287449.5	C
452at6231	IV	98619170.0	D
454at6231	V	100059641.0	E
455at6231	V	94739789.0	E
461at6231	III	75663260.0	C
462at6231	I	7691931.0	A
473at6231	V	47906072.0	E
482at6231	V	48757975.5	E
484at6231	I	64933789.5	A
487at6231	V	81621279.0	E
488at6231	I	76426360.5	A
489at6231	I	45558020.5	A
490at6231	V	59442143.0	E
493at6231	X	9210706.0	X
494at6231	II	67456893.5	B
495at6231	IV	24992615.0	D
503at6231	I	70369386.5	A
509at6231	I	61129295.5	A
516at6231	IV	36858803.0	N
518at6231	III	34925504.5	C
522at6231	I	42861953.0	A
523at6231	I	9469749.5	A
527at6231	III	109796425.0	C
529at6231	III	74876558.5	C
531at6231	I	62189670.5	A
532at6231	I	50591824.0	A
536at6231	II	93355548.5	B
537at6231	II	16855337.5	B
538at6231	III	104335822.5	C
544at6231	V	50401534.5	E
547at6231	V	70575881.0	E
548at6231	I	36107174.5	A
551at6231	II	64403409.5	B
562at6231	I	9492039.0	A
563at6231	X	15529262.0	X
572at6231	II	61382310.0	B
581at6231	I	9145875.5	A
585at6231	II	63375458.5	B
590at6231	I	65199473.0	A
593at6231	II	66328156.0	B
594at6231	I	47456617.0	A
597at6231	III	18216607.0	C
600at6231	X	22526583.5	X
604at6231	II	76975089.5	B
606at6231	V	90305209.0	E
613at6231	I	172913.5	A
620at6231	III	42382860.0	C
625at6231	X	23109972.0	X
627at6231	II	110917111.0	B
629at6231	III	104083019.0	C
632at6231	III	87125954.5	C
635at6231	IV	27582348.0	D
638at6231	IV	113808363.5	D
639at6231	III	49987139.5	C
641at6231	IV	68181020.0	D
642at6231	V	46286138.5	E
644at6231	I	845199.0	A
645at6231	II	80765914.5	B
646at6231	I	29566673.5	A
650at6231	II	69616826.5	B
651at6231	X	80971172.0	N
655at6231	II	70169136.5	B
657at6231	II	43516846.5	B
665at6231	I	32272439.0	A
675at6231	I	82283601.5	A
683at6231	V	62962990.5	E
700at6231	III	36465396.5	C
701at6231	V	19835952.0	E
702at6231	II	90097873.5	B
704at6231	V	36677387.0	N
710at6231	II	23593363.5	B
716at6231	III	87431223.5	C
718at6231	X	65603340.5	N
721at6231	I	101285710.5	A
722at6231	III	52932878.0	C
724at6231	III	24836574.0	C
725at6231	I	22730489.5	N
728at6231	IV	52358320.0	D
734at6231	III	81476143.0	C
735at6231	X	89542532.5	N
741at6231	III	99602020.5	C
747at6231	III	84976428.0	C
751at6231	II	9535735.5	B
753at6231	II	75406820.0	B
754at6231	II	43020499.0	B
755at6231	X	1805647.0	X
759at6231	IV	41633465.5	D
765at6231	II	79313671.0	B
772at6231	II	28596619.5	B
774at6231	II	34524777.5	B
780at6231	II	6458187.0	B
781at6231	X	4306223.5	X
782at6231	III	52984773.0	C
785at6231	III	2658869.0	C
786at6231	IV	106100067.0	D
787at6231	V	52634327.5	E
790at6231	X	828675.0	X
792at6231	III	81154637.5	C
794at6231	II	87837975.0	B
798at6231	I	290413.5	A
800at6231	II	90029035.0	B
801at6231	X	90524072.5	N
802at6231	X	17196554.5	N
810at6231	II	63630147.5	B
813at6231	II	29451031.5	B
814at6231	X	83841644.0	N
815at6231	III	52834882.0	C
821at6231	III	86417112.5	C
825at6231	II	79205565.0	B
837at6231	X	33169075.0	X
838at6231	III	103371210.5	C
842at6231	III	28862518.0	C
844at6231	IV	110073259.0	D
849at6231	I	76007039.5	A
851at6231	IV	99901589.0	D
853at6231	I	76814065.0	A
857at6231	V	17115503.0	E
860at6231	III	85065675.5	C
868at6231	V	3298012.0	E
869at6231	III	57129251.5	C
875at6231	IV	89004185.0	D
876at6231	X	71747413.5	N
881at6231	I	66304090.0	A
885at6231	V	97500657.0	E
890at6231	V	90559757.5	E
899at6231	I	101670587.5	A
904at6231	V	3151189.0	X
912at6231	V	68529571.0	E
914at6231	II	79913575.5	B
915at6231	I	94787984.5	A
916at6231	II	109393651.0	B
917at6231	V	51869724.0	E
918at6231	I	61216081.0	A
920at6231	II	79296804.5	B
921at6231	IV	87492672.5	D
922at6231	IV	65338078.5	D
925at6231	III	26799415.5	C
933at6231	X	86896265.0	N
934at6231	IV	23317477.0	D
937at6231	I	74027509.5	A
951at6231	III	60831865.5	C
952at6231	III	75482866.0	N
957at6231	II	103374019.5	B
958at6231	II	76911292.0	B
962at6231	I	24890391.0	A
963at6231	III	109321266.0	C
969at6231	I	38373627.0	A
975at6231	II	23014424.5	B
984at6231	X	43752249.0	N
987at6231	II	73796834.5	C
989at6231	II	98437478.0	B
990at6231	I	37908001.0	A
993at6231	V	51816839.5	E
994at6231	X	30773220.0	X
995at6231	V	101220579.5	E
997at6231	II	2309655.0	B
998at6231	I	68352526.5	X
1003at6231	II	25474671.0	B
1013at6231	X	72646174.0	N
1014at6231	V	90012502.0	E
1017at6231	III	77503961.0	C
1018at6231	III	5732465.5	C
1019at6231	IV	83628002.5	D
1024at6231	II	64369071.0	B
1032at6231	III	102625605.5	C
1033at6231	I	54678755.0	A
1035at6231	II	6355171.5	B
1037at6231	IV	59585062.5	D
1040at6231	II	77545300.5	B
1047at6231	III	100959271.5	C
1053at6231	I	64450338.0	A
1055at6231	III	87041374.0	C
1057at6231	IV	930462.5	D
1066at6231	X	26579627.0	N
1072at6231	IV	86150885.0	D
1073at6231	II	111634567.0	B
1082at6231	II	8648267.5	B
1083at6231	V	63572030.0	E
1086at6231	IV	47193499.5	D
1101at6231	I	77757900.0	A
1104at6231	II	92175306.0	B
1105at6231	III	37642891.0	C
1112at6231	V	1425116.5	E
1113at6231	I	27081895.5	A
1115at6231	III	56310341.5	C
1118at6231	III	102585434.0	C
1122at6231	IV	108294262.5	D
1123at6231	I	707033.5	N
1125at6231	V	18582924.0	E
1128at6231	V	33756182.5	E
1129at6231	IV	109487911.0	D
1131at6231	III	108775080.0	C
1133at6231	X	80150305.0	N
1134at6231	I	39789168.0	A
1135at6231	V	3663508.0	E
1138at6231	I	30864729.5	A
1142at6231	I	54911784.0	A
1144at6231	III	84896989.5	C
1147at6231	I	50466596.0	A
1148at6231	III	109671283.0	C
1150at6231	I	22388899.0	A
1152at6231	III	13880743.5	C
1155at6231	scaffold_463	6630.5	A
1158at6231	II	82435845.5	B
1159at6231	III	22095529.5	C
1160at6231	I	90542354.5	A
1169at6231	III	41308542.0	C
1173at6231	V	103830515.0	B
1174at6231	I	40045909.0	A
1177at6231	III	63646696.0	C
1179at6231	I	82559961.5	A
1180at6231	X	36035127.0	X
1182at6231	X	25941420.0	N
1187at6231	V	26241249.5	E
1193at6231	III	61700113.0	C
1196at6231	I	68414565.0	A
1199at6231	II	87452584.0	B
1200at6231	II	5505088.0	B
1202at6231	III	31788327.5	C
1205at6231	IV	65688385.5	D
1207at6231	V	69434252.5	E
1211at6231	I	69695137.5	A
1212at6231	III	78493164.5	C
1215at6231	V	14320456.5	E
1223at6231	IV	104267797.5	D
1228at6231	V	98894561.5	E
1233at6231	X	76058158.0	N
1235at6231	IV	34656699.0	D
1247at6231	II	40813984.5	B
1252at6231	I	102055890.0	A
1255at6231	III	49384215.0	C
1263at6231	I	46790826.0	A
1264at6231	IV	79052707.0	D
1266at6231	IV	21639122.0	D
1270at6231	I	20769359.5	A
1272at6231	III	73800366.5	C
1273at6231	V	69619946.0	E
1275at6231	I	81634898.0	A
1278at6231	II	77443503.5	B
1279at6231	X	2085821.5	X
1285at6231	X	51709531.0	X
1295at6231	I	65221707.0	A
1301at6231	I	75032292.0	A
1313at6231	V	69448054.5	E
1314at6231	II	61113684.0	B
1316at6231	III	74460439.5	C
1317at6231	V	23142637.5	E
1318at6231	II	108352666.0	B
1320at6231	V	38390143.0	E
1322at6231	I	70836821.0	A
1326at6231	IV	35259730.0	D
1327at6231	III	66436319.5	C
1328at6231	III	23342664.0	C
1332at6231	III	23191306.0	E
1344at6231	II	40072439.0	B
1349at6231	III	45846665.5	N
1350at6231	II	11485196.0	B
1352at6231	III	88159911.0	C
1358at6231	II	78422377.5	B
1360at6231	II	50316785.0	B
1361at6231	I	91580442.5	A
1362at6231	V	24501383.5	E
1366at6231	IV	45789871.0	D
1373at6231	I	42759078.5	A
1374at6231	II	96474063.0	B
1375at6231	I	55473037.5	A
1376at6231	III	84537458.5	E
1378at6231	III	56995095.5	C
1381at6231	I	2708687.5	A
1383at6231	I	6168402.5	A
1389at6231	I	100990463.5	A
1395at6231	II	104390948.5	B
1400at6231	V	10026281.5	E
1405at6231	I	92694202.0	A
1407at6231	I	35827242.5	N
1409at6231	IV	80260726.5	D
1411at6231	IV	1911452.0	D
1413at6231	I	101325373.5	A
1416at6231	V	83781380.5	E
1427at6231	I	87710672.0	A
1432at6231	I	1920574.0	N
1434at6231	III	41265016.5	C
1437at6231	I	54950360.5	A
1438at6231	I	78666529.0	A
1441at6231	III	71433878.0	C
1449at6231	III	76106982.5	C
1450at6231	X	5613227.0	X
1452at6231	I	42197778.5	A
1453at6231	I	82359528.0	A
1454at6231	III	3412865.0	C
1459at6231	V	20905900.5	E
1463at6231	V	47277120.5	E
1466at6231	I	22455016.5	A
1471at6231	V	58244096.5	E
1473at6231	I	47048963.0	A
1478at6231	V	69056610.0	E
1482at6231	III	20624833.0	C
1484at6231	III	43437574.5	A
1490at6231	X	76340188.5	X
1491at6231	IV	62693693.5	D
1492at6231	I	40343251.0	A
1495at6231	X	83025895.5	N
1498at6231	IV	26202686.5	D
1499at6231	I	61331435.0	A
1501at6231	III	64949246.0	N
1514at6231	IV	106466150.0	D
1517at6231	X	11493093.0	X
1518at6231	I	102179068.5	A
1519at6231	X	83246087.5	N
1533at6231	IV	64357743.0	D
1535at6231	IV	1862852.5	E
1537at6231	III	17174330.5	C
1541at6231	X	80761874.5	X
1543at6231	II	59883452.0	B
1548at6231	III	7045984.0	C
1551at6231	III	54968745.0	C
1552at6231	I	49240246.0	A
1556at6231	I	7639114.0	A
1571at6231	II	54281048.0	B
1572at6231	III	66599592.0	C
1574at6231	X	69329177.5	N
1576at6231	X	21274018.0	N
1587at6231	X	18081036.5	X
1588at6231	V	18880918.0	E
1592at6231	III	63673168.5	N
1594at6231	I	54014901.0	A
1596at6231	I	42810823.5	A
1601at6231	IV	74629010.0	D
1604at6231	V	56256613.0	E
1605at6231	V	41182493.0	E
1606at6231	I	93175559.0	A
1608at6231	II	11914818.0	B
1617at6231	II	29935686.5	B
1620at6231	I	2021951.0	A
1635at6231	III	63835243.0	C
1636at6231	X	7211953.0	X
1638at6231	IV	112336594.0	D
1641at6231	II	76744959.5	B
1643at6231	III	37832321.0	C
1645at6231	I	43432293.5	A
1647at6231	II	47088646.0	B
1649at6231	I	70325905.5	A
1653at6231	I	92054456.0	A
1656at6231	III	95683801.0	C
1663at6231	V	19517725.0	E
1666at6231	III	12100609.0	C
1669at6231	V	83811358.0	E
1670at6231	V	86616549.5	E
1671at6231	V	69321438.0	E
1673at6231	I	39727482.0	A
1682at6231	I	94007995.0	A
1683at6231	III	68276619.0	C
1686at6231	V	48656058.5	E
1687at6231	IV	568341.5	D
1691at6231	V	17760536.0	E
1698at6231	II	94720174.0	B
1699at6231	III	25845611.0	C
1702at6231	I	64820063.5	A
1704at6231	II	12052753.5	B
1705at6231	X	27250971.5	X
1706at6231	II	73436325.5	B
1712at6231	II	112027336.0	B
1713at6231	III	24929059.0	C
1715at6231	III	6099693.0	C
1739at6231	IV	37117927.5	D
1743at6231	X	83327713.5	N
1754at6231	I	97863796.0	A
1757at6231	I	6817252.0	A
1759at6231	II	45236307.5	B
1761at6231	II	97956687.5	B
1762at6231	V	56529182.0	E
1770at6231	V	8254427.0	E
1771at6231	IV	83085765.5	D
1778at6231	I	12377904.5	A
1780at6231	II	78784631.0	B
1785at6231	III	43703728.0	C
1801at6231	V	97475066.0	E
1821at6231	X	8224663.0	N
1822at6231	V	24081499.0	E
1823at6231	III	21858241.5	C
1827at6231	X	380121.5	X
1831at6231	I	2198091.5	A
1835at6231	X	38164864.0	X
1838at6231	V	55318465.0	E
1847at6231	IV	41999839.5	D
1849at6231	III	97004553.5	C
1852at6231	III	81789932.5	C
1856at6231	I	61603116.0	A
1865at6231	V	67118391.0	E
1870at6231	IV	64683368.0	D
1871at6231	I	17269144.5	A
1872at6231	III	71387325.0	C
1873at6231	V	37865054.5	X
1877at6231	III	46435761.5	C
1884at6231	X	76371521.5	X
1890at6231	V	8646284.0	E
1894at6231	IV	45941732.5	D
1895at6231	IV	67260020.5	D
1898at6231	III	10437362.0	C
1899at6231	I	72230204.5	A
1914at6231	II	11412696.0	B
1915at6231	III	56890673.5	C
1918at6231	IV	93229418.0	D
1931at6231	I	75926890.5	A
1963at6231	III	39795748.5	C
1964at6231	X	11105496.5	X
1966at6231	X	45917650.0	X
1968at6231	III	68292386.0	C
1971at6231	I	101129010.0	A
1974at6231	X	14212069.0	X
1978at6231	I	53675044.0	A
1979at6231	I	94893247.5	A
1980at6231	I	51595052.5	A
1991at6231	X	72948187.5	N
1998at6231	III	38412642.5	C
2000at6231	III	38389575.5	C
2008at6231	I	85587293.0	N
2012at6231	I	101556486.0	A
2014at6231	II	197183.0	B
2018at6231	V	68849674.5	E
2021at6231	V	87213775.0	E
2022at6231	X	69548.5	X
2023at6231	I	6232201.0	A
2028at6231	II	12146496.5	B
2032at6231	I	38774530.0	A
2035at6231	I	68856300.0	A
2038at6231	V	99547529.0	E
2041at6231	I	100539551.0	A
2042at6231	II	102437882.5	B
2052at6231	III	37381115.0	C
2058at6231	III	90972746.0	C
2064at6231	I	61617753.5	A
2072at6231	I	100073208.5	A
2073at6231	I	68811684.5	A
2075at6231	V	54125811.0	E
2077at6231	V	53292083.0	E
2080at6231	II	18386067.0	B
2089at6231	II	97652508.0	B
2096at6231	III	84914771.0	C
2099at6231	III	8167691.5	C
2100at6231	X	27202968.5	X
2102at6231	II	81226721.5	B
2103at6231	II	20881933.0	B
2105at6231	III	91821308.0	C
2107at6231	III	9118640.0	C
2114at6231	V	9970615.5	E
2115at6231	X	80909817.0	X
2119at6231	X	6485798.5	X
2120at6231	III	103109387.5	C
2125at6231	I	2244936.0	N
2128at6231	V	86003451.0	E
2131at6231	V	22273196.0	E
2132at6231	V	35142498.0	E
2137at6231	V	78535601.5	E
2152at6231	V	63903000.5	E
2159at6231	X	5778639.5	N
2164at6231	II	71698535.5	B
2170at6231	III	23271425.0	C
2173at6231	II	77473837.0	B
2178at6231	III	81979862.5	C
2181at6231	IV	106426924.0	D
2182at6231	I	68670068.0	A
2185at6231	X	11720796.5	X
2198at6231	III	71041449.0	C
2202at6231	IV	56850710.0	D
2204at6231	IV	48922419.0	D
2206at6231	IV	98821330.5	N
2208at6231	X	22085863.0	X
2211at6231	IV	106821286.5	D
2213at6231	I	67094984.0	A
2228at6231	I	95850859.5	A
2229at6231	I	95041952.0	A
2232at6231	I	69245105.0	A
2236at6231	V	25304529.0	E
2240at6231	I	83874134.0	A
2247at6231	X	54521078.5	N
2251at6231	X	14035796.5	X
2263at6231	IV	26022984.5	D
2267at6231	I	85233762.5	A
2268at6231	IV	34177605.0	D
2270at6231	IV	41651041.5	D
2274at6231	V	6697038.0	E
2277at6231	II	3061074.0	B
2279at6231	III	101541948.0	C
2281at6231	II	8614391.0	B
2286at6231	III	102112737.5	C
2295at6231	I	52667888.0	N
2299at6231	I	84501136.0	A
2301at6231	II	33946752.0	B
2302at6231	X	81332807.0	N
2304at6231	III	196370.0	C
2308at6231	X	44485464.0	N
2311at6231	I	41862911.5	A
2312at6231	III	69770639.0	C
2313at6231	IV	21852686.0	D
2321at6231	V	105986133.5	E
2324at6231	III	83073579.0	C
2327at6231	X	81264274.0	N
2329at6231	III	94418401.0	C
2332at6231	I	83817499.0	A
2338at6231	IV	64384845.0	D
2339at6231	I	101740494.0	A
2342at6231	I	60906323.5	A
2345at6231	X	76237872.5	X
2351at6231	I	50781697.5	A
2353at6231	I	75448154.0	A
2357at6231	V	37756495.0	E
2367at6231	III	63466981.0	C
2368at6231	V	86898648.5	E
2370at6231	I	529692.0	N
2380at6231	III	70449534.5	C
2383at6231	II	77517234.0	B
2384at6231	III	103389080.5	C
2387at6231	II	55806904.0	B
2390at6231	I	14676727.5	A
2393at6231	IV	69606005.5	D
2401at6231	II	80358287.0	B
2403at6231	X	70621102.5	N
2408at6231	II	82366330.0	B
2409at6231	I	100286446.0	A
2410at6231	I	2827776.5	A
2415at6231	I	46194448.0	A
2418at6231	I	71740311.0	A
2420at6231	II	4157548.0	B
2422at6231	I	23880037.0	A
2426at6231	III	93115814.0	C
2427at6231	X	89751204.0	N
2430at6231	V	69413055.5	E
2431at6231	V	68026795.0	E
2436at6231	III	81134665.0	C
2437at6231	II	95858145.5	B
2441at6231	II	88131442.5	B
2454at6231	IV	99135103.5	D
2460at6231	V	56726096.0	E
2464at6231	V	71161075.5	E
2467at6231	V	10331170.0	N
2469at6231	II	35551919.5	B
2474at6231	X	19354189.0	X
2475at6231	V	104345588.5	E
2478at6231	III	60280355.5	C
2494at6231	I	39613823.0	A
2495at6231	III	29457811.5	C
2498at6231	I	67211425.5	A
2515at6231	III	83335746.0	C
2516at6231	III	12159411.5	C
2523at6231	I	100091475.0	A
2524at6231	I	65327170.5	A
2527at6231	IV	68871781.5	D
2531at6231	III	29310914.0	C
2544at6231	V	56342706.0	E
2557at6231	II	59078484.0	B
2562at6231	V	16772767.0	E
2565at6231	V	24691093.0	E
2568at6231	X	76292279.0	X
2569at6231	X	78535880.0	N
2573at6231	III	95070421.0	C
2574at6231	X	9147956.5	X
2581at6231	V	19642996.0	E
2595at6231	III	33267878.5	C
2605at6231	X	35827563.0	X
2611at6231	III	72276252.0	C
2614at6231	II	29989554.0	B
2618at6231	I	97197934.5	A
2622at6231	IV	104965713.0	D
2629at6231	I	60671308.5	A
2635at6231	V	105804001.0	E
2643at6231	II	42975197.0	B
2649at6231	II	86785197.0	B
2652at6231	I	63009871.0	A
2653at6231	II	76597104.5	N
2660at6231	II	4524931.0	N
2668at6231	III	72411680.5	C
2678at6231	III	12654094.0	C
2687at6231	X	89787975.0	N
2707at6231	IV	74657113.5	D
2712at6231	II	28719827.5	B
2714at6231	V	96177153.0	E
2725at6231	III	67959764.5	C
2732at6231	III	12719339.5	C
2754at6231	I	83621841.0	A
2756at6231	I	100470141.5	A
2757at6231	I	865092.0	A
2760at6231	I	82857452.5	A
2761at6231	II	4424995.0	B
2764at6231	II	101961514.5	B
2765at6231	X	63643917.0	N
2769at6231	V	55262347.5	E
2773at6231	V	79874100.5	E
2774at6231	III	31509218.0	N
2778at6231	I	50895130.5	A
2786at6231	V	88586045.5	E
2795at6231	I	77782823.0	A
2805at6231	IV	69037076.0	D
2815at6231	I	72877626.0	A
2817at6231	III	87677780.0	C
2833at6231	V	61940564.0	E
2844at6231	X	19691453.0	X
2845at6231	III	35177738.5	C
2847at6231	V	51075465.5	E
2848at6231	V	105576170.5	E
2858at6231	II	91566706.0	B
2862at6231	II	106329078.0	B
2865at6231	III	2191147.0	C
2875at6231	V	57191182.5	E
2885at6231	IV	72485290.5	D
2890at6231	IV	87692263.5	D
2891at6231	I	94851542.5	A
2893at6231	I	81865537.0	A
2900at6231	IV	25967986.0	D
2906at6231	II	42474670.5	N
2927at6231	III	71419354.5	C
2931at6231	V	46368327.0	E
2942at6231	V	36664197.0	E
2943at6231	IV	104145760.5	D
2946at6231	I	10407535.0	A
2948at6231	I	80472922.0	A
2950at6231	V	70475078.0	E
2951at6231	I	2750392.5	A
2956at6231	X	66555781.5	N
2957at6231	V	57213607.0	E
2962at6231	I	12849926.0	N
2966at6231	I	25018324.0	A
2970at6231	IV	77014340.5	D
2972at6231	V	78372297.0	E
2982at6231	V	53310531.0	E
2990at6231	X	81193326.5	N
2992at6231	V	18691376.0	E
2999at6231	I	9210443.5	A
3012at6231	I	65071891.0	A
3014at6231	IV	44260002.0	D
3024at6231	X	75399177.0	N
3031at6231	I	12041329.0	C
3035at6231	III	14830199.0	C
3037at6231	X	76925984.0	X
3039at6231	I	97252658.5	A
3045at6231	X	16233837.0	N
3051at6231	III	74693891.0	C
3059at6231	II	66578600.5	B
3060at6231	V	43669819.5	E
3063at6231	III	34869007.5	C
3070at6231	I	9557392.0	A
3074at6231	V	75554022.0	E
3077at6231	I	80203592.0	A
3084at6231	III	49310678.5	C
3089at6231	V	657010.5	E
3091at6231	X	19333239.0	X
3103at6231	X	35840487.5	X
3112at6231	III	73359711.0	C
3125at6231	I	49065818.5	A
3129at6231	II	20132858.0	B
3156at6231	II	98271590.5	B
3157at6231	I	70822290.5	A
3167at6231	II	23508081.0	B
3176at6231	IV	31744071.5	D
3182at6231	II	75193527.0	B
3183at6231	V	72764129.0	E
3191at6231	X	6685178.0	X
3193at6231	III	85582631.5	C
3196at6231	I	78958293.5	A
3209at6231	IV	60238166.5	D
3211at6231	II	68326215.0	B
3214at6231	II	80642312.0	B
3219at6231	I	75196588.5	A
3225at6231	V	39826385.0	E
3226at6231	II	59405609.5	B
3231at6231	III	53068594.0	C
3235at6231	I	63366807.0	A
3237at6231	IV	33418877.0	D
3251at6231	II	59126780.0	B
3254at6231	III	63998311.5	C
3259at6231	I	42556642.0	A
3260at6231	I	102231654.0	A
3276at6231	X	35765656.5	X
3281at6231	V	14023540.5	E
3292at6231	II	3259295.0	B
3293at6231	II	88626505.5	A
3295at6231	I	14317363.5	A
3304at6231	I	71038718.5	A
3308at6231	II	20039568.5	B
3312at6231	II	46487686.5	B
3317at6231	II	62202951.0	B
3321at6231	III	82718670.5	C
3324at6231	V	96195513.5	E
3325at6231	II	78615191.5	B
3326at6231	I	100518550.0	A
3331at6231	I	22868920.0	A
3340at6231	II	27592127.5	B
3347at6231	X	79292144.0	N
3349at6231	V	72095746.0	E
3350at6231	III	101463991.0	C
3360at6231	IV	37098635.0	D
3365at6231	II	25065251.0	B
3376at6231	I	49102586.0	A
3377at6231	III	59065287.5	C
3378at6231	I	37239079.5	A
3379at6231	I	37088228.5	A
3381at6231	I	20726856.5	A
3396at6231	III	105569889.5	C
3398at6231	V	93810713.0	E
3400at6231	III	34881630.0	C
3401at6231	V	93177552.0	B
3404at6231	X	49228501.5	X
3408at6231	X	69185535.5	N
3411at6231	V	102025138.5	A
3412at6231	II	17286385.0	B
3414at6231	III	25888488.5	C
3420at6231	I	90130090.0	A
3422at6231	III	33380576.5	C
3433at6231	I	4735277.5	A
3434at6231	X	90534468.0	N
3442at6231	X	23655748.5	X
3444at6231	III	10466399.0	C
3445at6231	IV	106494927.5	D
3452at6231	III	6615152.5	C
3464at6231	X	89408729.5	X
3476at6231	I	1337860.5	A
3480at6231	III	59750452.0	C
3486at6231	V	28504424.0	E
3493at6231	V	54283256.0	E
3496at6231	II	34279320.5	B
3504at6231	X	15917203.0	N
3509at6231	III	6572867.5	C
3520at6231	III	22860215.5	C
3523at6231	X	88769673.5	N
3524at6231	V	73902214.0	E
3534at6231	III	18871546.0	C
3545at6231	V	52612247.0	E
3547at6231	II	84031149.0	B
3548at6231	I	10337478.5	A
3550at6231	X	89063696.5	X
3552at6231	III	3879837.5	C
3553at6231	I	42532216.5	A
3558at6231	I	26689755.5	A
3561at6231	V	13335962.5	E
3572at6231	III	63958510.0	C
3583at6231	X	82030976.0	X
3584at6231	II	46000201.5	B
3585at6231	I	35877358.5	A
3587at6231	IV	85777138.0	D
3593at6231	IV	95102087.5	D
3596at6231	I	43968701.0	A
3601at6231	III	88750300.5	C
3609at6231	I	5777136.5	A
3612at6231	I	36735501.5	A
3629at6231	X	25640604.5	X
3630at6231	V	89032885.5	E
3635at6231	IV	21653344.5	B
3637at6231	I	16445439.0	A
3638at6231	IV	38180173.0	D
3640at6231	V	13970701.5	E
3642at6231	II	83938615.5	B
3644at6231	I	37420265.5	A
3659at6231	X_unloc_6	39328.5	N
3660at6231	I	99226079.5	A
3666at6231	V	76352022.0	E
3667at6231	III	106043854.0	C
3671at6231	I	54320987.5	A
3676at6231	I	65397705.0	A
3678at6231	I	75653211.0	A
3679at6231	X	1274219.0	X
3688at6231	IV	85956813.5	D
3696at6231	IV	75184761.5	D
3699at6231	I	68784419.0	A
3701at6231	III	95004384.0	C
3712at6231	I	90642548.0	A
3718at6231	II	104631189.5	B
3719at6231	IV	85911444.0	D
3723at6231	IV	31817486.0	D
3746at6231	X	86401413.0	X
3748at6231	II	7047265.5	B
3754at6231	III	35031491.5	X
3760at6231	III	3986998.5	C
3763at6231	III	55781215.5	C
3769at6231	III	60513340.0	C
3774at6231	III	109273224.5	C
3776at6231	III	29063469.5	C
3780at6231	III	99454903.5	C
3793at6231	I	41725084.0	A
3798at6231	V	83357569.0	E
3816at6231	I	16281644.5	A
3828at6231	IV	113508051.5	D
3830at6231	V	39068569.5	E
3836at6231	III	13026899.5	C
3842at6231	III	71047573.0	C
3843at6231	II	55774246.5	B
3845at6231	X	18609251.0	X
3850at6231	X	88287832.0	X
3852at6231	I	93088444.0	A
3853at6231	II	67528286.0	B
3857at6231	II	35495218.0	B
3863at6231	I	56613985.5	A
3869at6231	I	15317039.5	A
3871at6231	V	42482375.5	E
3879at6231	I	91190080.0	A
3880at6231	I	4886474.5	A
3887at6231	V	36793405.0	E
3894at6231	I	50883215.5	A
3903at6231	I	43198076.5	A
3907at6231	I	83954026.0	A
3908at6231	V	25354741.5	E
3919at6231	III	105987711.0	C
3927at6231	II	5465633.0	N
3929at6231	III	54897513.0	C
3931at6231	III	29522246.5	C
3935at6231	V	2703971.0	E
3947at6231	X	11743750.5	X
3952at6231	II	32755857.0	B
3954at6231	IV	25989252.0	D
3957at6231	IV	3624746.5	C
3960at6231	III	90997049.0	C
3963at6231	II	101866906.0	B
3968at6231	III	19883784.0	C
3969at6231	V	38589929.0	E
3976at6231	I	21422084.0	A
3992at6231	III	67222928.0	C
3995at6231	I	42275716.0	A
4001at6231	II	21623827.5	B
4008at6231	II	21218249.0	B
4013at6231	IV	47103445.5	D
4026at6231	II	108885854.0	B
4028at6231	II	102254438.0	B
4030at6231	IV	81385020.0	D
4046at6231	III	17689455.5	C
4050at6231	III	89719871.5	C
4054at6231	V	34059130.0	E
4063at6231	I	95393620.0	A
4069at6231	V	36822477.0	E
4071at6231	III	92805076.0	C
4072at6231	II	2265980.5	B
4075at6231	IV	49658083.5	D
4088at6231	III	12564845.0	C
4089at6231	IV	78982857.0	D
4093at6231	X	64957881.5	N
4098at6231	I	50228758.0	A
4104at6231	III	75694650.5	C
4106at6231	I	39853373.0	A
4120at6231	III	7100886.0	C
4128at6231	V	36192595.5	E
4130at6231	III	53222947.5	C
4137at6231	II	28330346.5	B
4147at6231	II	94623195.0	B
4150at6231	IV	78155551.0	D
4153at6231	III	75504001.0	C
4166at6231	I	32251289.5	A
4168at6231	I	11541633.5	A
4173at6231	I	26802236.0	A
4176at6231	IV	6106614.0	D
4178at6231	V	37650589.0	E
4181at6231	III	2082929.0	C
4182at6231	I	35715336.0	A
4192at6231	II	40182263.5	B
4202at6231	I	71029645.0	A
4208at6231	I	86357993.0	A
4211at6231	III	76139111.5	C
4213at6231	I	69473303.5	A
4226at6231	I	84290736.0	A
4230at6231	III	76170694.5	C
4231at6231	II	38587798.5	B
4237at6231	II	34313474.0	B
4238at6231	III	83757747.0	N
4242at6231	IV	88210751.5	D
4246at6231	I	17186970.0	A
4258at6231	I	82066272.5	A
4272at6231	IV	71162873.0	D
4277at6231	III	46084202.0	N
4282at6231	X	14066883.5	X
4285at6231	III	5245392.5	C
4296at6231	II	77235074.5	B
4301at6231	I	100441084.5	A
4303at6231	IV	51071003.0	D
4310at6231	I	68645675.0	A
4316at6231	III	109948588.0	C
4318at6231	III	2160812.0	C
4320at6231	IV	28149626.0	D
4337at6231	II	76417594.0	B
4338at6231	IV	74219030.0	N
4340at6231	X	87618054.0	N
4357at6231	V	62302130.0	E
4364at6231	III	100876577.5	C
4368at6231	IV	18102713.0	D
4389at6231	IV	45881458.5	D
4405at6231	IV	74194895.5	B
4407at6231	II	31298839.0	B
4412at6231	II	97140741.5	B
4422at6231	III	18603447.5	C
4424at6231	I	83371430.0	A
4444at6231	IV	24158145.5	D
4454at6231	II	221337.0	B
4458at6231	III	87884022.0	C
4461at6231	I	46715254.5	A
4468at6231	I	77660380.5	A
4469at6231	III	47721103.0	C
4483at6231	V	9087656.5	E
4487at6231	II	51659507.5	B
4498at6231	X	24480628.0	X
4499at6231	I	19860928.5	A
4504at6231	V	98496268.0	E
4509at6231	II	73353735.0	B
4512at6231	I	8547264.0	A
4516at6231	II	101946286.0	B
4519at6231	I	5929496.0	A
4521at6231	II	105685941.0	B
4525at6231	III	10917801.5	C
4526at6231	X	67236988.0	N
4532at6231	II	83237300.0	B
4536at6231	III	109294029.5	C
4539at6231	III	13517642.0	C
4548at6231	V	10204251.0	E
4549at6231	V	37831381.5	E
4551at6231	IV	86394976.5	D
4572at6231	IV	8279483.5	D
4580at6231	III	90550610.0	C
4585at6231	V	81915477.5	E
4586at6231	I	14557190.0	A
4588at6231	V	62241549.5	E
4593at6231	II	53538266.5	B
4597at6231	X	85827912.5	X
4598at6231	I	31082398.5	A
4602at6231	I	40004468.0	A
4611at6231	I	98693951.0	A
4612at6231	II	88814780.0	B
4621at6231	II	64018158.5	B
4622at6231	III	82459884.5	C
4635at6231	III	103349328.0	C
4639at6231	IV	102349913.5	D
4650at6231	II	77316823.0	B
4657at6231	I	92400915.5	A
4669at6231	X	81587004.5	X
4673at6231	IV	29650404.0	D
4680at6231	II	103062829.0	B
4690at6231	III	55430785.5	C
4692at6231	I	76205658.5	A
4702at6231	I	20822328.5	A
4703at6231	III	83393432.0	C
4722at6231	II	49272298.0	B
4726at6231	III	24814278.0	C
4731at6231	III	11195094.5	C
4735at6231	I	70811177.0	A
4750at6231	I	73920498.5	A
4752at6231	II	105143277.0	B
4757at6231	III	37803061.0	C
4760at6231	III	25132531.0	C
4763at6231	I	18132569.0	A
4766at6231	I	91869554.0	A
4771at6231	II	53573782.5	B
4777at6231	I	101784971.5	A
4779at6231	V	31792108.5	E
4780at6231	I	25638908.0	A
4786at6231	II	98405674.5	B
4793at6231	V	32380509.0	E
4794at6231	V	10183989.0	E
4799at6231	II	104824010.0	B
4802at6231	I	11597570.0	A
4811at6231	I	3278064.0	A
4815at6231	V	44879046.5	E
4816at6231	II	106040050.5	B
4825at6231	III	105668617.5	C
4826at6231	I	35671101.5	A
4834at6231	V	85609370.5	E
4839at6231	II	46561275.5	B
4848at6231	III	29617134.0	C
4856at6231	I	37108262.5	A
4861at6231	II	68387485.0	B
4863at6231	I	76794772.5	A
4869at6231	I	102081448.0	A
4873at6231	II	82403627.0	B
4877at6231	I	15582177.5	A
4881at6231	III	89684880.5	C
4883at6231	X	16886184.0	N
4887at6231	I	44323407.5	A
4895at6231	II	56591303.0	B
4900at6231	II	106719765.5	B
4903at6231	II	12848698.5	B
4905at6231	V	57596259.5	E
4906at6231	V	79937948.0	E
4919at6231	V	64678119.0	E
4925at6231	III	60382653.0	C
4932at6231	IV	99863364.0	D
4940at6231	III	64307921.0	C
4951at6231	V	88576532.0	E
4961at6231	II	46014612.0	B
4968at6231	V	87791147.0	E
4973at6231	V	324738.0	E
4977at6231	I	85316633.0	N
4978at6231	III	109303607.0	C
4982at6231	II	75358025.0	B
4988at6231	IV	112301174.0	D
4992at6231	II	61143323.0	B
4993at6231	I	70816244.0	A
5001at6231	II	54855055.5	B
5009at6231	IV	102364213.5	D
5013at6231	I	39773636.5	A
5016at6231	V	83349326.0	E
5017at6231	IV	68138704.5	D
5019at6231	V	69147528.0	E
5038at6231	III	82958931.5	C
5044at6231	III	47241199.5	C
5045at6231	V	94033936.5	E
5057at6231	X	67936896.0	N
5062at6231	III	100378652.5	C
5070at6231	I	40507169.5	A
5074at6231	III	109652359.5	C
5082at6231	I	59109119.0	A
5083at6231	III	32425534.0	C
5087at6231	III	69547065.5	C
5090at6231	I	74809334.0	A
5096at6231	II	108407822.0	B
5103at6231	IV	63789680.0	D
5117at6231	III	28111192.0	C
5131at6231	III	77486566.0	C
5132at6231	X	85296405.5	X
5135at6231	III	70269897.5	C
5142at6231	I	88272483.5	A
5147at6231	II	97791189.5	B
5158at6231	IV	112977394.0	N
5165at6231	X	87879772.0	N
5188at6231	V	46820472.5	E
5189at6231	III	98888109.5	C
5190at6231	IV	34947287.0	D
5191at6231	III	51287146.0	C
5198at6231	III	110060270.0	C
5199at6231	I	9434116.0	A
5207at6231	II	80963331.5	B
5208at6231	X	86865137.5	N
5240at6231	I	19419774.5	A
5248at6231	III	52951174.0	C
5251at6231	III	40680266.0	C
5268at6231	I	50861060.0	A
5275at6231	I	84000631.5	A
5276at6231	I	20458046.0	A
5280at6231	I	84362039.0	A
5283at6231	I	24550796.5	B
5289at6231	X	71459602.0	N
5290at6231	II	25118934.0	B
5294at6231	II	28316825.0	B
5298at6231	V	23727928.5	E
5299at6231	I	47198153.5	A
5306at6231	IV	77387538.5	D
5311at6231	I	632644.5	A
5318at6231	IV	46152312.5	D
5319at6231	V	3281460.0	E
5330at6231	I	2092677.0	A
5331at6231	III	88182098.5	C
5340at6231	III	82087475.0	C
5342at6231	IV	109001062.5	D
5344at6231	I	77578809.0	E
5347at6231	II	83945171.0	B
5357at6231	II	93433609.5	B
5363at6231	X	35630004.0	X
5364at6231	I	261566.5	A
5371at6231	X	76183176.5	N
5387at6231	III	44889602.0	C
5398at6231	V	63983814.5	E
5406at6231	II	21733315.5	B
5415at6231	II	97166386.5	B
5420at6231	III	96710046.5	C
5440at6231	II	87315410.0	B
5441at6231	X	90223166.0	N
5449at6231	V	37051912.5	E
5452at6231	II	65725141.5	B
5458at6231	III	17993992.5	C
5465at6231	IV	101405871.5	D
5466at6231	I	21441467.0	A
5469at6231	III	41593492.5	N
5470at6231	I	8306488.0	A
5480at6231	X	78934848.5	N
5481at6231	I	25670491.5	A
5482at6231	II	104402841.5	B
5484at6231	I	39594977.0	A
5488at6231	I	2860614.5	N
5490at6231	III	55743496.5	C
5499at6231	IV	39007509.5	D
5502at6231	X	83448625.5	N
5505at6231	I	86878299.5	A
5510at6231	V	47987170.5	E
5513at6231	X	77585047.5	N
5517at6231	III	25578004.0	C
5521at6231	I	7563808.0	A
5535at6231	III	54755416.5	C
5541at6231	III	21891777.0	C
5545at6231	II	75860243.0	B
5566at6231	I	95378842.0	A
5569at6231	II	20376769.0	B
5572at6231	IV	89183381.0	D
5574at6231	II	96414879.5	B
5576at6231	V	67509786.0	E
5585at6231	I	20793806.0	A
5598at6231	III	105153124.0	C
5608at6231	I	34631851.5	A
5611at6231	I	48890632.0	A
5614at6231	IV	55562670.5	D
5626at6231	III	96008992.5	C
5648at6231	III	81993482.0	C
5655at6231	I	53309149.0	A
5668at6231	III	90644469.0	C
5671at6231	III	1966977.0	C
5680at6231	V	20081299.5	E
5682at6231	II	103064388.5	B
5693at6231	IV	80678055.5	D
5694at6231	V	6734383.5	E
5707at6231	III	36809662.0	C
5714at6231	I	42795636.0	A
5715at6231	I	53719144.0	A
5717at6231	V	62190699.0	E
5718at6231	III	80211510.5	C
5739at6231	II	49950097.0	B
5740at6231	I	12496758.5	A
5741at6231	scaffold_371	15061.0	C
5748at6231	V	38655209.5	N
5750at6231	II	27574704.5	B
5754at6231	X	40319926.0	N
5755at6231	X	90378308.0	N
5761at6231	I	32163182.0	A
5770at6231	I	57735222.0	A
5771at6231	V	24916778.0	E
5773at6231	I	42458430.0	A
5779at6231	II	60356148.0	B
5785at6231	I	20684622.0	A
5789at6231	I	84242094.0	A
5799at6231	V	22555810.0	E
5800at6231	I	100379426.5	A
5811at6231	I	99586843.5	A
5822at6231	II	84283264.0	B
5834at6231	III	55468298.0	C
5839at6231	II	23550060.5	B
5856at6231	IV	112937633.5	D
5858at6231	I	83192614.5	N
5862at6231	II	79063611.0	B
5864at6231	I	101434082.0	A
5868at6231	I	53094120.0	A
5869at6231	IV	55450683.5	D
5872at6231	X	8022265.0	N
5875at6231	V	51363464.0	E
5888at6231	III	12071177.0	C
5891at6231	III	99560934.0	C
5892at6231	II	1721238.5	B
5895at6231	I	51726676.0	A
5900at6231	I	65356126.5	A
5909at6231	IV	11884008.5	N
5916at6231	III	83708646.0	C
5919at6231	II	34317382.5	B
5925at6231	I	11857102.0	A
5928at6231	II	90252554.0	B
5930at6231	II	41729835.5	B
5945at6231	III	97044882.5	C
5947at6231	II	67441316.5	B
5952at6231	I	67789232.5	A
5957at6231	I	73801988.5	A
5962at6231	III	80138547.0	C
5965at6231	II	75078716.0	B
5974at6231	X	42739563.5	N
5979at6231	II	6192589.5	B
5988at6231	X	84493319.5	X
5996at6231	V	35166739.0	E
5997at6231	III	89156098.0	N
6021at6231	II	54095250.5	B
6022at6231	III	43834764.0	C
6023at6231	I	83510446.5	A
6028at6231	III	82003233.0	C
6031at6231	III	20253765.5	C
6041at6231	I	100045128.5	A
6046at6231	IV	66331014.5	D
6065at6231	I	50421078.5	A
6080at6231	III	72549904.0	C
6081at6231	V	82493982.0	E
6102at6231	II	102823236.0	X
6111at6231	I	76068750.0	A
6115at6231	II	45747451.5	B
6122at6231	III	77524840.0	C
6127at6231	X	81251216.5	N
6132at6231	IV	88177406.5	D
6137at6231	II	70644145.5	B
6138at6231	I	96000791.0	A
6148at6231	IV	94462299.5	D
6167at6231	I	47728524.5	A
6172at6231	III	91788643.0	C
6176at6231	IV	76124470.5	D
6186at6231	III	81722702.0	C
6192at6231	IV	35004256.0	D
6193at6231	I	27185829.0	A
6195at6231	IV	94268010.0	D
6197at6231	X	37829581.5	X
6207at6231	I	4986176.0	A
6214at6231	I	12006068.5	A
6218at6231	X	78377224.0	N
6234at6231	V	43881947.5	E
6240at6231	I	90199521.5	A
6246at6231	I	47335431.5	A
6250at6231	II	96558659.5	B
6265at6231	V	67021222.5	E
6268at6231	IV	73422355.0	D
6269at6231	III	43335795.5	C
6300at6231	X	74688475.0	N
6302at6231	V	104874602.0	E
6309at6231	III	109843243.5	C
6310at6231	III	110200910.5	C
6311at6231	II	32625493.5	B
6318at6231	III	17846001.5	C
6328at6231	II	335045.5	B
6333at6231	X	74634928.0	N
6340at6231	III	44726103.5	C
6348at6231	II	10197055.5	N
6350at6231	I	49597063.0	A
6360at6231	I	80585145.5	A
6366at6231	III	94892840.5	C
6374at6231	IV	23427270.5	D
6379at6231	II	15322777.0	B
6402at6231	III	30978517.5	C
6423at6231	V	78189308.0	E
6427at6231	II	70243779.5	B
6440at6231	I	9677851.0	A
6448at6231	II	111962841.5	B
6451at6231	II	7210927.0	B
6462at6231	III	36764387.0	C
6479at6231	IV	102968245.0	N
6487at6231	II	12175409.0	B
6496at6231	I	58847779.0	A
6514at6231	V	105511333.5	E
6538at6231	III	6208093.5	C
6553at6231	III	59799311.5	C
6557at6231	II	88854205.0	B
6566at6231	III	68252942.5	C
6571at6231	III	64277725.0	C
6590at6231	I	665723.5	A
6594at6231	X	26419100.5	N
6597at6231	I	14582421.5	A
6599at6231	III	71086736.0	C
6600at6231	III	60690411.0	C
6610at6231	III	1238071.0	C
6614at6231	II	54460641.0	B
6628at6231	III	93015712.0	C
6630at6231	V	16544579.0	E
6635at6231	IV	72509788.5	D
6636at6231	II	94690258.5	B
6642at6231	I	9380654.0	A
6649at6231	IV	43360358.0	B
6652at6231	II	15414895.0	B
6663at6231	I	15176462.5	A
6666at6231	I	86888247.5	A
6671at6231	IV	28101938.5	D
6673at6231	I	496933.5	A
6678at6231	I	62828954.5	A
6679at6231	III	105550737.5	C
6686at6231	I	84667300.0	A
6703at6231	I	101766279.0	A
6704at6231	IV	61068185.5	D
6706at6231	II	104671289.5	A
6707at6231	III	6459523.0	C
6709at6231	II	20864060.5	B
6716at6231	V	72831910.0	E
6725at6231	V	83718327.0	E
6740at6231	IV	114217306.5	D
6745at6231	V	81185005.5	E
6752at6231	II	57730830.5	B
6756at6231	IV	50554205.5	D
6757at6231	V	8220035.0	E
6764at6231	III	100985927.5	C
6772at6231	III	31542001.5	C
6778at6231	II	3720085.5	B
6794at6231	III	13494095.0	C
6812at6231	V	37059480.5	E
6816at6231	X	67414130.0	N
6827at6231	I	37211144.0	A
6830at6231	III	34323654.5	C
6833at6231	V	46469756.0	E
6846at6231	V	28990465.5	E
6848at6231	III	37713910.0	C
6857at6231	IV	58226398.0	D
6860at6231	III	12143219.5	C
6875at6231	I	22976436.0	A
6876at6231	IV	1815654.5	D
6877at6231	III	90694397.5	C
6879at6231	X	62822999.0	N
6880at6231	I	46679044.5	A
6886at6231	V	48743995.0	E
6896at6231	III	68549450.5	C
6898at6231	II	47361661.0	B
6907at6231	V	27911973.5	E
6910at6231	II	54161306.5	B
6914at6231	IV	114179452.0	D
6917at6231	II	111491805.0	B
6919at6231	II	11422122.5	B
6921at6231	X	79471233.5	N
6924at6231	X	82702656.5	N
6935at6231	II	62355818.0	B
6937at6231	I	11886166.5	A
6941at6231	III	82476093.5	C
6943at6231	II	34298312.0	D
6945at6231	X	76099150.5	N
6946at6231	I	595665.5	A
6947at6231	I	83917104.0	A
6949at6231	III	47639317.5	C
6960at6231	IV	24132000.5	D
6967at6231	III	94673146.5	C
6977at6231	I	88315277.5	A
6979at6231	V	66959290.5	N
6984at6231	III	52880080.0	C
6989at6231	III	18299044.0	C
6991at6231	I	102304036.5	A
6997at6231	V	41125737.5	E
6998at6231	II	70140241.5	B
7002at6231	I	1292366.0	A
7003at6231	I	52623810.5	N
7005at6231	I	20827122.5	A
7007at6231	I	32767809.5	A
7008at6231	III	84862368.5	C
7009at6231	I	51943358.5	A
7010at6231	II	402739.0	B
7012at6231	II	7031905.5	B
7020at6231	II	49562713.5	B
7026at6231	II	41173162.5	B
7029at6231	IV	68143333.5	D
7045at6231	III	70218133.5	C
7063at6231	III	69757833.5	C
7068at6231	I	84126403.5	A
7071at6231	II	75419860.0	B
7076at6231	V	33746933.5	E
7082at6231	III	93648885.0	C
7086at6231	IV	34955318.0	D
7088at6231	II	11273120.5	B
7089at6231	I	65371156.0	A
7094at6231	X	81173615.5	N
7109at6231	II	63069992.5	B
7110at6231	X	16981013.5	N
7114at6231	III	93173240.5	C
7116at6231	V	100939785.0	E
7119at6231	I	71056613.0	A
7123at6231	I	69405109.0	A
7130at6231	IV	68945652.5	D
7146at6231	I	38960343.5	A
7157at6231	I	9638737.0	A
7161at6231	V	32543721.5	E
7169at6231	III	42480185.5	C
7170at6231	V	4874576.0	E
7172at6231	I	13071518.5	A
7175at6231	III	66758540.5	C
7182at6231	V	100922658.5	E
7183at6231	II	68462556.5	B
7187at6231	X	88367633.0	X
7196at6231	V	12047556.5	E
7197at6231	I	100388929.5	A
7201at6231	X	17075793.0	N
7202at6231	IV	109811250.5	D
7210at6231	II	103981264.0	B
7216at6231	III	67669651.0	C
7225at6231	III	99363528.5	C
7232at6231	I	18073574.5	A
7234at6231	III	86362614.5	C
7250at6231	X	58152618.0	N
7260at6231	I	94585819.0	A
7264at6231	IV	69570322.0	D
7265at6231	III	71027340.0	C
7266at6231	III	12808344.5	C
7275at6231	II	33983949.5	B
7278at6231	I	88295548.0	A
7279at6231	X	26626467.5	N
7280at6231	I	99501268.0	A
7281at6231	I	69828581.5	A
7286at6231	III	7019105.5	C
7288at6231	I	92590095.0	A
7289at6231	II	9800309.5	B
7292at6231	I	95298727.5	A
7293at6231	III	32818811.0	C
7299at6231	I	10106705.5	A
7301at6231	V	101595643.5	E
7305at6231	I	99399343.5	A
7311at6231	II	95627266.0	B
7319at6231	I	92045387.5	A
7322at6231	III	98706366.5	C
7325at6231	X	51182168.0	X
7327at6231	IV	114378119.5	N
7330at6231	III	95537336.5	C
7340at6231	V	53028009.5	E
7345at6231	I	91805599.0	A
7351at6231	I	85383369.5	A
7352at6231	I	9547310.5	A
7363at6231	III	38158703.5	C
7367at6231	I	88077240.0	A
7384at6231	II	109334759.5	B
7402at6231	V	62195300.0	E
7416at6231	I	22256352.0	A
7422at6231	III	69499102.5	C
7423at6231	X	76949859.5	X
7430at6231	I	54941944.5	A
7469at6231	II	12836548.0	B
7473at6231	II	16771867.0	B
7474at6231	V	24308979.5	E
7476at6231	I	65458466.5	A
7480at6231	II	5935575.0	B
7481at6231	X	82970541.0	N
7490at6231	III	28476643.0	C
7500at6231	IV	26004243.5	D
7519at6231	V	20503310.0	E
7520at6231	IV	33433511.5	D
7521at6231	III	101707288.5	C
7524at6231	II	21790435.0	B
7525at6231	I	9135010.0	A
7526at6231	IV	107515165.5	D
7528at6231	I	99046520.5	A
7540at6231	V	76236777.5	E
7546at6231	I	54899307.0	A
7560at6231	IV	61772306.5	D
7561at6231	V	22611025.5	E
7565at6231	III	5718577.5	C
7571at6231	III	104025432.5	C
7573at6231	I	95860084.0	A
7579at6231	I	100406053.5	A
7586at6231	X	62165068.5	N
7626at6231	I	45786637.0	A
7627at6231	I	63862490.5	A
7628at6231	II	61403117.0	B
7633at6231	scaffold_139	40790.0	N
7637at6231	II	97200503.5	B
7662at6231	IV	5463056.0	D
7663at6231	I	6839299.0	A
7664at6231	IV	87863693.0	D
7665at6231	IV	89046054.5	D
7669at6231	III	88108032.0	C
7670at6231	III	98457573.5	N
7672at6231	IV	100381900.0	D
7675at6231	II	65688550.5	B
7678at6231	III	57277875.0	C
7696at6231	IV	84827944.5	D
7697at6231	III	61488544.0	C
7698at6231	IV	85929983.0	D
7702at6231	II	78348337.0	B
7703at6231	III	11215532.0	C
7707at6231	I	49737247.5	A
7713at6231	V	87825446.5	E
7716at6231	III	6109191.0	C
7720at6231	III	109421043.0	C
7738at6231	I	14973795.5	A
7743at6231	III	26674719.5	C
7746at6231	V	45394953.5	E
7764at6231	III	17461357.0	C
7772at6231	I	32759674.5	A
7788at6231	I	37136862.5	A
7800at6231	IV	43392496.5	B
7806at6231	II	106348651.5	B
7810at6231	V	89973878.5	E
7814at6231	I	69051398.0	A
7824at6231	II	88940587.5	B
7825at6231	II	70154623.0	B
7830at6231	IV	74185506.5	N
7839at6231	II	67357924.5	B
7847at6231	X	25756748.0	X
7849at6231	I	5946994.0	A
7851at6231	I	44587360.5	A
7866at6231	I	14648350.0	A
7885at6231	III	36822270.0	C
7895at6231	IV	113848888.0	D
7900at6231	III	31548126.0	C
7913at6231	III	88113729.5	C
7921at6231	III	101702121.5	C
7927at6231	III	34270331.0	C
7943at6231	I	46027550.0	A
7954at6231	III	3275791.0	C
7955at6231	II	25134763.5	B
7961at6231	II	101882812.0	B
7970at6231	III	20775882.0	X
7975at6231	IV	59148129.5	D
7984at6231	II	98377959.0	B
7987at6231	II	83858687.5	B
7991at6231	III	59299515.5	C
7992at6231	IV	61712664.0	D
7993at6231	II	50583883.0	B
8005at6231	II	17875123.0	A
8006at6231	V	88572351.5	E
8007at6231	X	19599522.0	N
8009at6231	III	78490608.5	C
8019at6231	III	6229652.5	C
8021at6231	III	87956500.0	C
8025at6231	II	101852774.0	B
8033at6231	V	88803662.0	E
8036at6231	I	50705903.5	A
8040at6231	I	2761953.0	A
8052at6231	III	82545560.5	C
8055at6231	I	39589524.0	A
8061at6231	I	21009680.0	A
8063at6231	III	68887555.5	C
8068at6231	II	95911148.5	B
8072at6231	II	110727902.0	B
8073at6231	IV	78975334.5	D
8081at6231	II	76619087.0	B
8086at6231	X	16677820.5	X
8088at6231	I	1471567.0	A
8090at6231	X	70111801.0	N
8093at6231	II	38601876.5	B
8094at6231	I	20994202.0	A
8110at6231	V	100105161.5	E
8116at6231	II	66079622.5	B
8117at6231	V	20771097.5	E
8124at6231	II	80349127.5	B
8130at6231	III	10731182.0	C
8131at6231	III	37940350.0	C
8134at6231	III	63223976.5	C
8146at6231	V	106091284.0	E
8153at6231	III	28367002.0	C
8183at6231	V	75417227.0	E
8184at6231	I	52685785.5	C
8190at6231	II	78339705.0	B
8194at6231	I	24591802.5	A
8195at6231	I	4091645.5	A
8219at6231	I	23027475.0	N
8228at6231	III	57011541.0	C
8229at6231	III	13938342.0	C
8231at6231	I	26436516.5	A
8238at6231	III	66965444.0	N
8242at6231	III	68270945.5	C
8246at6231	III	85730910.5	C
8249at6231	III	74836711.0	C
8250at6231	IV	84883473.0	D
8258at6231	V	74114458.5	E
8273at6231	III	16131346.5	C
8275at6231	IV	24745387.0	D
8282at6231	X	76156752.5	N
8283at6231	I	17067928.5	A
8295at6231	II	101899492.5	B
8300at6231	IV	89675749.0	D
8304at6231	X	21175831.0	N
8309at6231	X	91658790.0	N
8312at6231	II	6491103.0	B
8316at6231	IV	33382651.5	D
8326at6231	V	69540490.5	E
8328at6231	I	71906850.0	A
8337at6231	III	17532449.5	C
8340at6231	IV	64129853.0	D
8342at6231	I	72719918.0	A
8344at6231	IV	77948325.5	D
8348at6231	II	9124597.5	B
8361at6231	IV	93307176.0	D
8379at6231	III	101959490.5	C
8395at6231	III	99573371.0	C
8417at6231	I	52144760.5	A
8446at6231	I	83631178.0	A
8447at6231	III	46109409.5	C
8448at6231	I	71751283.5	A
8450at6231	IV	2615883.0	D
8452at6231	IV	113054113.5	D
8453at6231	IV	113875369.0	D
8457at6231	III	95459707.0	C
8471at6231	III	61763987.0	C
8473at6231	IV	33304106.5	B
8482at6231	I	39608695.5	A
8486at6231	II	97157228.0	B
8492at6231	II	9617376.5	B
8494at6231	X	87326389.5	X
8502at6231	II	63432032.5	B
8505at6231	I	40490534.5	A
8506at6231	I	17426182.5	A
8508at6231	X	9700837.0	X
8511at6231	IV	66234297.0	D
8517at6231	III	78247239.5	C
8518at6231	V	66820203.0	E
8519at6231	III	26089585.5	C
8522at6231	III	60682081.5	C
8556at6231	II	102043999.0	B
8560at6231	I	95920945.0	A
8561at6231	V	53142644.5	E
8565at6231	III	61055101.0	N
8569at6231	II	10944612.5	N
8579at6231	III	50624860.5	C
8588at6231	IV	35657887.0	D
8595at6231	III	40857728.0	C
8602at6231	V	41431871.0	E
8603at6231	I	58949706.0	A
8615at6231	I	25680120.5	N
8618at6231	V	105173624.0	B
8619at6231	IV	82083011.0	D
8622at6231	III	35702580.0	C
8639at6231	II	21447904.5	B
8643at6231	V	106203168.5	E
8647at6231	X	20623222.0	N
8664at6231	X	85484694.5	X
8669at6231	III	2713870.5	C
8679at6231	V	76052215.0	E
8687at6231	II	77522085.5	B
8691at6231	I	66857062.5	A
8700at6231	I	6684519.0	A
8712at6231	I	14073965.0	A
8714at6231	III	48546318.0	C
8732at6231	II	86257169.0	N
8737at6231	V	64603201.0	E
8746at6231	V	87186869.0	E
8749at6231	I	102265005.5	A
8750at6231	IV	75520273.5	D
8767at6231	IV	47217306.5	D
8776at6231	I	56415625.5	A
8780at6231	I	17811095.0	A
8781at6231	II	102313925.5	B
8796at6231	IV	34962970.0	D
8817at6231	III	54132018.0	C
8827at6231	IV	55487215.0	D
8834at6231	I	539785.5	A
8837at6231	I	96651533.5	A
8842at6231	III	32398653.5	N
8856at6231	V	73488418.0	E
8862at6231	I	4476753.0	A
8869at6231	II	76691976.5	B
8878at6231	III	110577483.0	C
8879at6231	V	94531499.5	E
8888at6231	V	66939322.0	E
8889at6231	II	23387679.0	B
8902at6231	X	79532370.0	N
8911at6231	IV	1074063.5	D
8914at6231	I	16667738.5	A
8918at6231	IV	30066381.0	D
8926at6231	II	88007036.5	B
8934at6231	III	62110037.0	C
8949at6231	I	86897408.5	A
8958at6231	II	77732316.5	B
8969at6231	II	111746309.5	B
8983at6231	II	41923432.5	B
9000at6231	II	74036975.5	B
9014at6231	I	73112350.5	A
9039at6231	X	12999325.5	N
9042at6231	IV	64765128.5	D
9048at6231	II	2674695.0	B
9049at6231	III	78877054.5	C
9051at6231	IV	2263697.5	D
9055at6231	X	1181963.5	X
9059at6231	X	26232101.5	N
9072at6231	IV	110508073.0	D
9077at6231	III	30263682.5	C
9081at6231	I	45645363.0	A
9082at6231	II	22775638.0	B
9092at6231	I	10433782.0	A
9098at6231	III	41092627.0	C
9099at6231	V	59806792.0	E
9120at6231	I	49520622.0	A
9163at6231	II	76083807.0	B
9164at6231	III	91255045.5	C
9166at6231	III	95193075.0	C
9192at6231	X	27851254.5	N
9213at6231	III	18241148.5	C
9221at6231	IV	110384054.5	D
9229at6231	III	6284160.5	A
9243at6231	III	109624465.0	C
9244at6231	III	100415208.5	C
9253at6231	III	80678319.5	C
9262at6231	I	42386399.0	A
9264at6231	II	83882994.0	B
9270at6231	IV	82464052.0	D
9275at6231	IV	2635873.5	D
9277at6231	X	22145659.0	X
9287at6231	III	11908548.0	C
9299at6231	V	32416374.0	E
9300at6231	V	81469858.5	E
9313at6231	V	82438248.5	E
9321at6231	II	88770600.5	B
9327at6231	X	59490995.5	N
9332at6231	III	24936583.0	C
9333at6231	I	95413503.5	A
9343at6231	I	62845588.5	A
9344at6231	II	89172048.5	B
9367at6231	I	606728.5	A
9386at6231	I	62966456.0	A
9387at6231	V	87364741.0	B
9390at6231	II	599708.0	N
9393at6231	IV	86978690.5	N
9403at6231	III	1244750.5	C
9411at6231	II	77892257.5	B
9440at6231	I	91376225.0	A
9441at6231	III	90977502.5	C
9443at6231	III	16350195.0	C
9448at6231	II	1492109.0	N
9451at6231	III	50400010.0	C
9453at6231	IV	49200521.0	D
9466at6231	IV	5724533.5	D
9467at6231	X	15980361.0	N
9478at6231	V	46383060.0	E
9491at6231	I	7663784.0	A
9499at6231	V	88929030.0	E
9500at6231	V	88453751.5	E
9504at6231	III	101406713.0	C
9512at6231	III	82725821.0	C
9515at6231	III	60268819.0	C
9516at6231	II	76624074.0	B
9526at6231	I	35351507.5	A
9547at6231	V	7266218.5	E
9557at6231	III	54142124.5	N
9563at6231	III	22003722.5	C
9564at6231	I	47356105.5	A
9574at6231	III	41377182.5	C
9579at6231	II	105702383.5	B
9588at6231	II	109710352.5	N
9611at6231	III	17602431.0	C
9615at6231	I	100255233.5	A
9618at6231	III	24921347.0	C
9630at6231	I	810425.0	A
9639at6231	I	65838940.5	A
9649at6231	III	54161036.0	C
9669at6231	IV	93245953.5	D
9671at6231	V	15870620.0	E
9672at6231	IV	106004765.0	D
9681at6231	I	99028480.5	A
9682at6231	III	101877913.5	C
9714at6231	I	54926369.5	A
9719at6231	I	6823817.0	A
9774at6231	V	97878640.5	E
9792at6231	III	76940196.0	C
9802at6231	IV	109896868.5	D
9816at6231	V	104086972.5	E
9840at6231	II	575458.0	X
9847at6231	III	15161354.5	C
9899at6231	II	70157104.0	B
9903at6231	IV	31725162.5	D
9915at6231	II	22598174.5	B
9936at6231	IV	50532620.0	D
9937at6231	IV	102913600.0	D
9940at6231	X	83688977.5	N
9946at6231	II	84296072.5	B
9954at6231	IV	87031747.5	D
9959at6231	V	29879299.5	E
9968at6231	III	24947304.5	C
9986at6231	III	97113298.0	C
9987at6231	II	35559360.5	B
9999at6231	III	72127049.0	C
10010at6231	II	41279666.5	B
10018at6231	I	82841864.0	A
10032at6231	III	44435694.5	N
10063at6231	III	75405295.5	C
10084at6231	II	42277776.0	B
10099at6231	II	41774095.0	B
10100at6231	X	60675387.0	N
10117at6231	II	103458676.5	B
10127at6231	I	63080239.5	A
10128at6231	IV	74745250.5	D
10139at6231	III	90484724.0	C
10152at6231	I	46971231.0	A
10161at6231	III	71244164.0	C
10165at6231	V	106086287.5	E
10177at6231	V	36972404.0	N
10190at6231	II	8016739.0	B
10222at6231	I	11837102.0	A
10271at6231	I	11612627.0	A
10278at6231	III	33388090.0	C
10289at6231	I	71758579.5	A
10313at6231	X	90518083.5	N
10321at6231	III	57701328.0	C
10340at6231	X	68729235.0	N
10344at6231	III	81191670.0	C
10353at6231	I	6239217.5	A
10354at6231	I	99487979.0	A
10356at6231	IV	74769289.0	D
10373at6231	IV	589830.5	D
10388at6231	III	71196432.0	C
10389at6231	V	101695208.5	E
10441at6231	I	62541456.5	A
10449at6231	II	50047741.5	B
10461at6231	II	97679362.0	B
10463at6231	I	91025772.0	A
10464at6231	III	75636920.5	C
10466at6231	III	109969963.0	C
10473at6231	X	77556169.0	N
10521at6231	X	17176286.5	X
10532at6231	I	25119939.0	A
10562at6231	III	55553570.0	C
10584at6231	III	25589733.5	C
10625at6231	IV	89498605.0	D
10627at6231	IV	110651902.5	D
10631at6231	I	9395265.5	A
10640at6231	I	42359406.5	A
10661at6231	I	78642118.0	A
10678at6231	II	22550571.5	B
10705at6231	III	76903861.0	C
10708at6231	V	23889482.5	E
10709at6231	V	34916060.5	E
10710at6231	IV	101672510.0	D
10717at6231	II	111678736.5	B
10732at6231	V	16307679.0	E
10750at6231	II	103034800.0	B
10769at6231	IV	95457606.0	D
10791at6231	I	42581879.5	A
10803at6231	III	43734206.0	C
10827at6231	I	31145324.0	A
10848at6231	I	32169703.5	A
10897at6231	II	75045312.0	B
10928at6231	I	94765697.5	A
10935at6231	III	103530132.0	C
10953at6231	I	84342456.0	A
10961at6231	II	79255888.0	B
11021at6231	V	24965400.0	E
11034at6231	V	54677914.0	E
11036at6231	III	1869791.5	C
11046at6231	I	45777099.5	A
11066at6231	I	45570586.0	A
11082at6231	III	105527535.5	C
11111at6231	III	81829328.0	C
11124at6231	IV	77028536.0	D
11173at6231	I	51747953.5	A
11178at6231	I	90829051.5	A
11179at6231	III	80292343.5	C
11187at6231	V	83396623.0	E
11189at6231	V	41107018.0	E
11192at6231	III	97423318.5	C
11201at6231	II	77593218.5	B
11227at6231	I	29557086.5	A
11267at6231	V	20157273.5	E
11289at6231	X	24725045.0	X
11295at6231	I	38917436.5	A
11301at6231	X	10629520.0	N
11307at6231	V	44457847.5	E
11327at6231	III	109975391.0	C
11344at6231	II	16780221.0	B
11363at6231	I	94718712.0	A
11367at6231	X	91331833.5	N
11372at6231	I	36057196.5	A
11382at6231	II	89311844.0	N
11385at6231	I	34776075.5	A
11440at6231	III	103310440.0	C
11490at6231	I	76156669.0	A
